-- phpMyAdmin SQL Dump
-- version 4.1.14
-- http://www.phpmyadmin.net
--
-- Host: 127.0.0.1
-- Generation Time: Aug 21, 2016 at 10:31 PM
-- Server version: 5.6.17
-- PHP Version: 5.5.12

SET SQL_MODE = "NO_AUTO_VALUE_ON_ZERO";
SET time_zone = "+00:00";


/*!40101 SET @OLD_CHARACTER_SET_CLIENT=@@CHARACTER_SET_CLIENT */;
/*!40101 SET @OLD_CHARACTER_SET_RESULTS=@@CHARACTER_SET_RESULTS */;
/*!40101 SET @OLD_COLLATION_CONNECTION=@@COLLATION_CONNECTION */;
/*!40101 SET NAMES utf8 */;

--
-- Database: `scouting2016`
--

-- --------------------------------------------------------

--
-- Table structure for table `competitions`
--

CREATE TABLE IF NOT EXISTS `competitions` (
  `id` int(11) NOT NULL AUTO_INCREMENT,
  `name` varchar(100) NOT NULL,
  `current` tinyint(1) NOT NULL DEFAULT '0',
  `leftSideAlliance` enum('red','blue') NOT NULL,
  PRIMARY KEY (`id`)
) ENGINE=InnoDB  DEFAULT CHARSET=latin1 AUTO_INCREMENT=3 ;

--
-- Dumping data for table `competitions`
--

INSERT INTO `competitions` (`id`, `name`, `current`, `leftSideAlliance`) VALUES
(1, 'Central Illinois Regional', 0, 'blue'),
(2, 'Midwest Regional', 1, 'red');

-- --------------------------------------------------------

--
-- Table structure for table `defenses`
--

CREATE TABLE IF NOT EXISTS `defenses` (
  `id` int(11) NOT NULL AUTO_INCREMENT,
  `name` varchar(100) NOT NULL,
  `category` varchar(5) NOT NULL,
  `img` varchar(200) NOT NULL,
  PRIMARY KEY (`id`)
) ENGINE=InnoDB  DEFAULT CHARSET=latin1 AUTO_INCREMENT=10 ;

--
-- Dumping data for table `defenses`
--

INSERT INTO `defenses` (`id`, `name`, `category`, `img`) VALUES
(1, 'Portcullis', 'A', 'portcullis.jpg'),
(2, 'Cheval de Frise', 'A', 'chivaldefrise.jpg'),
(3, 'Moat', 'B', 'moat.jpg'),
(4, 'Ramparts', 'B', 'ramparts.jpg'),
(5, 'Drawbridge', 'C', 'drawbridge.jpg'),
(6, 'Sally Port', 'C', 'sallyport.jpg'),
(7, 'Rock Wall', 'D', 'rockwall.jpg'),
(8, 'Rough Terrain', 'D', 'roughterrain.jpg'),
(9, 'Low Bar', '', 'lowbar.jpg');

-- --------------------------------------------------------

--
-- Table structure for table `devices`
--

CREATE TABLE IF NOT EXISTS `devices` (
  `deviceID` varchar(7) NOT NULL,
  PRIMARY KEY (`deviceID`)
) ENGINE=InnoDB DEFAULT CHARSET=latin1;

--
-- Dumping data for table `devices`
--

INSERT INTO `devices` (`deviceID`) VALUES
('9xEkNl'),
('aeis6e'),
('aI1Q4R'),
('BEhYYb'),
('d8UxOU'),
('DoWG4r'),
('Ezv2E5'),
('GfRiLj'),
('gJWEz2'),
('Gsenvh'),
('hZIHOT'),
('j8JFUM'),
('lVIuDL'),
('lxHmaj'),
('Ml1Q6e'),
('oo2xiI'),
('pfKhDz'),
('q8Epk3'),
('qfrl5f'),
('qoMTbl'),
('Sxxni4'),
('tkIvJo'),
('U09KLW'),
('vGYNit'),
('VyIXgW'),
('WfoOzB'),
('wliMtL'),
('wusL24'),
('Y0BAgc'),
('ZklxHm'),
('zy19sp');

-- --------------------------------------------------------

--
-- Table structure for table `matchbreaches`
--

CREATE TABLE IF NOT EXISTS `matchbreaches` (
  `id` int(11) NOT NULL AUTO_INCREMENT,
  `teamMatchID` int(11) NOT NULL,
  `orderID` int(11) NOT NULL,
  `mode` enum('tele','auto') NOT NULL,
  `startZone` int(11) NOT NULL,
  `defenseID` int(11) NOT NULL,
  `endZone` int(11) DEFAULT NULL,
  `fail` tinyint(1) NOT NULL,
  PRIMARY KEY (`id`),
  KEY `teamMatchID` (`teamMatchID`),
  KEY `defenseID` (`defenseID`),
  KEY `startZone` (`startZone`),
  KEY `endZone` (`endZone`)
) ENGINE=InnoDB  DEFAULT CHARSET=latin1 AUTO_INCREMENT=4647 ;

--
-- Dumping data for table `matchbreaches`
--

INSERT INTO `matchbreaches` (`id`, `teamMatchID`, `orderID`, `mode`, `startZone`, `defenseID`, `endZone`, `fail`) VALUES
(1, 1, 7, 'tele', 1, 9, 7, 0),
(2, 1, 6, 'tele', 7, 9, 1, 0),
(3, 1, 4, 'tele', 1, 4, 7, 0),
(4, 1, 3, 'tele', 7, 4, 1, 0),
(5, 1, 2, 'tele', 1, 4, 7, 0),
(6, 1, 1, 'tele', 7, 4, 1, 0),
(7, 6, 4, 'tele', 7, 4, 4, 0),
(8, 6, 3, 'tele', 4, 4, 7, 0),
(9, 6, 1, 'tele', 7, 4, 4, 0),
(10, 3, 4, 'auto', 7, 8, 1, 0),
(11, 3, 3, 'tele', 7, 8, 1, 0),
(12, 3, 2, 'tele', 1, 8, 7, 0),
(13, 3, 1, 'tele', 1, 8, 7, 0),
(14, 4, 2, 'tele', 4, 7, 4, 0),
(15, 5, 9, 'auto', 7, 7, 4, 0),
(16, 5, 8, 'tele', 7, 1, 4, 0),
(17, 5, 6, 'tele', 4, 6, 7, 0),
(18, 5, 4, 'tele', 7, 1, 4, 0),
(19, 5, 3, 'tele', 7, 7, 7, 0),
(20, 5, 2, 'tele', 4, 6, 7, 0),
(21, 11, 6, 'tele', 7, 7, 4, 0),
(22, 11, 5, 'tele', 7, 7, NULL, 1),
(23, 11, 4, 'tele', 4, 7, 7, 0),
(24, 11, 3, 'tele', 7, 7, 4, 0),
(25, 11, 2, 'tele', 4, 6, 7, 0),
(26, 11, 1, 'tele', 7, 4, 4, 0),
(27, 12, 6, 'auto', 7, 9, 4, 0),
(28, 12, 5, 'tele', 7, 2, NULL, 1),
(29, 12, 4, 'tele', 4, 9, 7, 0),
(30, 9, 8, 'tele', 7, 7, 1, 0),
(31, 9, 7, 'tele', 7, 7, 7, 0),
(32, 9, 6, 'tele', 1, 7, 7, 0),
(33, 9, 5, 'tele', 1, 7, 1, 0),
(34, 9, 4, 'tele', 7, 7, 1, 0),
(35, 9, 3, 'tele', 1, 7, 7, 0),
(36, 9, 1, 'tele', 7, 5, 1, 0),
(37, 7, 15, 'auto', 1, 9, 7, 0),
(38, 7, 14, 'auto', 7, 9, 1, 0),
(39, 7, 13, 'tele', 7, 9, 1, 0),
(40, 7, 11, 'tele', 7, 9, 7, 0),
(41, 7, 9, 'tele', 1, 9, 7, 0),
(42, 7, 7, 'tele', 7, 9, 1, 0),
(43, 7, 4, 'tele', 7, 9, 1, 0),
(44, 7, 1, 'tele', 7, 5, 1, 0),
(45, 10, 8, 'tele', 7, 9, 4, 0),
(46, 10, 6, 'tele', 4, 6, 7, 0),
(47, 10, 4, 'tele', 7, 4, 4, 0),
(48, 10, 2, 'tele', 4, 6, 7, 0),
(49, 8, 12, 'auto', 7, 4, NULL, 1),
(50, 8, 7, 'tele', 7, 4, 1, 0),
(51, 8, 6, 'tele', 1, 4, 7, 0),
(52, 8, 1, 'tele', 7, 5, 1, 0),
(53, 15, 2, 'tele', 7, 7, NULL, 1),
(54, 15, 1, 'tele', 7, 4, 7, 0),
(55, 18, 12, 'auto', 7, 7, 4, 0),
(56, 18, 11, 'tele', 7, 5, 4, 0),
(57, 18, 9, 'tele', 4, 9, 7, 0),
(58, 18, 8, 'tele', 7, 4, 4, 0),
(59, 18, 7, 'tele', 4, 9, 7, 0),
(60, 18, 6, 'tele', 7, 9, 4, 0),
(61, 18, 4, 'tele', 4, 7, 7, 0),
(62, 18, 3, 'tele', 7, 7, 4, 0),
(63, 18, 2, 'tele', 4, 7, 7, 0),
(64, 17, 9, 'auto', 7, 9, 4, 0),
(65, 16, 8, 'tele', 7, 4, 4, 0),
(66, 16, 7, 'tele', 4, 5, 7, 0),
(67, 16, 6, 'tele', 7, 4, 4, 0),
(68, 16, 4, 'tele', 4, 4, 7, 0),
(69, 16, 3, 'tele', 7, 1, 4, 0),
(70, 16, 2, 'tele', 4, 4, 7, 0),
(71, 16, 1, 'tele', 7, 1, 4, 0),
(72, 14, 7, 'auto', 7, 4, 7, 0),
(73, 14, 6, 'tele', 7, 5, 1, 0),
(74, 14, 5, 'tele', 1, 5, 7, 0),
(75, 14, 4, 'tele', 7, 4, 1, 0),
(76, 14, 3, 'tele', 1, 4, 7, 0),
(77, 13, 16, 'tele', 1, 7, 7, 0),
(78, 13, 13, 'tele', 7, 9, 1, 0),
(79, 13, 11, 'tele', 1, 9, 7, 0),
(80, 13, 7, 'tele', 7, 9, 1, 0),
(81, 13, 5, 'tele', 1, 9, 7, 0),
(82, 13, 2, 'tele', 7, 9, 1, 0),
(83, 13, 1, 'tele', 1, 9, 7, 0),
(84, 20, 13, 'auto', 7, 4, 1, 0),
(85, 20, 12, 'tele', 7, 9, 1, 0),
(86, 20, 11, 'tele', 1, 4, 7, 0),
(87, 20, 9, 'tele', 7, 4, 1, 0),
(88, 20, 7, 'tele', 1, 7, 7, 0),
(89, 20, 5, 'tele', 7, 7, 1, 0),
(90, 20, 3, 'tele', 1, 7, 7, 0),
(91, 20, 2, 'tele', 7, 4, 1, 0),
(92, 20, 1, 'tele', 1, 4, 7, 0),
(93, 21, 14, 'tele', 7, 9, 1, 0),
(94, 21, 13, 'tele', 1, 9, 7, 0),
(95, 21, 5, 'tele', 7, 9, 1, 0),
(96, 21, 3, 'tele', 1, 9, 7, 0),
(97, 21, 1, 'tele', 7, 9, 1, 0),
(98, 19, 15, 'auto', 7, 7, 1, 0),
(99, 19, 14, 'tele', 7, 2, 1, 0),
(100, 19, 12, 'tele', 1, 7, 7, 0),
(101, 19, 10, 'tele', 7, 4, 1, 0),
(102, 19, 8, 'tele', 1, 7, 7, 0),
(103, 19, 7, 'tele', 7, 2, 1, 0),
(104, 19, 6, 'tele', 1, 7, 7, 0),
(105, 19, 5, 'tele', 7, 2, 1, 0),
(106, 19, 3, 'tele', 1, 7, 7, 0),
(107, 19, 2, 'tele', 1, 7, 7, 0),
(108, 22, 5, 'tele', 7, 4, 4, 0),
(109, 22, 3, 'tele', 4, 4, 7, 0),
(110, 22, 1, 'tele', 7, 4, 4, 0),
(111, 23, 11, 'auto', 7, 7, 4, 0),
(112, 23, 10, 'tele', 4, 6, 7, 0),
(113, 23, 9, 'tele', 7, 7, 4, 0),
(114, 23, 8, 'tele', 4, 7, 7, 0),
(115, 23, 7, 'tele', 7, 9, 4, 0),
(116, 23, 6, 'tele', 4, 9, 7, 0),
(117, 23, 5, 'tele', 7, 2, 4, 0),
(118, 23, 4, 'tele', 4, 7, 7, 0),
(119, 23, 3, 'tele', 7, 2, 4, 0),
(120, 23, 2, 'tele', 4, 9, 7, 0),
(121, 24, 6, 'tele', 7, 7, 4, 0),
(122, 24, 5, 'tele', 4, 6, 7, 0),
(123, 24, 4, 'tele', 7, 6, 4, 0),
(124, 24, 2, 'tele', 4, 9, 7, 0),
(125, 24, 1, 'tele', 7, 9, 4, 0),
(126, 30, 3, 'tele', 7, 7, 4, 0),
(127, 30, 2, 'tele', 4, 4, 7, 0),
(128, 30, 1, 'tele', 7, 7, 4, 0),
(129, 29, 13, 'auto', 7, 9, 4, 0),
(130, 29, 11, 'tele', 7, 9, 4, 0),
(131, 29, 10, 'tele', 7, 9, NULL, 1),
(132, 29, 8, 'tele', 4, 9, 7, 0),
(133, 29, 6, 'tele', 7, 9, 4, 0),
(134, 29, 4, 'tele', 4, 9, 7, 0),
(135, 27, 7, 'tele', 7, 7, 1, 0),
(136, 27, 6, 'tele', 1, 7, 7, 0),
(137, 27, 5, 'tele', 7, 2, 1, 0),
(138, 27, 3, 'tele', 1, 2, 7, 0),
(139, 27, 1, 'tele', 7, 2, 1, 0),
(140, 28, 8, 'tele', 7, 4, 7, 0),
(141, 28, 7, 'tele', 4, 9, 7, 0),
(142, 28, 5, 'tele', 7, 2, 4, 0),
(143, 28, 3, 'tele', 4, 9, 7, 0),
(144, 28, 1, 'tele', 7, 2, 4, 0),
(145, 25, 11, 'auto', 7, 7, 1, 0),
(146, 25, 8, 'tele', 7, 4, 1, 0),
(147, 25, 3, 'tele', 1, 6, 7, 0),
(148, 25, 1, 'tele', 1, 6, 1, 0),
(149, 33, 11, 'tele', 7, 9, 1, 0),
(150, 33, 9, 'tele', 1, 9, 7, 0),
(151, 33, 6, 'tele', 7, 9, 1, 0),
(152, 33, 4, 'tele', 1, 9, 7, 0),
(153, 33, 1, 'tele', 7, 9, 1, 0),
(154, 36, 2, 'auto', 4, 4, NULL, 1),
(155, 36, 1, 'auto', 7, 2, 4, 0),
(156, 34, 3, 'tele', 7, 7, 4, 0),
(157, 34, 2, 'tele', 4, 7, 7, 0),
(158, 34, 1, 'tele', 7, 7, 4, 0),
(159, 35, 12, 'auto', 7, 4, NULL, 1),
(160, 35, 11, 'tele', 7, 7, NULL, 1),
(161, 35, 10, 'tele', 4, 9, 7, 0),
(162, 35, 6, 'tele', 7, 9, 4, 0),
(163, 35, 4, 'tele', 4, 9, 7, 0),
(164, 35, 3, 'tele', 7, 9, 4, 0),
(165, 35, 2, 'tele', 4, 9, 7, 0),
(166, 32, 15, 'auto', 7, 1, 1, 0),
(167, 32, 14, 'tele', 7, 7, 1, 0),
(168, 32, 13, 'tele', 1, 9, 7, 0),
(169, 32, 12, 'tele', 7, 7, 1, 0),
(170, 32, 10, 'tele', 1, 6, 7, 0),
(171, 32, 8, 'tele', 7, 4, 1, 0),
(172, 32, 6, 'tele', 1, 1, 7, 0),
(173, 32, 4, 'tele', 7, 1, 1, 0),
(174, 32, 2, 'tele', 1, 6, 7, 0),
(175, 31, 6, 'tele', 7, 4, 1, 0),
(176, 31, 5, 'tele', 7, 4, 7, 0),
(177, 31, 4, 'tele', 1, 6, 7, 0),
(178, 31, 2, 'tele', 7, 4, 1, 0),
(179, 31, 1, 'tele', 7, 7, 7, 0),
(180, 42, 4, 'auto', 7, 7, 4, 0),
(181, 42, 3, 'tele', 7, 7, 4, 0),
(182, 42, 1, 'tele', 4, 5, 7, 0),
(183, 40, 11, 'auto', 7, 9, NULL, 1),
(184, 40, 10, 'tele', 7, 4, 4, 0),
(185, 40, 9, 'tele', 7, 5, 7, 0),
(186, 40, 8, 'tele', 4, 4, 7, 0),
(187, 40, 4, 'tele', 7, 9, 4, 0),
(188, 40, 3, 'tele', 4, 9, 7, 0),
(189, 40, 2, 'tele', 7, 9, 4, 0),
(190, 40, 1, 'tele', 4, 9, 7, 0),
(191, 37, 11, 'tele', 7, 9, 1, 0),
(192, 37, 10, 'tele', 1, 9, 7, 0),
(193, 37, 9, 'tele', 7, 9, 1, 0),
(194, 37, 8, 'tele', 1, 5, 7, 0),
(195, 37, 7, 'tele', 7, 1, 1, 0),
(196, 37, 6, 'tele', 1, 9, 7, 0),
(197, 37, 5, 'tele', 7, 1, 1, 0),
(198, 37, 4, 'tele', 1, 5, 7, 0),
(199, 37, 3, 'tele', 7, 4, 1, 0),
(200, 37, 2, 'tele', 1, 5, 7, 0),
(201, 37, 1, 'tele', 7, 4, 1, 0),
(202, 41, 5, 'tele', 4, 9, 7, 0),
(203, 41, 3, 'tele', 4, 5, 7, 0),
(204, 41, 1, 'tele', 7, 4, 4, 0),
(205, 38, 11, 'tele', 1, 9, 1, 0),
(206, 38, 9, 'tele', 7, 9, 1, 0),
(207, 38, 7, 'tele', 1, 9, 7, 0),
(208, 38, 5, 'tele', 7, 8, 1, 0),
(209, 38, 3, 'tele', 1, 5, 7, 0),
(210, 38, 1, 'auto', 7, 8, 1, 0),
(211, 44, 8, 'tele', 7, 7, 1, 0),
(212, 44, 7, 'tele', 1, 7, 7, 0),
(213, 44, 5, 'tele', 7, 7, 1, 0),
(214, 44, 3, 'tele', 1, 7, 7, 0),
(215, 44, 1, 'tele', 7, 5, 1, 0),
(216, 43, 11, 'auto', 7, 9, 1, 0),
(217, 43, 9, 'tele', 7, 9, 1, 0),
(218, 43, 6, 'tele', 7, 9, 1, 0),
(219, 43, 4, 'tele', 1, 5, 7, 0),
(220, 43, 1, 'tele', 1, 5, 7, 0),
(221, 48, 15, 'auto', 7, 9, 4, 0),
(222, 48, 14, 'tele', 4, 3, 7, 0),
(223, 48, 13, 'tele', 7, 3, 4, 0),
(224, 48, 12, 'tele', 4, 3, 7, 0),
(225, 48, 10, 'tele', 7, 7, 4, 0),
(226, 48, 9, 'tele', 4, 7, 7, 0),
(227, 48, 7, 'tele', 7, 7, 4, 0),
(228, 48, 5, 'tele', 4, 3, 7, 0),
(229, 48, 4, 'tele', 4, 5, 4, 0),
(230, 48, 3, 'tele', 4, 5, 4, 0),
(231, 48, 2, 'tele', 4, 5, 4, 0),
(232, 45, 7, 'tele', 7, 7, 1, 0),
(233, 45, 6, 'tele', 7, 7, NULL, 1),
(234, 45, 4, 'tele', 7, 3, 1, 0),
(235, 45, 3, 'tele', 1, 3, 7, 0),
(236, 45, 2, 'tele', 7, 5, 1, 0),
(237, 51, 1, 'tele', 7, 7, 1, 0),
(238, 53, 9, 'auto', 7, 9, 4, 0),
(239, 53, 8, 'tele', 7, 2, 4, 0),
(240, 53, 7, 'tele', 4, 9, 7, 0),
(241, 53, 6, 'tele', 7, 4, 4, 0),
(242, 53, 5, 'tele', 4, 9, 7, 0),
(243, 53, 4, 'tele', 7, 4, 4, 0),
(244, 53, 3, 'tele', 4, 9, 7, 0),
(245, 53, 2, 'tele', 7, 9, 4, 0),
(246, 53, 1, 'tele', 4, 9, 7, 0),
(247, 49, 1, 'tele', 7, 3, 1, 0),
(248, 52, 6, 'tele', 7, 4, 4, 0),
(249, 52, 4, 'tele', 4, 4, 7, 0),
(250, 52, 2, 'tele', 7, 4, 4, 0),
(251, 52, 1, 'tele', 4, 4, 7, 0),
(252, 54, 5, 'tele', 7, 7, 4, 0),
(253, 54, 4, 'tele', 4, 7, 7, 0),
(254, 54, 3, 'tele', 4, 7, NULL, 1),
(255, 54, 2, 'tele', 4, 7, 4, 0),
(256, 54, 1, 'tele', 7, 2, 4, 0),
(257, 50, 20, 'tele', 7, 9, 1, 0),
(258, 50, 18, 'tele', 7, 7, 1, 0),
(259, 50, 17, 'tele', 7, 3, 1, 0),
(260, 50, 16, 'tele', 1, 7, 7, 0),
(261, 50, 15, 'tele', 7, 7, 1, 0),
(262, 50, 13, 'tele', 7, 2, 1, 0),
(263, 50, 11, 'tele', 1, 2, 7, 0),
(264, 50, 9, 'tele', 7, 2, 1, 0),
(265, 50, 7, 'tele', 1, 9, 7, 0),
(266, 50, 5, 'tele', 7, 2, 1, 0),
(267, 50, 3, 'tele', 1, 9, 7, 0),
(268, 50, 1, 'tele', 7, 2, 1, 0),
(269, 56, 7, 'auto', 7, 4, 1, 0),
(270, 56, 3, 'tele', 7, 4, 1, 0),
(271, 56, 1, 'tele', 1, 4, 7, 0),
(272, 59, 3, 'tele', 4, 3, 7, 0),
(273, 59, 1, 'tele', 7, 3, 4, 0),
(274, 60, 11, 'auto', 7, 9, 4, 0),
(275, 60, 10, 'tele', 7, 2, 4, 0),
(276, 60, 9, 'tele', 7, 2, 7, 0),
(277, 60, 7, 'tele', 4, 9, 7, 0),
(278, 60, 4, 'tele', 7, 2, 4, 0),
(279, 60, 2, 'tele', 4, 9, 7, 0),
(280, 57, 16, 'auto', 7, 2, 1, 0),
(281, 57, 15, 'tele', 1, 7, 7, 0),
(282, 57, 13, 'tele', 7, 7, 1, 0),
(283, 57, 10, 'tele', 1, 5, 7, 0),
(284, 57, 8, 'tele', 7, 2, 1, 0),
(285, 57, 6, 'tele', 1, 5, 7, 0),
(286, 57, 4, 'tele', 7, 7, 1, 0),
(287, 57, 2, 'tele', 1, 5, 7, 0),
(288, 58, 4, 'tele', 7, 7, 7, 0),
(289, 58, 3, 'tele', 4, 5, 7, 0),
(290, 58, 2, 'tele', 4, 5, 7, 0),
(291, 58, 1, 'tele', 7, 7, 4, 0),
(292, 55, 12, 'auto', 7, 9, 1, 0),
(293, 55, 11, 'tele', 7, 9, 1, 0),
(294, 55, 10, 'tele', 4, 3, 7, 0),
(295, 55, 9, 'tele', 7, 3, 4, 0),
(296, 55, 7, 'tele', 1, 9, 7, 0),
(297, 55, 6, 'tele', 7, 9, 1, 0),
(298, 55, 5, 'tele', 1, 9, 7, 0),
(299, 55, 2, 'tele', 7, 9, 1, 0),
(300, 55, 1, 'tele', 1, 9, 7, 0),
(301, 62, 5, 'tele', 7, 9, 1, 0),
(302, 62, 4, 'tele', 1, 9, 7, 0),
(303, 62, 3, 'tele', 7, 9, 1, 0),
(304, 62, 2, 'tele', 1, 9, 7, 0),
(305, 62, 1, 'tele', 7, 9, 1, 0),
(306, 64, 13, 'tele', 7, 7, 4, 0),
(307, 64, 12, 'tele', 4, 9, 7, 0),
(308, 64, 11, 'tele', 7, 2, 4, 0),
(309, 64, 10, 'tele', 4, 9, 7, 0),
(310, 64, 9, 'tele', 7, 2, 4, 0),
(311, 64, 8, 'tele', 4, 9, 7, 0),
(312, 64, 7, 'tele', 7, 9, 4, 0),
(313, 64, 6, 'tele', 4, 9, 7, 0),
(314, 64, 3, 'tele', 4, 9, 7, 0),
(315, 64, 1, 'tele', 7, 9, 4, 0),
(316, 63, 4, 'auto', 7, 3, 1, 0),
(317, 63, 3, 'tele', 1, 3, 7, 0),
(318, 63, 2, 'tele', 7, 7, 1, 0),
(319, 63, 1, 'tele', 1, 3, 7, 0),
(320, 61, 15, 'tele', 1, 3, 7, 0),
(321, 61, 13, 'tele', 7, 2, 1, 0),
(322, 61, 11, 'tele', 1, 3, 7, 0),
(323, 61, 9, 'tele', 7, 2, 1, 0),
(324, 61, 7, 'tele', 1, 3, 7, 0),
(325, 61, 5, 'tele', 7, 3, 1, 0),
(326, 61, 3, 'tele', 1, 3, 7, 0),
(327, 61, 1, 'auto', 7, 3, 1, 0),
(328, 65, 1, 'auto', 7, 3, 4, 0),
(329, 66, 3, 'auto', 7, 3, NULL, 1),
(330, 66, 2, 'tele', 7, 3, 7, 0),
(331, 66, 1, 'tele', 7, 3, 7, 0),
(332, 72, 3, 'tele', 7, 4, NULL, 1),
(333, 72, 2, 'tele', 4, 7, 7, 0),
(334, 72, 1, 'tele', 7, 4, 4, 0),
(335, 71, 8, 'auto', 7, 7, 4, 0),
(336, 71, 7, 'tele', 7, 4, 4, 0),
(337, 71, 6, 'tele', 4, 7, 7, 0),
(338, 71, 3, 'tele', 7, 7, 4, 0),
(339, 71, 1, 'tele', 4, 7, 7, 0),
(340, 69, 3, 'tele', 7, 7, 1, 0),
(341, 69, 2, 'tele', 1, 4, 7, 0),
(342, 69, 1, 'tele', 7, 4, 1, 0),
(343, 68, 11, 'auto', 7, 4, 7, 0),
(344, 68, 10, 'tele', 7, 4, 1, 0),
(345, 68, 8, 'tele', 1, 5, 7, 0),
(346, 68, 7, 'tele', 1, 7, 1, 0),
(347, 68, 5, 'tele', 7, 4, 1, 0),
(348, 68, 4, 'tele', 1, 4, 7, 0),
(349, 68, 3, 'tele', 7, 4, 1, 0),
(350, 68, 2, 'tele', 1, 4, 7, 0),
(351, 68, 1, 'tele', 7, 4, 1, 0),
(352, 67, 16, 'auto', 1, 9, 7, 0),
(353, 67, 14, 'auto', 7, 7, 1, 0),
(354, 67, 13, 'tele', 7, 9, 1, 0),
(355, 67, 11, 'tele', 1, 9, 7, 0),
(356, 67, 9, 'tele', 7, 9, 1, 0),
(357, 67, 7, 'tele', 1, 9, 7, 0),
(358, 67, 5, 'tele', 7, 9, 1, 0),
(359, 67, 3, 'tele', 1, 9, 7, 0),
(360, 70, 16, 'auto', 7, 9, 4, 0),
(361, 70, 15, 'tele', 7, 7, 4, 0),
(362, 70, 13, 'tele', 4, 7, 7, 0),
(363, 70, 11, 'tele', 7, 7, 4, 0),
(364, 70, 9, 'tele', 4, 9, 7, 0),
(365, 70, 7, 'tele', 7, 9, 4, 0),
(366, 70, 3, 'tele', 7, 2, 4, 0),
(367, 70, 1, 'tele', 4, 9, 7, 0),
(368, 73, 7, 'auto', 7, 7, 1, 0),
(369, 73, 3, 'tele', 7, 7, 1, 0),
(370, 73, 1, 'tele', 1, 7, 7, 0),
(371, 76, 5, 'tele', 7, 2, 4, 0),
(372, 76, 4, 'tele', 4, 6, 7, 0),
(373, 76, 2, 'tele', 7, 2, 4, 0),
(374, 76, 1, 'tele', 7, 2, 7, 0),
(375, 75, 12, 'auto', 7, 4, NULL, 1),
(376, 75, 10, 'tele', 7, 7, 1, 0),
(377, 75, 8, 'tele', 1, 1, 7, 0),
(378, 75, 7, 'tele', 7, 1, 1, 0),
(379, 75, 6, 'tele', 1, 1, 7, 0),
(380, 75, 5, 'tele', 7, 1, 1, 0),
(381, 75, 4, 'tele', 1, 1, 7, 0),
(382, 75, 3, 'tele', 7, 4, 1, 0),
(383, 75, 2, 'tele', 1, 1, 7, 0),
(384, 75, 1, 'tele', 7, 4, 1, 0),
(385, 78, 2, 'tele', 7, 9, 4, 0),
(386, 77, 7, 'tele', 7, 3, 4, 0),
(387, 77, 6, 'tele', 4, 6, 7, 0),
(388, 77, 3, 'tele', 4, 7, 7, 0),
(389, 77, 2, 'tele', 7, 7, 4, 0),
(390, 77, 1, 'tele', 7, 7, 7, 0),
(391, 74, 16, 'auto', 7, 9, 1, 0),
(392, 74, 14, 'tele', 7, 9, 1, 0),
(393, 74, 12, 'tele', 1, 9, 7, 0),
(394, 74, 9, 'tele', 1, 9, 7, 0),
(395, 74, 7, 'tele', 7, 9, 1, 0),
(396, 74, 5, 'tele', 1, 6, 7, 0),
(397, 74, 3, 'tele', 7, 9, 1, 0),
(398, 74, 1, 'tele', 1, 9, 7, 0),
(399, 82, 5, 'auto', 7, 9, 4, 0),
(400, 82, 4, 'tele', 7, 6, 4, 0),
(401, 82, 3, 'tele', 4, 6, 7, 0),
(402, 82, 2, 'tele', 7, 6, 4, 0),
(403, 82, 1, 'tele', 4, 6, 7, 0),
(404, 83, 2, 'tele', 7, 3, 4, 0),
(405, 83, 1, 'tele', 4, 6, 7, 0),
(406, 79, 15, 'auto', 7, 9, 1, 0),
(407, 79, 14, 'tele', 7, 9, 1, 0),
(408, 79, 12, 'tele', 1, 9, 7, 0),
(409, 79, 11, 'tele', 7, 7, 1, 0),
(410, 79, 10, 'tele', 1, 6, 7, 0),
(411, 79, 8, 'tele', 7, 9, 1, 0),
(412, 79, 7, 'tele', 1, 9, 7, 0),
(413, 79, 4, 'tele', 7, 9, 1, 0),
(414, 79, 2, 'tele', 1, 9, 7, 0),
(415, 84, 10, 'tele', 7, 3, 4, 0),
(416, 84, 9, 'tele', 4, 3, 7, 0),
(417, 84, 8, 'tele', 7, 3, 4, 0),
(418, 84, 7, 'tele', 4, 7, 7, 0),
(419, 84, 6, 'tele', 4, 3, 7, 0),
(420, 84, 5, 'tele', 7, 7, 4, 0),
(421, 84, 4, 'tele', 4, 7, 7, 0),
(422, 84, 3, 'tele', 7, 1, 4, 0),
(423, 84, 2, 'tele', 4, 7, 7, 0),
(424, 84, 1, 'tele', 7, 1, 4, 0),
(425, 80, 16, 'auto', 1, 7, 7, 0),
(426, 80, 15, 'auto', 7, 7, 1, 0),
(427, 80, 13, 'tele', 7, 7, 1, 0),
(428, 80, 10, 'tele', 7, 1, 1, 0),
(429, 80, 5, 'tele', 7, 1, 1, 0),
(430, 80, 2, 'tele', 7, 7, 1, 0),
(431, 81, 4, 'tele', 1, 3, 7, 0),
(432, 81, 1, 'tele', 7, 3, 1, 0),
(433, 90, 16, 'auto', 7, 7, 4, 0),
(434, 90, 14, 'tele', 7, 7, 4, 0),
(435, 90, 12, 'tele', 4, 7, 7, 0),
(436, 90, 10, 'tele', 7, 2, 4, 0),
(437, 90, 9, 'tele', 7, 2, NULL, 1),
(438, 90, 7, 'tele', 4, 7, 7, 0),
(439, 90, 4, 'tele', 7, 2, 4, 0),
(440, 90, 2, 'tele', 4, 7, 7, 0),
(441, 90, 16, 'auto', 7, 7, 4, 0),
(442, 90, 14, 'tele', 7, 7, 4, 0),
(443, 90, 12, 'tele', 4, 7, 7, 0),
(444, 90, 10, 'tele', 7, 2, 4, 0),
(445, 90, 9, 'tele', 7, 2, NULL, 1),
(446, 90, 7, 'tele', 4, 7, 7, 0),
(447, 90, 4, 'tele', 7, 2, 4, 0),
(448, 90, 2, 'tele', 4, 7, 7, 0),
(449, 89, 15, 'auto', 7, 9, 4, 0),
(450, 89, 13, 'tele', 7, 9, 4, 0),
(451, 89, 11, 'tele', 4, 9, 7, 0),
(452, 89, 9, 'tele', 7, 9, 4, 0),
(453, 89, 7, 'tele', 4, 9, 7, 0),
(454, 89, 3, 'tele', 7, 9, 4, 0),
(455, 89, 1, 'tele', 4, 9, 7, 0),
(456, 88, 16, 'auto', 7, 3, 4, 0),
(457, 88, 12, 'tele', 7, 3, 4, 0),
(458, 88, 10, 'tele', 4, 3, 7, 0),
(459, 88, 8, 'tele', 7, 3, 4, 0),
(460, 88, 6, 'tele', 4, 3, 7, 0),
(461, 88, 4, 'tele', 7, 3, 4, 0),
(462, 88, 2, 'tele', 4, 3, 7, 0),
(463, 85, 6, 'tele', 7, 3, 1, 0),
(464, 85, 5, 'tele', 7, 9, 1, 0),
(465, 85, 3, 'tele', 1, 9, 1, 0),
(466, 85, 2, 'tele', 1, 9, 1, 0),
(467, 85, 1, 'tele', 1, 6, 1, 0),
(468, 87, 3, 'tele', 1, 3, NULL, 1),
(469, 87, 1, 'tele', 7, 3, 1, 0),
(470, 86, 6, 'tele', 1, 7, 7, 0),
(471, 86, 5, 'tele', 7, 7, 1, 0),
(472, 86, 3, 'tele', 1, 7, 7, 0),
(473, 86, 1, 'tele', 7, 7, 1, 0),
(474, 93, 1, 'tele', 7, 7, NULL, 1),
(475, 95, 15, 'auto', 7, 9, 4, 0),
(476, 95, 12, 'tele', 7, 1, 4, 0),
(477, 95, 11, 'tele', 4, 3, 7, 0),
(478, 95, 7, 'tele', 7, 9, 4, 0),
(479, 95, 5, 'tele', 4, 9, 7, 0),
(480, 95, 4, 'tele', 7, 9, 4, 0),
(481, 95, 3, 'tele', 4, 9, 7, 0),
(482, 96, 14, 'tele', 4, 9, 7, 0),
(483, 96, 13, 'tele', 7, 7, 4, 0),
(484, 96, 12, 'tele', 4, 7, 7, 0),
(485, 96, 11, 'tele', 7, 6, 4, 0),
(486, 96, 10, 'tele', 4, 6, 7, 0),
(487, 96, 8, 'tele', 7, 7, 4, 0),
(488, 96, 7, 'tele', 4, 3, 7, 0),
(489, 96, 6, 'tele', 7, 3, 4, 0),
(490, 96, 4, 'tele', 4, 3, 7, 0),
(491, 96, 3, 'tele', 7, 3, 4, 0),
(492, 96, 1, 'tele', 4, 3, 7, 0),
(493, 91, 11, 'auto', 7, 4, 1, 0),
(494, 91, 10, 'tele', 7, 2, 1, 0),
(495, 91, 9, 'tele', 1, 4, 7, 0),
(496, 91, 8, 'tele', 7, 2, 1, 0),
(497, 91, 7, 'tele', 1, 9, 7, 0),
(498, 91, 6, 'tele', 7, 7, 1, 0),
(499, 91, 5, 'tele', 7, 2, 1, 0),
(500, 91, 3, 'tele', 7, 2, 7, 0),
(501, 91, 2, 'tele', 1, 9, 7, 0),
(502, 92, 15, 'auto', 7, 9, 1, 0),
(503, 92, 13, 'tele', 7, 9, 1, 0),
(504, 92, 11, 'tele', 1, 9, 7, 0),
(505, 92, 9, 'tele', 7, 9, 1, 0),
(506, 92, 7, 'tele', 1, 9, 7, 0),
(507, 92, 5, 'tele', 7, 9, 1, 0),
(508, 92, 3, 'tele', 1, 9, 7, 0),
(509, 94, 1, 'auto', 7, 1, 4, 0),
(510, 101, 2, 'tele', 4, 6, 7, 0),
(511, 101, 1, 'tele', 7, 7, 4, 0),
(512, 97, 4, 'tele', 7, 6, 1, 0),
(513, 97, 1, 'tele', 7, 2, 1, 0),
(514, 98, 9, 'auto', 7, 7, 1, 0),
(515, 98, 8, 'tele', 7, 6, 1, 0),
(516, 98, 7, 'tele', 1, 7, 7, 0),
(517, 98, 6, 'tele', 7, 4, 1, 0),
(518, 98, 5, 'tele', 1, 7, 7, 0),
(519, 98, 3, 'tele', 7, 7, 1, 0),
(520, 98, 1, 'tele', 7, 7, 4, 0),
(521, 102, 7, 'auto', 7, 4, 4, 0),
(522, 102, 6, 'tele', 7, 2, 4, 0),
(523, 102, 5, 'tele', 4, 6, 7, 0),
(524, 102, 4, 'tele', 7, 4, 4, 0),
(525, 102, 3, 'tele', 4, 4, 7, 0),
(526, 102, 1, 'tele', 4, 4, 7, 0),
(527, 99, 14, 'auto', 7, 9, 1, 0),
(528, 99, 13, 'tele', 7, 9, 1, 0),
(529, 99, 12, 'tele', 7, 4, 7, 0),
(530, 99, 10, 'tele', 1, 9, 7, 0),
(531, 99, 4, 'tele', 7, 9, 1, 0),
(532, 99, 2, 'tele', 1, 9, 7, 0),
(533, 100, 4, 'auto', 7, 9, 4, 0),
(534, 100, 3, 'tele', 7, 9, 4, 0),
(535, 100, 2, 'tele', 4, 9, 7, 0),
(536, 108, 5, 'tele', 7, 3, 4, 0),
(537, 108, 4, 'tele', 1, 3, 7, 0),
(538, 108, 2, 'tele', 7, 6, 1, 0),
(539, 108, 1, 'tele', 4, 9, 7, 0),
(540, 104, 7, 'auto', 7, 9, 1, 0),
(541, 104, 6, 'tele', 7, 3, 1, 0),
(542, 104, 5, 'tele', 1, 3, 7, 0),
(543, 104, 4, 'tele', 7, 3, 1, 0),
(544, 104, 3, 'tele', 1, 7, 7, 0),
(545, 104, 2, 'tele', 7, 7, 1, 0),
(546, 104, 1, 'tele', 1, 6, 7, 0),
(547, 106, 16, 'auto', 7, 2, 7, 0),
(548, 106, 14, 'tele', 4, 7, 7, 0),
(549, 106, 12, 'tele', 7, 9, 4, 0),
(550, 106, 10, 'tele', 4, 9, 7, 0),
(551, 106, 9, 'tele', 7, 9, 4, 0),
(552, 106, 7, 'tele', 4, 9, 7, 0),
(553, 106, 5, 'tele', 7, 2, 4, 0),
(554, 106, 3, 'tele', 4, 7, 7, 0),
(555, 106, 1, 'tele', 7, 2, 4, 0),
(556, 107, 4, 'tele', 4, 3, 7, 0),
(557, 107, 3, 'tele', 7, 7, 4, 0),
(558, 107, 2, 'tele', 4, 3, 7, 0),
(559, 107, 1, 'tele', 7, 7, 4, 0),
(560, 103, 6, 'tele', 7, 6, 1, 0),
(561, 103, 5, 'tele', 1, 6, 7, 0),
(562, 103, 3, 'tele', 7, 6, 1, 0),
(563, 103, 2, 'tele', 1, 3, 7, 0),
(564, 103, 1, 'tele', 7, 3, 1, 0),
(565, 105, 9, 'auto', 7, 7, 1, 0),
(566, 105, 6, 'tele', 1, 7, 7, 0),
(567, 105, 4, 'tele', 7, 6, 1, 0),
(568, 105, 2, 'tele', 1, 9, 7, 0),
(569, 110, 14, 'auto', 7, 9, 1, 0),
(570, 110, 12, 'tele', 1, 9, 7, 0),
(571, 110, 10, 'tele', 7, 2, 1, 0),
(572, 110, 8, 'tele', 1, 9, 7, 0),
(573, 110, 7, 'tele', 7, 2, 1, 0),
(574, 110, 6, 'tele', 1, 9, 7, 0),
(575, 110, 2, 'tele', 7, 9, 1, 0),
(576, 110, 1, 'tele', 1, 9, 7, 0),
(577, 114, 15, 'auto', 7, 7, 4, 0),
(578, 114, 13, 'tele', 7, 4, 4, 0),
(579, 114, 12, 'tele', 4, 4, 7, 0),
(580, 114, 10, 'tele', 7, 9, 4, 0),
(581, 114, 8, 'tele', 4, 7, 7, 0),
(582, 114, 6, 'tele', 7, 9, 4, 0),
(583, 114, 4, 'tele', 4, 7, 7, 0),
(584, 114, 3, 'tele', 7, 7, 4, 0),
(585, 114, 2, 'tele', 4, 7, 7, 0),
(586, 114, 1, 'tele', 4, 6, 4, 0),
(587, 109, 6, 'tele', 7, 9, 1, 0),
(588, 109, 4, 'tele', 1, 6, 7, 0),
(589, 109, 3, 'tele', 1, 7, 1, 0),
(590, 109, 1, 'tele', 7, 3, 1, 0),
(591, 113, 14, 'auto', 7, 9, 4, 0),
(592, 113, 12, 'tele', 7, 9, 4, 0),
(593, 113, 11, 'tele', 7, 9, 7, 0),
(594, 113, 6, 'tele', 7, 4, 4, 0),
(595, 113, 4, 'tele', 4, 7, 7, 0),
(596, 113, 2, 'tele', 7, 6, 4, 0),
(597, 113, 1, 'tele', 4, 9, 7, 0),
(598, 111, 7, 'auto', 7, 7, 1, 0),
(599, 111, 6, 'tele', 7, 3, 1, 0),
(600, 111, 5, 'tele', 1, 3, 7, 0),
(601, 111, 4, 'tele', 7, 7, 1, 0),
(602, 111, 3, 'tele', 7, 3, 1, 0),
(603, 111, 2, 'tele', 1, 3, 7, 0),
(604, 111, 1, 'tele', 7, 7, 1, 0),
(605, 112, 3, 'auto', 7, 4, NULL, 1),
(606, 112, 2, 'tele', 4, 4, 7, 0),
(607, 112, 1, 'tele', 7, 4, 4, 0),
(608, 116, 11, 'auto', 7, 3, 1, 0),
(609, 116, 10, 'tele', 7, 5, 1, 0),
(610, 116, 9, 'tele', 1, 3, 7, 0),
(611, 116, 8, 'tele', 7, 2, 1, 0),
(612, 116, 7, 'tele', 1, 3, 7, 0),
(613, 116, 6, 'tele', 7, 2, 1, 0),
(614, 116, 5, 'tele', 1, 3, 7, 0),
(615, 116, 4, 'tele', 7, 3, 1, 0),
(616, 116, 3, 'tele', 1, 3, 7, 0),
(617, 116, 2, 'tele', 7, 5, 1, 0),
(618, 116, 1, 'tele', 1, 5, 7, 0),
(619, 115, 2, 'tele', 7, 9, 1, 0),
(620, 118, 12, 'auto', 7, 9, 4, 0),
(621, 118, 8, 'tele', 7, 9, 4, 0),
(622, 118, 6, 'tele', 4, 9, 7, 0),
(623, 119, 3, 'tele', 1, 5, 7, 0),
(624, 119, 2, 'tele', 7, 6, 7, 0),
(625, 119, 1, 'tele', 7, 7, 1, 0),
(626, 120, 3, 'tele', 4, 6, 7, 0),
(627, 120, 2, 'tele', 7, 4, 4, 0),
(628, 120, 1, 'auto', 7, 4, 7, 0),
(629, 117, 5, 'auto', 7, 9, 1, 0),
(630, 117, 4, 'tele', 1, 5, 7, 0),
(631, 117, 2, 'tele', 7, 5, 1, 0),
(632, 117, 1, 'tele', 1, 9, 7, 0),
(633, 121, 10, 'auto', 7, 3, 1, 0),
(634, 121, 8, 'tele', 7, 3, 1, 0),
(635, 121, 6, 'tele', 1, 3, 7, 0),
(636, 121, 4, 'tele', 7, 3, 1, 0),
(637, 121, 2, 'tele', 1, 3, 7, 0),
(638, 122, 10, 'auto', 7, 9, 1, 0),
(639, 122, 9, 'tele', 7, 6, 1, 0),
(640, 122, 8, 'tele', 1, 6, 7, 0),
(641, 122, 7, 'tele', 7, 6, 1, 0),
(642, 122, 6, 'tele', 1, 9, 7, 0),
(643, 122, 5, 'tele', 7, 2, 1, 0),
(644, 122, 3, 'tele', 1, 9, 7, 0),
(645, 122, 2, 'tele', 7, 9, 1, 0),
(646, 122, 1, 'tele', 1, 9, 7, 0),
(647, 125, 13, 'auto', 7, 4, 4, 0),
(648, 125, 7, 'tele', 7, 7, 4, 0),
(649, 125, 6, 'tele', 7, 4, 4, 0),
(650, 125, 5, 'tele', 4, 4, 7, 0),
(651, 123, 8, 'auto', 7, 7, 1, 0),
(652, 123, 7, 'tele', 1, 6, 7, 0),
(653, 123, 6, 'tele', 1, 6, 1, 0),
(654, 123, 4, 'tele', 7, 7, 1, 0),
(655, 123, 2, 'tele', 7, 7, 1, 0),
(656, 123, 1, 'tele', 1, 7, 7, 0),
(657, 126, 1, 'auto', 7, 9, 4, 0),
(658, 124, 12, 'tele', 7, 4, 4, 0),
(659, 124, 11, 'tele', 4, 5, 7, 0),
(660, 124, 9, 'tele', 7, 7, 4, 0),
(661, 124, 7, 'tele', 4, 5, 7, 0),
(662, 124, 5, 'tele', 7, 2, 4, 0),
(663, 124, 3, 'tele', 4, 5, 7, 0),
(664, 124, 1, 'auto', 7, 7, 4, 0),
(665, 127, 15, 'auto', 7, 9, 1, 0),
(666, 127, 14, 'tele', 1, 4, 7, 0),
(667, 127, 10, 'tele', 7, 4, 1, 0),
(668, 127, 8, 'tele', 1, 4, 7, 0),
(669, 127, 6, 'tele', 7, 2, 1, 0),
(670, 127, 4, 'tele', 1, 9, 7, 0),
(671, 127, 3, 'tele', 7, 2, 1, 0),
(672, 127, 1, 'tele', 1, 9, 7, 0),
(673, 132, 12, 'auto', 7, 3, 4, 0),
(674, 132, 11, 'tele', 7, 6, 4, 0),
(675, 132, 10, 'tele', 4, 6, 7, 0),
(676, 132, 8, 'tele', 7, 3, 4, 0),
(677, 132, 6, 'tele', 4, 3, 7, 0),
(678, 132, 4, 'tele', 7, 3, 4, 0),
(679, 132, 2, 'tele', 4, 3, 7, 0),
(680, 131, 5, 'auto', 7, 7, 4, 0),
(681, 131, 4, 'tele', 7, 6, 4, 0),
(682, 131, 3, 'tele', 4, 7, 7, 0),
(683, 131, 2, 'tele', 7, 7, 4, 0),
(684, 131, 1, 'tele', 4, 7, 7, 0),
(685, 130, 13, 'tele', 7, 9, 4, 0),
(686, 130, 11, 'tele', 4, 9, 7, 0),
(687, 130, 9, 'tele', 7, 9, 4, 0),
(688, 130, 7, 'tele', 4, 9, 7, 0),
(689, 130, 2, 'tele', 7, 9, 4, 0),
(690, 128, 13, 'auto', 7, 4, 1, 0),
(691, 128, 12, 'tele', 7, 6, 1, 0),
(692, 128, 11, 'tele', 1, 6, 7, 0),
(693, 128, 7, 'tele', 7, 9, 1, 0),
(694, 128, 5, 'tele', 1, 9, 7, 0),
(695, 128, 3, 'tele', 7, 9, 1, 0),
(696, 128, 1, 'tele', 1, 9, 7, 0),
(697, 129, 13, 'auto', 7, 7, 1, 0),
(698, 129, 10, 'tele', 7, 6, 1, 0),
(699, 129, 9, 'tele', 1, 6, 7, 0),
(700, 129, 7, 'tele', 7, 4, 1, 0),
(701, 129, 5, 'tele', 1, 4, 7, 0),
(702, 129, 3, 'tele', 7, 7, 1, 0),
(703, 129, 1, 'tele', 1, 7, 7, 0),
(704, 137, 13, 'tele', 7, 4, 4, 0),
(705, 137, 10, 'tele', 4, 4, 7, 0),
(706, 137, 5, 'tele', 7, 9, 4, 0),
(707, 137, 3, 'tele', 4, 9, 7, 0),
(708, 137, 1, 'tele', 7, 9, 4, 0),
(709, 133, 8, 'tele', 7, 7, 1, 0),
(710, 133, 7, 'tele', 1, 4, 7, 0),
(711, 133, 5, 'tele', 7, 2, 1, 0),
(712, 133, 3, 'tele', 1, 4, 7, 0),
(713, 133, 1, 'tele', 7, 2, 1, 0),
(714, 134, 1, 'tele', 7, 4, 7, 0),
(715, 138, 14, 'tele', 7, 8, 4, 0),
(716, 138, 12, 'tele', 4, 9, 7, 0),
(717, 138, 11, 'tele', 7, 8, 4, 0),
(718, 138, 9, 'tele', 4, 2, 7, 0),
(719, 138, 8, 'tele', 7, 2, 4, 0),
(720, 138, 7, 'tele', 4, 8, 7, 0),
(721, 138, 6, 'tele', 7, 8, 4, 0),
(722, 138, 5, 'tele', 4, 8, 7, 0),
(723, 138, 4, 'tele', 7, 8, 4, 0),
(724, 138, 3, 'tele', 4, 8, 7, 0),
(725, 138, 2, 'tele', 7, 8, 4, 0),
(726, 138, 1, 'tele', 4, 8, 7, 0),
(727, 140, 12, 'tele', 7, 2, 1, 0),
(728, 140, 10, 'tele', 1, 6, 7, 0),
(729, 140, 9, 'tele', 7, 2, 1, 0),
(730, 140, 7, 'tele', 1, 6, 7, 0),
(731, 140, 5, 'tele', 7, 2, 1, 0),
(732, 140, 3, 'tele', 1, 6, 7, 0),
(733, 140, 1, 'tele', 7, 2, 1, 0),
(734, 142, 14, 'auto', 7, 7, 4, 0),
(735, 142, 13, 'tele', 7, 3, 4, 0),
(736, 142, 4, 'tele', 7, 7, 4, 0),
(737, 142, 2, 'tele', 4, 7, 7, 0),
(738, 139, 12, 'auto', 7, 4, 1, 0),
(739, 139, 10, 'tele', 7, 7, 1, 0),
(740, 139, 8, 'tele', 1, 7, 7, 0),
(741, 139, 7, 'tele', 7, 7, 1, 0),
(742, 139, 6, 'tele', 1, 7, 7, 0),
(743, 139, 4, 'tele', 7, 4, 1, 0),
(744, 139, 2, 'tele', 1, 4, 7, 0),
(745, 143, 10, 'auto', 7, 9, 4, 0),
(746, 143, 7, 'tele', 4, 6, 7, 0),
(747, 143, 6, 'tele', 7, 6, 4, 0),
(748, 143, 5, 'tele', 4, 6, 7, 0),
(749, 143, 2, 'tele', 4, 9, 7, 0),
(750, 144, 6, 'auto', 7, 3, NULL, 1),
(751, 144, 4, 'tele', 7, 6, 4, 0),
(752, 144, 3, 'tele', 4, 6, 7, 0),
(753, 144, 2, 'tele', 7, 3, 4, 0),
(754, 144, 1, 'tele', 4, 3, 7, 0),
(755, 145, 15, 'auto', 7, 1, NULL, 1),
(756, 145, 13, 'tele', 1, 1, 7, 0),
(757, 145, 12, 'tele', 7, 9, 1, 0),
(758, 145, 11, 'tele', 1, 7, 7, 0),
(759, 145, 9, 'tele', 7, 7, 1, 0),
(760, 145, 7, 'tele', 1, 7, 7, 0),
(761, 145, 5, 'tele', 7, 7, 1, 0),
(762, 145, 3, 'tele', 1, 4, 7, 0),
(763, 145, 1, 'tele', 7, 1, 1, 0),
(764, 146, 10, 'auto', 7, 9, 1, 0),
(765, 146, 8, 'tele', 7, 9, 1, 0),
(766, 146, 6, 'tele', 1, 9, 7, 0),
(767, 149, 4, 'tele', 7, 6, 4, 0),
(768, 149, 3, 'tele', 4, 9, 7, 0),
(769, 149, 1, 'tele', 7, 6, 4, 0),
(770, 150, 1, 'tele', 1, 7, 7, 0),
(771, 148, 7, 'tele', 7, 7, 1, 0),
(772, 148, 6, 'tele', 1, 7, 7, 0),
(773, 148, 4, 'tele', 1, 7, 7, 0),
(774, 148, 3, 'tele', 7, 4, 1, 0),
(775, 148, 2, 'tele', 1, 4, 7, 0),
(776, 148, 1, 'tele', 7, 1, 1, 0),
(777, 147, 8, 'auto', 7, 7, 1, 0),
(778, 147, 7, 'tele', 7, 4, 1, 0),
(779, 147, 6, 'tele', 1, 4, 7, 0),
(780, 147, 5, 'tele', 7, 1, 1, 0),
(781, 147, 4, 'tele', 1, 4, 7, 0),
(782, 147, 3, 'tele', 7, 4, 1, 0),
(783, 147, 2, 'tele', 1, 4, 7, 0),
(784, 155, 14, 'auto', 7, 9, 4, 0),
(785, 155, 13, 'tele', 7, 9, 4, 0),
(786, 155, 11, 'tele', 4, 4, 7, 0),
(787, 155, 9, 'tele', 7, 2, 4, 0),
(788, 155, 7, 'tele', 4, 9, 7, 0),
(789, 155, 5, 'tele', 7, 9, 4, 0),
(790, 155, 4, 'tele', 4, 9, 7, 0),
(791, 155, 3, 'tele', 7, 9, 4, 0),
(792, 155, 1, 'tele', 4, 9, 7, 0),
(793, 153, 2, 'tele', 7, 4, 1, 0),
(794, 153, 1, 'tele', 1, 4, 7, 0),
(795, 152, 11, 'auto', 7, 7, 1, 0),
(796, 152, 10, 'tele', 7, 2, 1, 0),
(797, 152, 9, 'tele', 1, 9, 7, 0),
(798, 152, 8, 'tele', 7, 2, 1, 0),
(799, 152, 7, 'tele', 1, 9, 7, 0),
(800, 152, 6, 'tele', 7, 9, 1, 0),
(801, 152, 5, 'tele', 1, 9, 7, 0),
(802, 152, 4, 'tele', 7, 9, 1, 0),
(803, 152, 3, 'tele', 1, 7, 7, 0),
(804, 152, 2, 'tele', 7, 7, 1, 0),
(805, 152, 1, 'tele', 1, 7, 7, 0),
(806, 156, 8, 'auto', 7, 7, 4, 0),
(807, 156, 4, 'tele', 7, 2, 4, 0),
(808, 156, 3, 'tele', 4, 7, 7, 0),
(809, 156, 2, 'tele', 7, 7, 4, 0),
(810, 156, 1, 'tele', 4, 7, 7, 0),
(811, 151, 3, 'tele', 7, 4, 1, 0),
(812, 151, 2, 'tele', 1, 4, 7, 0),
(813, 151, 1, 'tele', 7, 4, 1, 0),
(814, 154, 6, 'tele', 4, 4, NULL, 1),
(815, 154, 5, 'tele', 7, 6, 4, 0),
(816, 154, 4, 'tele', 4, 6, 7, 0),
(817, 154, 3, 'tele', 7, 4, 4, 0),
(818, 154, 2, 'tele', 4, 4, 7, 0),
(819, 154, 1, 'tele', 7, 4, 4, 0),
(820, 158, 1, 'tele', 7, 6, 1, 0),
(821, 160, 2, 'tele', 7, 7, 4, 0),
(822, 162, 10, 'auto', 7, 9, 4, 0),
(823, 162, 8, 'tele', 7, 9, 4, 0),
(824, 162, 6, 'tele', 4, 9, 7, 0),
(825, 162, 4, 'tele', 7, 9, 4, 0),
(826, 162, 2, 'tele', 4, 9, 7, 0),
(827, 157, 9, 'auto', 7, 9, 1, 0),
(828, 157, 7, 'tele', 7, 1, 1, 0),
(829, 157, 6, 'tele', 1, 8, 7, 0),
(830, 157, 5, 'tele', 7, 1, 1, 0),
(831, 157, 4, 'tele', 1, 8, 7, 0),
(832, 157, 3, 'tele', 7, 6, 1, 0),
(833, 159, 13, 'auto', 7, 8, 1, 0),
(834, 157, 1, 'tele', 1, 6, 7, 0),
(835, 159, 12, 'tele', 7, 9, 1, 0),
(836, 159, 11, 'tele', 1, 4, 7, 0),
(837, 159, 9, 'tele', 7, 4, 1, 0),
(838, 159, 8, 'tele', 1, 4, 7, 0),
(839, 159, 7, 'tele', 7, 6, 1, 0),
(840, 159, 6, 'tele', 1, 4, 7, 0),
(841, 159, 5, 'tele', 7, 4, 1, 0),
(842, 159, 4, 'tele', 1, 4, 7, 0),
(843, 159, 3, 'tele', 7, 8, 1, 0),
(844, 159, 1, 'tele', 1, 8, 7, 0),
(845, 161, 6, 'auto', 7, 7, 4, 0),
(846, 161, 5, 'tele', 7, 4, 4, 0),
(847, 161, 4, 'tele', 4, 4, 7, 0),
(848, 161, 3, 'tele', 4, 7, NULL, 1),
(849, 168, 10, 'auto', 7, 7, 4, 0),
(850, 168, 9, 'tele', 7, 6, 4, 0),
(851, 168, 8, 'tele', 4, 6, 7, 0),
(852, 168, 7, 'tele', 7, 7, 4, 0),
(853, 168, 5, 'tele', 4, 7, 7, 0),
(854, 168, 4, 'tele', 7, 1, 4, 0),
(855, 168, 3, 'tele', 4, 7, 7, 0),
(856, 168, 2, 'tele', 7, 1, 4, 0),
(857, 168, 1, 'tele', 4, 7, 7, 0),
(858, 166, 13, 'auto', 7, 9, 4, 0),
(859, 166, 12, 'tele', 7, 7, 4, 0),
(860, 166, 11, 'tele', 7, 4, 4, 0),
(861, 166, 10, 'tele', 4, 7, 7, 0),
(862, 166, 9, 'tele', 7, 6, 4, 0),
(863, 166, 8, 'tele', 4, 1, 7, 0),
(864, 166, 4, 'tele', 7, 4, 4, 0),
(865, 166, 2, 'tele', 4, 9, 7, 0),
(866, 163, 12, 'auto', 7, 9, 1, 0),
(867, 163, 4, 'tele', 7, 9, 1, 0),
(868, 163, 2, 'tele', 1, 9, 7, 0),
(869, 164, 9, 'auto', 7, 7, 1, 0),
(870, 164, 8, 'tele', 1, 6, 1, 0),
(871, 164, 7, 'tele', 7, 4, 1, 0),
(872, 164, 6, 'tele', 1, 6, 7, 0),
(873, 164, 5, 'tele', 7, 7, 1, 0),
(874, 164, 4, 'tele', 1, 7, 7, 0),
(875, 164, 3, 'tele', 1, 4, 1, 0),
(876, 164, 2, 'tele', 7, 4, 1, 0),
(877, 164, 1, 'tele', 1, 4, 7, 0),
(878, 167, 14, 'auto', 7, 4, 4, 0),
(879, 167, 12, 'tele', 7, 9, 4, 0),
(880, 167, 10, 'tele', 4, 9, 7, 0),
(881, 167, 8, 'tele', 7, 9, 4, 0),
(882, 167, 6, 'tele', 4, 9, 7, 0),
(883, 173, 1, 'tele', 7, 9, 4, 0),
(884, 174, 7, 'tele', 7, 4, 4, 0),
(885, 174, 6, 'tele', 4, 4, 7, 0),
(886, 174, 5, 'tele', 7, 7, 4, 0),
(887, 174, 3, 'tele', 4, 4, 7, 0),
(888, 174, 1, 'auto', 7, 4, 4, 0),
(889, 170, 14, 'tele', 1, 9, 7, 0),
(890, 170, 13, 'tele', 7, 9, 1, 0),
(891, 170, 11, 'tele', 1, 9, 7, 0),
(892, 170, 9, 'tele', 7, 9, 1, 0),
(893, 170, 7, 'tele', 7, 9, 1, 0),
(894, 170, 5, 'tele', 1, 9, 7, 0),
(895, 170, 4, 'tele', 7, 2, 1, 0),
(896, 170, 2, 'tele', 1, 9, 7, 0),
(897, 170, 1, 'tele', 7, 2, 1, 0),
(898, 171, 7, 'tele', 1, 6, 7, 0),
(899, 171, 6, 'tele', 7, 4, 1, 0),
(900, 171, 5, 'tele', 1, 4, 7, 0),
(901, 171, 4, 'tele', 1, 6, 1, 0),
(902, 171, 3, 'tele', 1, 7, 7, 0),
(903, 171, 2, 'tele', 1, 7, 7, 0),
(904, 171, 1, 'auto', 7, 7, 1, 0),
(905, 172, 12, 'auto', 7, 4, 4, 0),
(906, 172, 10, 'tele', 7, 9, 4, 0),
(907, 172, 8, 'tele', 4, 9, 7, 0),
(908, 172, 7, 'tele', 7, 9, 4, 0),
(909, 172, 6, 'tele', 4, 7, 7, 0),
(910, 172, 5, 'tele', 7, 7, 4, 0),
(911, 172, 4, 'tele', 4, 4, 7, 0),
(912, 172, 3, 'tele', 7, 1, 4, 0),
(913, 172, 2, 'tele', 4, 1, 7, 0),
(914, 180, 10, 'auto', 7, 7, 4, 0),
(915, 180, 8, 'tele', 7, 2, 4, 0),
(916, 180, 6, 'tele', 4, 5, 7, 0),
(917, 180, 4, 'tele', 7, 2, 4, 0),
(918, 180, 2, 'tele', 4, 5, 7, 0),
(919, 178, 10, 'auto', 7, 9, 4, 0),
(920, 178, 9, 'tele', 7, 9, 4, 0),
(921, 178, 8, 'tele', 4, 7, 7, 0),
(922, 178, 5, 'tele', 7, 9, 4, 0),
(923, 178, 4, 'tele', 4, 9, 7, 0),
(924, 178, 3, 'tele', 7, 9, 4, 0),
(925, 178, 2, 'tele', 4, 9, 7, 0),
(926, 179, 16, 'auto', 7, 4, 4, 0),
(927, 179, 14, 'tele', 4, 7, 7, 0),
(928, 179, 12, 'tele', 7, 4, 4, 0),
(929, 179, 10, 'tele', 4, 7, 7, 0),
(930, 179, 8, 'tele', 7, 7, 4, 0),
(931, 179, 5, 'tele', 4, 4, 7, 0),
(932, 179, 3, 'tele', 7, 4, 4, 0),
(933, 179, 2, 'tele', 4, 4, 7, 0),
(934, 175, 8, 'tele', 7, 7, 1, 0),
(935, 175, 7, 'tele', 7, 7, 7, 0),
(936, 175, 5, 'tele', 1, 7, 7, 0),
(937, 175, 4, 'tele', 7, 7, 1, 0),
(938, 175, 3, 'tele', 1, 6, 7, 0),
(939, 175, 2, 'tele', 1, 6, 1, 0),
(940, 175, 1, 'tele', 1, 6, 7, 0),
(941, 176, 7, 'auto', 7, 9, 1, 0),
(942, 176, 6, 'tele', 7, 9, 1, 0),
(943, 176, 5, 'tele', 1, 9, 7, 0),
(944, 176, 4, 'tele', 7, 2, 1, 0),
(945, 176, 3, 'tele', 1, 9, 7, 0),
(946, 176, 2, 'tele', 7, 2, 1, 0),
(947, 176, 1, 'tele', 1, 9, 7, 0),
(948, 177, 5, 'auto', 7, 7, 1, 0),
(949, 177, 4, 'tele', 7, 4, 1, 0),
(950, 177, 2, 'tele', 1, 6, 7, 0),
(951, 177, 1, 'tele', 1, 4, 1, 0),
(952, 185, 17, 'auto', 7, 9, 4, 0),
(953, 185, 14, 'tele', 7, 9, 4, 0),
(954, 185, 12, 'tele', 4, 9, 7, 0),
(955, 185, 10, 'tele', 7, 9, 4, 0),
(956, 185, 7, 'tele', 7, 9, 4, 0),
(957, 185, 5, 'tele', 4, 9, 7, 0),
(958, 185, 3, 'tele', 7, 9, 4, 0),
(959, 185, 1, 'tele', 4, 9, 7, 0),
(960, 181, 13, 'auto', 7, 7, 1, 0),
(961, 181, 11, 'tele', 7, 2, 1, 0),
(962, 181, 9, 'tele', 1, 6, 7, 0),
(963, 181, 7, 'tele', 7, 2, 1, 0),
(964, 181, 5, 'tele', 1, 6, 7, 0),
(965, 181, 3, 'tele', 7, 2, 1, 0),
(966, 181, 1, 'tele', 1, 6, 7, 0),
(967, 183, 11, 'tele', 7, 6, 1, 0),
(968, 183, 10, 'tele', 1, 6, 7, 0),
(969, 183, 9, 'tele', 7, 7, 1, 0),
(970, 183, 8, 'tele', 1, 6, 7, 0),
(971, 183, 7, 'tele', 7, 6, 1, 0),
(972, 183, 6, 'tele', 1, 6, 7, 0),
(973, 183, 5, 'tele', 7, 7, 1, 0),
(974, 183, 4, 'tele', 1, 7, 7, 0),
(975, 183, 3, 'tele', 7, 4, 1, 0),
(976, 183, 2, 'tele', 1, 7, 7, 0),
(977, 183, 1, 'tele', 7, 4, 1, 0),
(978, 182, 15, 'tele', 7, 9, 1, 0),
(979, 182, 13, 'tele', 1, 9, 7, 0),
(980, 182, 11, 'tele', 7, 9, 1, 0),
(981, 182, 9, 'tele', 1, 9, 7, 0),
(982, 182, 5, 'tele', 7, 9, 1, 0),
(983, 182, 3, 'tele', 1, 9, 7, 0),
(984, 182, 1, 'auto', 7, 9, 1, 0),
(985, 184, 14, 'auto', 7, 7, 4, 0),
(986, 184, 12, 'tele', 7, 3, 4, 0),
(987, 184, 10, 'tele', 4, 3, 7, 0),
(988, 184, 8, 'tele', 7, 2, 4, 0),
(989, 184, 7, 'tele', 4, 3, 7, 0),
(990, 184, 6, 'tele', 7, 2, 4, 0),
(991, 184, 5, 'tele', 4, 3, 7, 0),
(992, 184, 4, 'tele', 7, 3, 4, 0),
(993, 184, 3, 'tele', 4, 7, 7, 0),
(994, 184, 2, 'tele', 7, 7, 4, 0),
(995, 184, 1, 'tele', 4, 7, 7, 0),
(996, 189, 15, 'tele', 7, 9, 1, 0),
(997, 189, 13, 'tele', 1, 9, 7, 0),
(998, 189, 12, 'tele', 7, 1, 1, 0),
(999, 189, 11, 'tele', 1, 7, 7, 0),
(1000, 189, 9, 'tele', 7, 9, 1, 0),
(1001, 189, 7, 'tele', 1, 9, 7, 0),
(1002, 189, 5, 'tele', 7, 1, 1, 0),
(1003, 189, 3, 'tele', 1, 7, 7, 0),
(1004, 189, 1, 'auto', 7, 9, 1, 0),
(1005, 187, 4, 'tele', 7, 6, 1, 0),
(1006, 187, 2, 'tele', 1, 6, 7, 0),
(1007, 192, 2, 'auto', 7, 3, 7, 0),
(1008, 192, 1, 'tele', 7, 3, 7, 0),
(1009, 190, 13, 'tele', 4, 9, 7, 0),
(1010, 190, 12, 'tele', 7, 3, 4, 0),
(1011, 190, 11, 'tele', 4, 3, 7, 0),
(1012, 190, 10, 'tele', 7, 3, 4, 0),
(1013, 190, 9, 'tele', 4, 3, 7, 0),
(1014, 190, 8, 'tele', 7, 2, 4, 0),
(1015, 190, 7, 'tele', 7, 9, 4, 0),
(1016, 190, 6, 'tele', 4, 9, 7, 0),
(1017, 190, 5, 'tele', 7, 2, 4, 0),
(1018, 190, 4, 'tele', 4, 9, 7, 0),
(1019, 190, 3, 'tele', 7, 9, 4, 0),
(1020, 190, 2, 'tele', 4, 9, 7, 0),
(1021, 190, 1, 'tele', 7, 8, 4, 0),
(1022, 188, 9, 'tele', 7, 4, 1, 0),
(1023, 188, 8, 'tele', 1, 6, 7, 0),
(1024, 188, 7, 'tele', 7, 4, 1, 0),
(1025, 188, 6, 'tele', 1, 4, 7, 0),
(1026, 188, 5, 'tele', 7, 7, 1, 0),
(1027, 188, 4, 'tele', 1, 7, 7, 0),
(1028, 188, 3, 'tele', 1, 4, 7, 0),
(1029, 188, 2, 'tele', 1, 7, 7, 0),
(1030, 188, 1, 'tele', 7, 7, 1, 0),
(1031, 193, 8, 'auto', 7, 7, 1, 0),
(1032, 193, 7, 'tele', 7, 3, 1, 0),
(1033, 193, 6, 'tele', 1, 3, 7, 0),
(1034, 193, 5, 'tele', 7, 7, 1, 0),
(1035, 193, 4, 'tele', 1, 3, 7, 0),
(1036, 193, 3, 'tele', 7, 7, 1, 0),
(1037, 193, 2, 'tele', 1, 3, 7, 0),
(1038, 193, 1, 'tele', 7, 3, 1, 0),
(1039, 194, 10, 'auto', 7, 9, 1, 0),
(1040, 194, 6, 'tele', 7, 9, 1, 0),
(1041, 194, 5, 'tele', 1, 9, 7, 0),
(1042, 194, 4, 'tele', 7, 1, 1, 0),
(1043, 194, 3, 'tele', 1, 6, 7, 0),
(1044, 194, 2, 'tele', 7, 1, 1, 0),
(1045, 194, 1, 'tele', 1, 6, 7, 0),
(1046, 196, 7, 'tele', 7, 9, 4, 0),
(1047, 196, 6, 'tele', 4, 9, 7, 0),
(1048, 196, 4, 'tele', 7, 4, 4, 0),
(1049, 196, 3, 'tele', 4, 6, 7, 0),
(1050, 196, 1, 'tele', 7, 2, 4, 0),
(1051, 195, 2, 'tele', 1, 6, 7, 0),
(1052, 195, 1, 'tele', 7, 6, 1, 0),
(1053, 197, 9, 'tele', 7, 2, 4, 0),
(1054, 197, 8, 'tele', 7, 2, 7, 0),
(1055, 197, 6, 'tele', 4, 7, 7, 0),
(1056, 197, 4, 'tele', 7, 7, 4, 0),
(1057, 197, 2, 'tele', 4, 7, 7, 0),
(1058, 197, 1, 'tele', 7, 7, 4, 0),
(1059, 198, 1, 'tele', 7, 4, 4, 0),
(1060, 204, 14, 'auto', 7, 9, 4, 0),
(1061, 204, 11, 'tele', 7, 9, 4, 0),
(1062, 204, 9, 'tele', 4, 9, 7, 0),
(1063, 204, 7, 'tele', 7, 9, 4, 0),
(1064, 204, 5, 'tele', 4, 9, 7, 0),
(1065, 204, 3, 'tele', 7, 9, 4, 0),
(1066, 204, 2, 'tele', 4, 9, 7, 0),
(1067, 200, 9, 'auto', 7, 7, 1, 0),
(1068, 200, 8, 'tele', 7, 3, 1, 0),
(1069, 200, 6, 'tele', 1, 9, 7, 0),
(1070, 200, 5, 'tele', 7, 2, 1, 0),
(1071, 200, 3, 'tele', 7, 7, 1, 0),
(1072, 200, 2, 'tele', 1, 7, 7, 0),
(1073, 200, 1, 'tele', 1, 7, 7, 0),
(1074, 203, 5, 'auto', 7, 3, 4, 0),
(1075, 203, 4, 'tele', 7, 7, 7, 0),
(1076, 203, 3, 'tele', 1, 6, 7, 0),
(1077, 203, 2, 'tele', 4, 9, 7, 0),
(1078, 203, 1, 'tele', 4, 3, NULL, 1),
(1079, 201, 12, 'auto', 7, 9, 1, 0),
(1080, 201, 6, 'tele', 7, 9, 1, 0),
(1081, 201, 4, 'tele', 1, 9, 7, 0),
(1082, 201, 1, 'tele', 1, 9, 7, 0),
(1083, 199, 13, 'auto', 7, 3, 1, 0),
(1084, 199, 7, 'tele', 7, 2, 1, 0),
(1085, 202, 8, 'tele', 7, 7, 4, 0),
(1086, 202, 6, 'tele', 4, 7, 7, 0),
(1087, 202, 5, 'tele', 7, 7, 4, 0),
(1088, 202, 4, 'tele', 4, 7, 7, 0),
(1089, 202, 3, 'tele', 7, 2, 4, 0),
(1090, 202, 2, 'tele', 4, 7, 7, 0),
(1091, 202, 1, 'tele', 7, 2, 4, 0),
(1092, 206, 13, 'auto', 7, 9, 1, 0),
(1093, 206, 11, 'tele', 7, 4, 1, 0),
(1094, 206, 10, 'tele', 1, 4, 7, 0),
(1095, 206, 9, 'tele', 7, 4, 1, 0),
(1096, 206, 8, 'tele', 7, 4, NULL, 1),
(1097, 206, 6, 'tele', 1, 9, 7, 0),
(1098, 206, 4, 'tele', 7, 9, 1, 0),
(1099, 206, 2, 'tele', 1, 9, 7, 0),
(1100, 208, 13, 'tele', 4, 8, 7, 0),
(1101, 208, 12, 'tele', 7, 6, 4, 0),
(1102, 208, 11, 'tele', 4, 6, 7, 0),
(1103, 208, 10, 'tele', 7, 6, 4, 0),
(1104, 208, 9, 'tele', 4, 6, 7, 0),
(1105, 208, 8, 'tele', 7, 8, 4, 0),
(1106, 208, 7, 'tele', 4, 3, 7, 0),
(1107, 208, 6, 'tele', 7, 8, 4, 0),
(1108, 208, 5, 'tele', 4, 8, 7, 0),
(1109, 208, 4, 'tele', 7, 8, 4, 0),
(1110, 208, 3, 'tele', 4, 8, 7, 0),
(1111, 208, 2, 'tele', 7, 8, 4, 0),
(1112, 208, 1, 'tele', 4, 8, 7, 0),
(1113, 207, 17, 'auto', 7, 2, 1, 0),
(1114, 207, 16, 'tele', 7, 7, 1, 0),
(1115, 207, 14, 'tele', 1, 7, 7, 0),
(1116, 207, 12, 'tele', 7, 9, 1, 0),
(1117, 207, 10, 'tele', 1, 7, 7, 0),
(1118, 207, 4, 'tele', 7, 2, 1, 0),
(1119, 207, 2, 'tele', 1, 7, 7, 0),
(1120, 210, 5, 'tele', 7, 2, 4, 0),
(1121, 210, 4, 'tele', 4, 9, 7, 0),
(1122, 210, 3, 'tele', 7, 9, 4, 0),
(1123, 210, 2, 'tele', 4, 9, 7, 0),
(1124, 210, 1, 'tele', 7, 9, 4, 0),
(1125, 209, 14, 'auto', 7, 3, 4, 0),
(1126, 209, 10, 'tele', 7, 8, 4, 0),
(1127, 209, 9, 'tele', 4, 6, 7, 0),
(1128, 209, 7, 'tele', 7, 2, 4, 0),
(1129, 209, 5, 'tele', 4, 6, 7, 0),
(1130, 209, 3, 'tele', 7, 3, 4, 0),
(1131, 209, 1, 'tele', 4, 6, 7, 0),
(1132, 205, 7, 'auto', 7, 7, 1, 0),
(1133, 205, 6, 'tele', 7, 9, 1, 0),
(1134, 205, 4, 'tele', 1, 7, 7, 0),
(1135, 205, 3, 'tele', 7, 7, 1, 0),
(1136, 205, 2, 'tele', 7, 7, 1, 0),
(1137, 205, 1, 'tele', 1, 7, 7, 0),
(1138, 216, 8, 'auto', 7, 7, 4, 0),
(1139, 216, 7, 'tele', 7, 6, 4, 0),
(1140, 216, 6, 'tele', 4, 6, 7, 0),
(1141, 216, 5, 'tele', 7, 1, 4, 0),
(1142, 216, 3, 'tele', 4, 6, 7, 0),
(1143, 216, 2, 'tele', 7, 1, 4, 0),
(1144, 216, 1, 'tele', 4, 6, 7, 0),
(1145, 214, 1, 'tele', 7, 3, NULL, 1),
(1146, 211, 14, 'auto', 7, 9, 1, 0),
(1147, 211, 10, 'tele', 7, 9, 1, 0),
(1148, 211, 8, 'tele', 1, 9, 7, 0),
(1149, 211, 4, 'tele', 7, 9, 1, 0),
(1150, 211, 2, 'tele', 1, 9, 7, 0),
(1151, 212, 6, 'auto', 7, 7, NULL, 1),
(1152, 212, 4, 'tele', 1, 7, 7, 0),
(1153, 212, 3, 'tele', 7, 7, 1, 0),
(1154, 212, 2, 'tele', 1, 7, 7, 0),
(1155, 212, 1, 'tele', 7, 7, 1, 0),
(1156, 213, 7, 'tele', 7, 1, 1, 0),
(1157, 213, 6, 'tele', 1, 4, 7, 0),
(1158, 213, 5, 'tele', 7, 1, 1, 0),
(1159, 213, 4, 'tele', 1, 4, 7, 0),
(1160, 213, 3, 'tele', 7, 4, 1, 0),
(1161, 213, 2, 'tele', 1, 4, 7, 0),
(1162, 213, 1, 'tele', 7, 4, 1, 0),
(1163, 215, 13, 'auto', 7, 9, 4, 0),
(1164, 215, 10, 'tele', 7, 3, 4, 0),
(1165, 215, 8, 'tele', 4, 3, 7, 0),
(1166, 215, 7, 'tele', 7, 3, 4, 0),
(1167, 215, 6, 'tele', 4, 7, 7, 0),
(1168, 215, 5, 'tele', 7, 7, 4, 0),
(1169, 215, 4, 'tele', 4, 9, 7, 0),
(1170, 215, 2, 'tele', 7, 9, 4, 0),
(1171, 215, 1, 'tele', 4, 9, 7, 0),
(1172, 219, 8, 'tele', 7, 2, 1, 0),
(1173, 219, 7, 'tele', 1, 8, 7, 0),
(1174, 219, 6, 'tele', 7, 8, 1, 0),
(1175, 219, 5, 'tele', 1, 8, 7, 0),
(1176, 219, 4, 'tele', 7, 2, 1, 0),
(1177, 219, 3, 'tele', 7, 4, 1, 0),
(1178, 219, 2, 'tele', 1, 4, 7, 0),
(1179, 219, 1, 'tele', 7, 4, 1, 0),
(1180, 220, 5, 'tele', 7, 8, 4, 0),
(1181, 220, 3, 'tele', 4, 8, 7, 0),
(1182, 220, 1, 'auto', 7, 8, 4, 0),
(1183, 222, 14, 'auto', 7, 4, 4, 0),
(1184, 222, 10, 'tele', 7, 2, 4, 0),
(1185, 222, 9, 'tele', 4, 4, 7, 0),
(1186, 222, 7, 'tele', 7, 2, 4, 0),
(1187, 222, 5, 'tele', 4, 4, 7, 0),
(1188, 222, 3, 'tele', 7, 4, 4, 0),
(1189, 222, 1, 'tele', 4, 4, 7, 0),
(1190, 218, 8, 'tele', 1, 9, 7, 0),
(1191, 218, 6, 'tele', 1, 9, 7, 0),
(1192, 218, 2, 'tele', 7, 9, 1, 0),
(1193, 217, 5, 'tele', 7, 8, 1, 0),
(1194, 217, 4, 'tele', 1, 8, 7, 0),
(1195, 217, 3, 'tele', 7, 8, 1, 0),
(1196, 217, 2, 'tele', 1, 8, 7, 0),
(1197, 217, 1, 'tele', 7, 8, 1, 0),
(1198, 226, 12, 'auto', 7, 4, 4, 0),
(1199, 226, 4, 'tele', 7, 4, 4, 0),
(1200, 226, 2, 'tele', 4, 4, 7, 0),
(1201, 224, 3, 'tele', 7, 8, 1, 0),
(1202, 224, 2, 'tele', 1, 8, 7, 0),
(1203, 224, 1, 'tele', 7, 8, 1, 0),
(1204, 228, 12, 'auto', 7, 9, 4, 0),
(1205, 228, 10, 'tele', 7, 9, 4, 0),
(1206, 228, 7, 'tele', 7, 9, 4, 0),
(1207, 228, 5, 'tele', 4, 9, 7, 0),
(1208, 228, 4, 'tele', 7, 2, 4, 0),
(1209, 228, 3, 'tele', 4, 9, 7, 0),
(1210, 228, 2, 'tele', 7, 2, 4, 0),
(1211, 228, 1, 'tele', 4, 9, 7, 0),
(1212, 227, 15, 'auto', 7, 8, 4, 0),
(1213, 227, 13, 'tele', 7, 9, 4, 0),
(1214, 227, 11, 'tele', 4, 8, 7, 0),
(1215, 227, 9, 'tele', 7, 8, 4, 0),
(1216, 227, 7, 'tele', 4, 8, 7, 0),
(1217, 227, 5, 'tele', 7, 8, 4, 0),
(1218, 227, 3, 'tele', 4, 8, 7, 0),
(1219, 225, 10, 'auto', 7, 9, 1, 0),
(1220, 225, 9, 'tele', 7, 1, 1, 0),
(1221, 225, 7, 'tele', 1, 8, 7, 0),
(1222, 225, 6, 'tele', 7, 1, 1, 0),
(1223, 225, 5, 'tele', 1, 8, 7, 0),
(1224, 225, 4, 'tele', 7, 8, 1, 0),
(1225, 225, 3, 'tele', 1, 8, 7, 0),
(1226, 225, 2, 'tele', 7, 9, 1, 0),
(1227, 225, 1, 'tele', 1, 9, 7, 0),
(1228, 233, 1, 'tele', 7, 3, NULL, 1),
(1229, 234, 5, 'tele', 4, 8, 4, 0),
(1230, 234, 4, 'tele', 4, 8, 4, 0),
(1231, 234, 3, 'tele', 4, 8, 4, 0),
(1232, 234, 1, 'auto', 7, 8, 4, 0),
(1233, 229, 11, 'auto', 7, 9, 1, 0),
(1234, 231, 10, 'auto', 7, 8, 1, 0),
(1235, 231, 7, 'tele', 7, 3, 1, 0),
(1236, 231, 6, 'tele', 1, 3, 7, 0),
(1237, 231, 5, 'tele', 7, 8, 1, 0),
(1238, 231, 4, 'tele', 7, 8, 1, 0),
(1239, 231, 3, 'tele', 1, 8, 7, 0),
(1240, 231, 2, 'tele', 7, 8, 1, 0),
(1241, 231, 1, 'tele', 1, 8, 7, 0),
(1242, 232, 9, 'auto', 7, 9, 1, 0),
(1243, 232, 7, 'tele', 7, 8, 4, 0),
(1244, 232, 6, 'tele', 4, 8, 7, 0),
(1245, 232, 5, 'tele', 7, 2, 4, 0),
(1246, 232, 4, 'tele', 4, 8, 7, 0),
(1247, 232, 3, 'tele', 4, 9, 7, 0),
(1248, 232, 2, 'tele', 7, 9, 4, 0),
(1249, 232, 1, 'tele', 4, 9, 7, 0),
(1250, 230, 15, 'auto', 7, 3, 1, 0),
(1251, 230, 14, 'tele', 1, 8, 7, 0),
(1252, 230, 12, 'tele', 7, 9, 1, 0),
(1253, 230, 10, 'tele', 1, 3, 7, 0),
(1254, 230, 8, 'tele', 7, 2, 1, 0),
(1255, 230, 6, 'tele', 1, 3, 7, 0),
(1256, 230, 4, 'tele', 7, 3, 1, 0),
(1257, 230, 2, 'tele', 1, 3, 7, 0),
(1258, 238, 5, 'tele', 7, 8, 4, 0),
(1259, 238, 4, 'tele', 4, 3, 7, 0),
(1260, 238, 3, 'tele', 4, 3, NULL, 1),
(1261, 238, 1, 'tele', 7, 3, 4, 0),
(1262, 235, 10, 'auto', 7, 8, 1, 0),
(1263, 235, 7, 'tele', 7, 8, 1, 0),
(1264, 235, 5, 'tele', 1, 8, 7, 0),
(1265, 235, 3, 'tele', 7, 8, 1, 0),
(1266, 235, 1, 'tele', 1, 8, 7, 0),
(1267, 236, 8, 'tele', 7, 3, 1, 0),
(1268, 236, 7, 'tele', 1, 3, 7, 0),
(1269, 236, 5, 'tele', 7, 3, 1, 0),
(1270, 236, 4, 'tele', 7, 3, 7, 0),
(1271, 240, 14, 'auto', 7, 9, 4, 0),
(1272, 240, 13, 'tele', 7, 1, 4, 0),
(1273, 240, 11, 'tele', 4, 5, 7, 0),
(1274, 240, 10, 'tele', 7, 5, 4, 0),
(1275, 240, 8, 'tele', 4, 8, 7, 0),
(1276, 240, 6, 'tele', 7, 1, 4, 0),
(1277, 240, 5, 'tele', 4, 3, 7, 0),
(1278, 240, 4, 'tele', 7, 9, 4, 0),
(1279, 240, 2, 'tele', 4, 9, 7, 0),
(1280, 237, 7, 'tele', 1, 9, 7, 0),
(1281, 237, 6, 'tele', 7, 9, 1, 0),
(1282, 237, 5, 'tele', 1, 9, 7, 0),
(1283, 237, 4, 'tele', 1, 9, 1, 0),
(1284, 237, 3, 'tele', 7, 2, 1, 0),
(1285, 237, 2, 'tele', 1, 8, 7, 0),
(1286, 237, 1, 'tele', 7, 2, 1, 0),
(1287, 239, 8, 'auto', 7, 8, 4, 0),
(1288, 239, 5, 'tele', 4, 5, 4, 0),
(1289, 239, 4, 'tele', 7, 8, 4, 0),
(1290, 239, 2, 'tele', 4, 5, 7, 0),
(1291, 241, 14, 'tele', 1, 9, 7, 0),
(1292, 241, 12, 'tele', 1, 9, 7, 0),
(1293, 241, 6, 'tele', 7, 9, 1, 0),
(1294, 241, 5, 'tele', 1, 9, 7, 0),
(1295, 241, 2, 'tele', 7, 8, 1, 0),
(1296, 241, 1, 'tele', 1, 9, 7, 0),
(1297, 243, 12, 'auto', 7, 3, 1, 0),
(1298, 243, 10, 'tele', 7, 9, 1, 0),
(1299, 243, 8, 'tele', 1, 8, 7, 0),
(1300, 243, 5, 'tele', 7, 9, 1, 0),
(1301, 243, 4, 'tele', 1, 3, 7, 0),
(1302, 243, 3, 'tele', 7, 6, 1, 0),
(1303, 243, 2, 'tele', 1, 6, 7, 0),
(1304, 242, 10, 'auto', 7, 3, 1, 0),
(1305, 242, 9, 'tele', 7, 8, 1, 0),
(1306, 242, 8, 'tele', 4, 9, 7, 0),
(1307, 242, 7, 'tele', 1, 9, 7, 0),
(1308, 242, 6, 'tele', 7, 3, 1, 0),
(1309, 242, 5, 'tele', 1, 8, 7, 0),
(1310, 242, 4, 'tele', 7, 8, 1, 0),
(1311, 242, 3, 'tele', 1, 8, 7, 0),
(1312, 242, 2, 'tele', 7, 6, 1, 0),
(1313, 242, 1, 'tele', 1, 6, 7, 0),
(1314, 245, 11, 'auto', 7, 8, 4, 0),
(1315, 245, 10, 'tele', 7, 8, 4, 0),
(1316, 245, 9, 'tele', 4, 6, 7, 0),
(1317, 245, 7, 'tele', 4, 8, 7, 0),
(1318, 245, 6, 'tele', 7, 8, 4, 0),
(1319, 245, 5, 'tele', 4, 8, 7, 0),
(1320, 245, 4, 'tele', 7, 1, 4, 0),
(1321, 245, 3, 'tele', 4, 8, 7, 0),
(1322, 245, 2, 'tele', 7, 1, 4, 0),
(1323, 245, 1, 'tele', 4, 8, 7, 0),
(1324, 246, 16, 'auto', 7, 4, 4, 0),
(1325, 246, 15, 'tele', 7, 8, 4, 0),
(1326, 246, 13, 'tele', 4, 4, 7, 0),
(1327, 246, 7, 'tele', 7, 4, 4, 0),
(1328, 246, 5, 'tele', 4, 4, 7, 0),
(1329, 246, 3, 'tele', 7, 4, 4, 0),
(1330, 246, 1, 'tele', 4, 8, 7, 0),
(1331, 244, 16, 'auto', 7, 9, 4, 0),
(1332, 244, 14, 'tele', 7, 9, 4, 0),
(1333, 244, 12, 'tele', 4, 9, 7, 0),
(1334, 244, 8, 'tele', 7, 9, 4, 0),
(1335, 244, 6, 'tele', 4, 9, 7, 0),
(1336, 249, 10, 'auto', 7, 9, 1, 0),
(1337, 249, 9, 'tele', 7, 2, 1, 0),
(1338, 249, 8, 'tele', 7, 2, 7, 0),
(1339, 249, 7, 'tele', 1, 3, 7, 0),
(1340, 249, 6, 'tele', 7, 2, 1, 0),
(1341, 249, 5, 'tele', 1, 3, 7, 0),
(1342, 249, 4, 'tele', 7, 9, 1, 0),
(1343, 249, 3, 'tele', 1, 8, 7, 0),
(1344, 249, 2, 'tele', 7, 8, 1, 0),
(1345, 249, 1, 'tele', 1, 8, 7, 0),
(1346, 251, 12, 'auto', 7, 8, 4, 0),
(1347, 251, 9, 'tele', 7, 8, 4, 0),
(1348, 251, 7, 'tele', 7, 2, 4, 0),
(1349, 251, 6, 'tele', 4, 2, 7, 0),
(1350, 251, 5, 'tele', 7, 2, 4, 0),
(1351, 251, 4, 'tele', 4, 8, 7, 0),
(1352, 251, 3, 'tele', 7, 8, 4, 0),
(1353, 251, 2, 'tele', 4, 8, 7, 0),
(1354, 252, 15, 'auto', 7, 9, 4, 0),
(1355, 252, 11, 'tele', 7, 9, 4, 0),
(1356, 252, 9, 'tele', 4, 9, 7, 0),
(1357, 252, 7, 'tele', 7, 9, 4, 0),
(1358, 252, 5, 'tele', 4, 9, 7, 0),
(1359, 252, 3, 'tele', 7, 9, 4, 0),
(1360, 252, 1, 'tele', 4, 9, 7, 0),
(1361, 247, 8, 'tele', 7, 8, 1, 0),
(1362, 247, 6, 'tele', 1, 3, 7, 0),
(1363, 247, 4, 'tele', 7, 3, 1, 0),
(1364, 247, 1, 'auto', 7, 8, 1, 0),
(1365, 248, 6, 'auto', 7, 8, NULL, 1),
(1366, 248, 5, 'tele', 7, 8, 1, 0),
(1367, 248, 3, 'tele', 1, 8, 7, 0),
(1368, 248, 1, 'tele', 7, 8, 1, 0),
(1369, 250, 10, 'tele', 7, 6, 4, 0),
(1370, 250, 9, 'tele', 4, 6, 7, 0),
(1371, 250, 8, 'tele', 7, 6, 4, 0),
(1372, 250, 7, 'tele', 4, 6, 7, 0),
(1373, 250, 6, 'tele', 7, 6, 4, 0),
(1374, 250, 5, 'tele', 4, 6, 7, 0),
(1375, 250, 4, 'tele', 7, 4, 4, 0),
(1376, 250, 3, 'tele', 7, 4, 7, 0),
(1377, 250, 2, 'tele', 4, 4, 7, 0),
(1378, 250, 1, 'tele', 7, 4, 4, 0),
(1379, 255, 1, 'tele', 7, 3, 1, 0),
(1380, 256, 5, 'tele', 7, 3, 4, 0),
(1381, 256, 4, 'tele', 4, 8, 7, 0),
(1382, 256, 3, 'tele', 7, 8, 4, 0),
(1383, 256, 2, 'tele', 4, 8, 7, 0),
(1384, 256, 1, 'tele', 7, 8, 4, 0),
(1385, 254, 7, 'tele', 7, 7, 1, 0),
(1386, 254, 6, 'tele', 7, 7, 7, 0),
(1387, 254, 5, 'tele', 7, 7, 7, 0),
(1388, 254, 4, 'tele', 7, 7, 7, 0),
(1389, 254, 3, 'tele', 7, 7, 7, 0),
(1390, 254, 2, 'tele', 1, 6, 7, 0),
(1391, 254, 1, 'tele', 7, 7, 1, 0),
(1392, 257, 12, 'auto', 7, 9, 4, 0),
(1393, 257, 11, 'tele', 7, 9, 7, 0),
(1394, 257, 10, 'tele', 4, 6, 7, 0),
(1395, 257, 9, 'tele', 7, 6, 4, 0),
(1396, 257, 8, 'tele', 4, 6, 7, 0),
(1397, 257, 5, 'tele', 7, 9, 4, 0),
(1398, 257, 3, 'tele', 4, 9, 7, 0),
(1399, 253, 10, 'auto', 7, 9, 1, 0),
(1400, 253, 6, 'tele', 7, 3, 1, 0),
(1401, 253, 5, 'tele', 1, 3, 7, 0),
(1402, 253, 3, 'tele', 7, 3, 1, 0),
(1403, 253, 1, 'tele', 1, 3, 7, 0),
(1404, 258, 1, 'tele', 7, 3, NULL, 1),
(1405, 262, 16, 'auto', 7, 9, 4, 0),
(1406, 262, 15, 'tele', 4, 4, 7, 0),
(1407, 262, 13, 'tele', 7, 9, 4, 0),
(1408, 262, 11, 'tele', 4, 9, 7, 0),
(1409, 262, 5, 'tele', 7, 4, 4, 0),
(1410, 262, 3, 'tele', 4, 4, 7, 0),
(1411, 259, 13, 'auto', 7, 3, 1, 0),
(1412, 259, 12, 'tele', 7, 3, NULL, 1),
(1413, 259, 11, 'tele', 1, 6, 7, 0),
(1414, 259, 10, 'tele', 7, 6, 1, 0),
(1415, 259, 9, 'tele', 1, 6, 7, 0),
(1416, 259, 8, 'tele', 7, 6, 1, 0),
(1417, 259, 7, 'tele', 1, 6, 7, 0),
(1418, 259, 6, 'tele', 7, 1, 1, 0),
(1419, 259, 5, 'tele', 1, 3, 7, 0),
(1420, 259, 4, 'tele', 7, 1, 1, 0),
(1421, 259, 3, 'tele', 1, 3, 7, 0),
(1422, 259, 2, 'tele', 7, 3, 1, 0),
(1423, 259, 1, 'tele', 1, 3, 7, 0),
(1424, 260, 17, 'auto', 7, 9, 1, 0),
(1425, 260, 15, 'tele', 7, 9, 1, 0),
(1426, 260, 13, 'tele', 1, 9, 7, 0),
(1427, 260, 11, 'tele', 7, 9, 1, 0),
(1428, 260, 9, 'tele', 1, 9, 7, 0),
(1429, 260, 3, 'tele', 7, 9, 1, 0),
(1430, 260, 1, 'tele', 1, 9, 7, 0),
(1431, 263, 8, 'tele', 7, 6, 4, 0),
(1432, 263, 7, 'tele', 4, 6, 7, 0),
(1433, 263, 6, 'tele', 7, 6, 4, 0),
(1434, 263, 5, 'tele', 4, 6, 7, 0),
(1435, 263, 4, 'tele', 7, 4, 4, 0),
(1436, 263, 3, 'tele', 4, 9, 7, 0),
(1437, 263, 1, 'tele', 7, 9, 4, 0),
(1438, 261, 16, 'auto', 7, 8, 1, 0),
(1439, 261, 14, 'tele', 1, 8, 7, 0),
(1440, 261, 12, 'tele', 7, 8, 1, 0),
(1441, 261, 10, 'tele', 1, 8, 7, 0),
(1442, 261, 8, 'tele', 7, 8, 1, 0),
(1443, 261, 6, 'tele', 1, 8, 7, 0),
(1444, 261, 4, 'tele', 7, 8, 1, 0),
(1445, 261, 2, 'tele', 1, 8, 7, 0),
(1446, 264, 11, 'auto', 7, 8, 4, 0),
(1447, 264, 9, 'tele', 7, 8, 4, 0),
(1448, 264, 6, 'tele', 7, 8, 4, 0),
(1449, 264, 5, 'tele', 7, 4, 7, 0),
(1450, 264, 4, 'tele', 4, 8, 7, 0),
(1451, 264, 3, 'tele', 7, 8, 4, 0),
(1452, 264, 2, 'tele', 4, 8, 7, 0),
(1453, 267, 13, 'tele', 7, 1, 1, 0),
(1454, 267, 11, 'tele', 1, 1, 7, 0),
(1455, 267, 7, 'tele', 7, 1, 1, 0),
(1456, 267, 5, 'tele', 1, 1, 7, 0),
(1457, 267, 1, 'auto', 7, 1, 1, 0),
(1458, 266, 11, 'tele', 7, 9, 1, 0),
(1459, 266, 9, 'tele', 1, 9, 7, 0),
(1460, 266, 5, 'tele', 7, 9, 1, 0),
(1461, 266, 3, 'tele', 1, 9, 7, 0),
(1462, 266, 1, 'tele', 7, 9, 1, 0),
(1463, 270, 14, 'auto', 7, 7, NULL, 1),
(1464, 270, 12, 'tele', 7, 3, 4, 0),
(1465, 270, 10, 'tele', 4, 7, 7, 0),
(1466, 270, 9, 'tele', 7, 7, 4, 0),
(1467, 270, 8, 'tele', 4, 7, 7, 0),
(1468, 270, 7, 'tele', 7, 3, 4, 0),
(1469, 270, 6, 'tele', 4, 7, 7, 0),
(1470, 270, 2, 'tele', 7, 7, 4, 0),
(1471, 265, 11, 'auto', 7, 7, 1, 0),
(1472, 265, 10, 'tele', 7, 6, 1, 0),
(1473, 265, 9, 'tele', 1, 6, 7, 0),
(1474, 265, 7, 'tele', 7, 3, 1, 0),
(1475, 265, 5, 'tele', 1, 3, 7, 0),
(1476, 265, 4, 'tele', 7, 3, 1, 0),
(1477, 265, 3, 'tele', 1, 3, 7, 0),
(1478, 265, 2, 'tele', 7, 7, 1, 0),
(1479, 269, 1, 'tele', 7, 1, 4, 0),
(1480, 268, 12, 'auto', 7, 9, 4, 0),
(1481, 268, 10, 'tele', 7, 9, 4, 0),
(1482, 268, 8, 'tele', 7, 9, 4, 0),
(1483, 268, 7, 'tele', 4, 9, 7, 0),
(1484, 268, 6, 'tele', 7, 9, 4, 0),
(1485, 268, 3, 'tele', 7, 9, 4, 0),
(1486, 268, 1, 'tele', 4, 9, 7, 0),
(1487, 273, 8, 'auto', 7, 1, NULL, 1),
(1488, 273, 7, 'tele', 7, 7, NULL, 1),
(1489, 273, 6, 'tele', 7, 7, 7, 0),
(1490, 273, 5, 'tele', 7, 7, 7, 0),
(1491, 273, 3, 'tele', 7, 7, 7, 0),
(1492, 273, 1, 'tele', 7, 7, 7, 0),
(1493, 272, 7, 'auto', 7, 7, 1, 0),
(1494, 272, 6, 'tele', 7, 3, NULL, 1),
(1495, 272, 4, 'tele', 1, 6, 7, 0),
(1496, 272, 3, 'tele', 7, 6, 1, 0),
(1497, 272, 2, 'tele', 1, 6, 7, 0),
(1498, 272, 1, 'tele', 1, 3, NULL, 1),
(1499, 276, 10, 'auto', 7, 7, 4, 0),
(1500, 276, 8, 'tele', 7, 6, 4, 0),
(1501, 276, 6, 'tele', 4, 3, 7, 0),
(1502, 276, 2, 'tele', 7, 7, 4, 0),
(1503, 276, 1, 'tele', 4, 7, 7, 0);
INSERT INTO `matchbreaches` (`id`, `teamMatchID`, `orderID`, `mode`, `startZone`, `defenseID`, `endZone`, `fail`) VALUES
(1504, 275, 16, 'auto', 7, 9, 4, 0),
(1505, 275, 14, 'tele', 4, 6, 7, 0),
(1506, 275, 12, 'tele', 7, 9, 4, 0),
(1507, 275, 10, 'tele', 4, 9, 7, 0),
(1508, 275, 8, 'tele', 7, 1, 4, 0),
(1509, 275, 6, 'tele', 4, 9, 7, 0),
(1510, 275, 4, 'tele', 7, 9, 4, 0),
(1511, 275, 2, 'tele', 4, 9, 7, 0),
(1512, 274, 8, 'auto', 7, 3, NULL, 1),
(1513, 274, 6, 'tele', 7, 1, 4, 0),
(1514, 274, 5, 'tele', 4, 3, 7, 0),
(1515, 274, 4, 'tele', 7, 3, 4, 0),
(1516, 274, 3, 'tele', 4, 3, 7, 0),
(1517, 274, 1, 'tele', 7, 3, 4, 0),
(1518, 280, 9, 'auto', 7, 9, 4, 0),
(1519, 280, 7, 'tele', 7, 9, 4, 0),
(1520, 280, 5, 'tele', 4, 9, 7, 0),
(1521, 280, 3, 'tele', 7, 1, 4, 0),
(1522, 280, 1, 'tele', 4, 9, 7, 0),
(1523, 278, 12, 'auto', 7, 9, 1, 0),
(1524, 278, 9, 'tele', 1, 9, 1, 0),
(1525, 278, 7, 'tele', 7, 8, 1, 0),
(1526, 278, 6, 'tele', 1, 8, 7, 0),
(1527, 278, 5, 'tele', 7, 8, 1, 0),
(1528, 278, 4, 'tele', 1, 9, 7, 0),
(1529, 278, 3, 'tele', 7, 9, 1, 0),
(1530, 278, 1, 'tele', 1, 9, 7, 0),
(1531, 281, 15, 'tele', 7, 7, 4, 0),
(1532, 281, 13, 'tele', 4, 7, 7, 0),
(1533, 281, 9, 'tele', 7, 3, 4, 0),
(1534, 281, 7, 'tele', 4, 3, 7, 0),
(1535, 281, 5, 'tele', 7, 7, 4, 0),
(1536, 281, 3, 'tele', 4, 3, 7, 0),
(1537, 281, 1, 'auto', 7, 7, 4, 0),
(1538, 277, 13, 'auto', 7, 1, 1, 0),
(1539, 277, 9, 'tele', 1, 8, 7, 0),
(1540, 277, 6, 'tele', 7, 4, 1, 0),
(1541, 277, 5, 'tele', 1, 8, 7, 0),
(1542, 277, 4, 'tele', 7, 4, 1, 0),
(1543, 277, 3, 'tele', 1, 8, 7, 0),
(1544, 277, 2, 'tele', 7, 1, 1, 0),
(1545, 277, 1, 'tele', 1, 8, 7, 0),
(1546, 279, 1, 'tele', 7, 3, 4, 0),
(1547, 284, 6, 'auto', 7, 3, 1, 0),
(1548, 284, 5, 'tele', 7, 6, 1, 0),
(1549, 284, 4, 'tele', 1, 6, 7, 0),
(1550, 284, 3, 'tele', 7, 8, 1, 0),
(1551, 284, 2, 'tele', 1, 6, 7, 0),
(1552, 284, 1, 'tele', 1, 3, NULL, 1),
(1553, 287, 10, 'tele', 7, 8, 4, 0),
(1554, 287, 8, 'tele', 4, 8, 7, 0),
(1555, 287, 4, 'tele', 7, 8, 4, 0),
(1556, 287, 3, 'tele', 4, 8, 7, 0),
(1557, 287, 1, 'tele', 7, 9, 4, 0),
(1558, 283, 8, 'auto', 7, 8, 1, 0),
(1559, 283, 7, 'tele', 1, 8, 7, 0),
(1560, 283, 6, 'tele', 7, 1, 1, 0),
(1561, 283, 5, 'tele', 1, 8, 7, 0),
(1562, 283, 4, 'tele', 7, 1, 1, 0),
(1563, 283, 3, 'tele', 1, 8, 7, 0),
(1564, 283, 2, 'tele', 7, 8, 1, 0),
(1565, 283, 1, 'tele', 1, 8, 7, 0),
(1566, 285, 7, 'auto', 7, 3, 1, 0),
(1567, 285, 6, 'tele', 7, 3, 1, 0),
(1568, 285, 5, 'tele', 1, 8, 7, 0),
(1569, 285, 2, 'tele', 7, 9, 1, 0),
(1570, 285, 1, 'tele', 1, 9, 7, 0),
(1571, 286, 7, 'tele', 4, 5, NULL, 1),
(1572, 286, 6, 'tele', 7, 9, 4, 0),
(1573, 286, 5, 'tele', 4, 9, 7, 0),
(1574, 286, 4, 'tele', 7, 4, NULL, 1),
(1575, 286, 3, 'tele', 4, 9, 7, 0),
(1576, 286, 1, 'auto', 7, 9, 4, 0),
(1577, 288, 15, 'auto', 7, 8, 4, 0),
(1578, 288, 13, 'tele', 4, 8, 7, 0),
(1579, 288, 11, 'tele', 7, 8, 4, 0),
(1580, 288, 9, 'tele', 4, 1, 7, 0),
(1581, 288, 7, 'tele', 7, 1, 4, 0),
(1582, 288, 5, 'tele', 4, 1, 7, 0),
(1583, 288, 3, 'tele', 7, 1, 4, 0),
(1584, 288, 1, 'tele', 4, 8, 7, 0),
(1585, 293, 14, 'auto', 7, 7, 4, 0),
(1586, 293, 12, 'tele', 7, 3, 4, 0),
(1587, 293, 11, 'tele', 4, 7, 7, 0),
(1588, 293, 10, 'tele', 7, 1, 4, 0),
(1589, 293, 9, 'tele', 4, 7, 7, 0),
(1590, 293, 8, 'tele', 7, 1, 4, 0),
(1591, 293, 7, 'tele', 4, 3, 7, 0),
(1592, 293, 6, 'tele', 7, 3, 4, 0),
(1593, 293, 5, 'tele', 4, 7, 7, 0),
(1594, 293, 4, 'tele', 7, 7, 4, 0),
(1595, 293, 2, 'tele', 4, 7, 7, 0),
(1596, 294, 10, 'auto', 7, 9, 4, 0),
(1597, 294, 5, 'tele', 7, 6, 4, 0),
(1598, 294, 1, 'tele', 7, 9, 4, 0),
(1599, 292, 3, 'auto', 7, 3, NULL, 1),
(1600, 292, 2, 'tele', 4, 6, 7, 0),
(1601, 292, 1, 'tele', 7, 3, 4, 0),
(1602, 289, 2, 'tele', 7, 9, 1, 0),
(1603, 291, 8, 'auto', 7, 9, 1, 0),
(1604, 291, 7, 'tele', 7, 9, 1, 0),
(1605, 291, 6, 'tele', 7, 7, 1, 0),
(1606, 291, 5, 'tele', 1, 9, 7, 0),
(1607, 291, 4, 'tele', 7, 9, 1, 0),
(1608, 291, 2, 'tele', 1, 9, 7, 0),
(1609, 290, 12, 'auto', 7, 3, 1, 0),
(1610, 290, 11, 'tele', 7, 6, 1, 0),
(1611, 290, 10, 'tele', 1, 6, 7, 0),
(1612, 290, 9, 'tele', 1, 6, 7, 0),
(1613, 290, 8, 'tele', 7, 6, 1, 0),
(1614, 290, 7, 'tele', 1, 6, 7, 0),
(1615, 290, 6, 'tele', 7, 2, 1, 0),
(1616, 290, 5, 'tele', 1, 3, 7, 0),
(1617, 290, 4, 'tele', 7, 2, 1, 0),
(1618, 290, 3, 'tele', 1, 3, 7, 0),
(1619, 290, 2, 'tele', 7, 3, 1, 0),
(1620, 290, 1, 'tele', 1, 3, 7, 0),
(1621, 300, 12, 'auto', 7, 7, 4, 0),
(1622, 300, 6, 'tele', 7, 2, 4, 0),
(1623, 300, 5, 'tele', 4, 3, 7, 0),
(1624, 300, 4, 'tele', 7, 2, 4, 0),
(1625, 300, 2, 'tele', 4, 7, 7, 0),
(1626, 298, 14, 'tele', 4, 9, 7, 0),
(1627, 298, 12, 'tele', 7, 3, 4, 0),
(1628, 298, 10, 'tele', 4, 3, 7, 0),
(1629, 298, 8, 'tele', 7, 3, 4, 0),
(1630, 298, 7, 'tele', 4, 9, 7, 0),
(1631, 298, 5, 'tele', 7, 9, 4, 0),
(1632, 298, 3, 'tele', 4, 9, 7, 0),
(1633, 298, 1, 'auto', 7, 9, 4, 0),
(1634, 296, 4, 'tele', 7, 7, 1, 0),
(1635, 296, 3, 'tele', 1, 1, 7, 0),
(1636, 296, 1, 'tele', 7, 1, 1, 0),
(1637, 297, 8, 'tele', 7, 9, 1, 0),
(1638, 297, 6, 'tele', 7, 7, 7, 0),
(1639, 297, 5, 'tele', 7, 7, 7, 0),
(1640, 297, 4, 'tele', 1, 3, 7, 0),
(1641, 297, 3, 'tele', 7, 3, 1, 0),
(1642, 297, 2, 'tele', 1, 3, 7, 0),
(1643, 297, 1, 'tele', 7, 3, 1, 0),
(1644, 295, 6, 'auto', 7, 9, 1, 0),
(1645, 295, 1, 'tele', 7, 9, 1, 0),
(1646, 299, 8, 'auto', 7, 3, 4, 0),
(1647, 299, 7, 'tele', 7, 3, NULL, 1),
(1648, 299, 6, 'tele', 4, 5, 7, 0),
(1649, 299, 5, 'tele', 4, 5, 4, 0),
(1650, 299, 4, 'tele', 7, 5, 4, 0),
(1651, 299, 3, 'tele', 4, 5, 7, 0),
(1652, 299, 2, 'tele', 7, 3, 4, 0),
(1653, 299, 1, 'tele', 4, 3, 7, 0),
(1654, 306, 15, 'auto', 7, 7, 4, 0),
(1655, 306, 13, 'tele', 4, 7, 7, 0),
(1656, 306, 11, 'tele', 7, 3, 4, 0),
(1657, 306, 9, 'tele', 4, 7, 7, 0),
(1658, 306, 8, 'tele', 7, 2, 4, 0),
(1659, 306, 7, 'tele', 4, 7, 7, 0),
(1660, 306, 6, 'tele', 7, 2, 4, 0),
(1661, 306, 5, 'tele', 4, 7, 7, 0),
(1662, 306, 3, 'tele', 7, 7, 4, 0),
(1663, 306, 1, 'tele', 4, 7, 7, 0),
(1664, 301, 11, 'auto', 7, 8, 1, 0),
(1665, 301, 8, 'tele', 7, 1, 1, 0),
(1666, 301, 7, 'tele', 7, 1, 1, 0),
(1667, 301, 6, 'tele', 7, 9, 1, 0),
(1668, 301, 4, 'tele', 7, 9, 1, 0),
(1669, 303, 9, 'tele', 7, 6, 1, 0),
(1670, 303, 8, 'tele', 1, 6, 7, 0),
(1671, 303, 7, 'tele', 7, 6, 1, 0),
(1672, 303, 6, 'tele', 1, 6, 7, 0),
(1673, 303, 5, 'tele', 7, 8, 1, 0),
(1674, 303, 4, 'tele', 1, 3, 7, 0),
(1675, 303, 3, 'tele', 7, 3, 1, 0),
(1676, 303, 1, 'tele', 1, 6, 7, 0),
(1677, 304, 13, 'tele', 7, 9, 4, 0),
(1678, 304, 12, 'tele', 4, 6, 7, 0),
(1679, 304, 10, 'tele', 7, 9, 4, 0),
(1680, 304, 8, 'tele', 4, 6, 7, 0),
(1681, 304, 4, 'tele', 7, 9, 4, 0),
(1682, 305, 1, 'tele', 7, 9, 4, 0),
(1683, 312, 11, 'auto', 7, 7, 4, 0),
(1684, 312, 9, 'tele', 7, 9, 4, 0),
(1685, 312, 8, 'tele', 4, 6, 7, 0),
(1686, 312, 7, 'tele', 7, 2, 4, 0),
(1687, 312, 5, 'tele', 4, 6, 7, 0),
(1688, 312, 3, 'tele', 7, 2, 4, 0),
(1689, 312, 1, 'tele', 4, 6, 7, 0),
(1690, 310, 13, 'tele', 7, 7, 4, 0),
(1691, 310, 11, 'tele', 4, 6, 7, 0),
(1692, 310, 9, 'tele', 7, 3, 4, 0),
(1693, 310, 7, 'tele', 4, 6, 7, 0),
(1694, 310, 5, 'tele', 7, 3, 4, 0),
(1695, 309, 1, 'tele', 7, 3, NULL, 1),
(1696, 311, 14, 'auto', 7, 9, 4, 0),
(1697, 311, 10, 'tele', 7, 9, 4, 0),
(1698, 311, 7, 'tele', 7, 6, 4, 0),
(1699, 311, 5, 'tele', 4, 9, 7, 0),
(1700, 311, 3, 'tele', 7, 9, 4, 0),
(1701, 308, 16, 'auto', 7, 7, 1, 0),
(1702, 308, 14, 'tele', 7, 3, 1, 0),
(1703, 308, 12, 'tele', 1, 3, 7, 0),
(1704, 308, 8, 'tele', 7, 7, 1, 0),
(1705, 308, 6, 'tele', 1, 9, 7, 0),
(1706, 308, 4, 'tele', 7, 9, 1, 0),
(1707, 308, 2, 'tele', 1, 9, 7, 0),
(1708, 307, 3, 'auto', 7, 9, 1, 0),
(1709, 307, 2, 'tele', 7, 2, 1, 0),
(1710, 307, 1, 'tele', 7, 2, 1, 0),
(1711, 313, 16, 'auto', 7, 3, NULL, 1),
(1712, 313, 14, 'tele', 1, 9, 7, 0),
(1713, 313, 11, 'tele', 1, 9, 7, 0),
(1714, 313, 9, 'tele', 7, 9, 1, 0),
(1715, 313, 7, 'tele', 1, 9, 7, 0),
(1716, 313, 5, 'tele', 7, 9, 1, 0),
(1717, 313, 3, 'tele', 1, 9, 7, 0),
(1718, 313, 1, 'tele', 7, 3, 1, 0),
(1719, 315, 2, 'tele', 7, 7, 1, 0),
(1720, 315, 1, 'tele', 7, 7, 1, 0),
(1721, 316, 10, 'auto', 7, 1, 4, 0),
(1722, 316, 9, 'tele', 7, 9, 4, 0),
(1723, 316, 7, 'tele', 7, 7, 4, 0),
(1724, 316, 6, 'tele', 4, 7, 7, 0),
(1725, 316, 5, 'tele', 7, 7, 4, 0),
(1726, 316, 4, 'tele', 4, 7, 7, 0),
(1727, 316, 3, 'tele', 7, 7, 4, 0),
(1728, 316, 2, 'tele', 4, 7, 7, 0),
(1729, 317, 9, 'auto', 7, 9, 4, 0),
(1730, 317, 5, 'tele', 7, 9, 4, 0),
(1731, 317, 2, 'tele', 4, 9, 7, 0),
(1732, 314, 13, 'auto', 7, 9, 1, 0),
(1733, 314, 11, 'tele', 7, 7, 1, 0),
(1734, 314, 9, 'tele', 1, 7, 7, 0),
(1735, 314, 7, 'tele', 7, 7, 1, 0),
(1736, 314, 5, 'tele', 1, 9, 7, 0),
(1737, 314, 4, 'tele', 7, 1, 1, 0),
(1738, 314, 3, 'tele', 1, 9, 7, 0),
(1739, 314, 2, 'tele', 7, 1, 1, 0),
(1740, 314, 1, 'tele', 1, 9, 7, 0),
(1741, 318, 5, 'tele', 7, 3, 4, 0),
(1742, 318, 4, 'tele', 4, 3, NULL, 1),
(1743, 318, 3, 'tele', 7, 3, 4, 0),
(1744, 318, 1, 'tele', 4, 1, 7, 0),
(1745, 319, 7, 'auto', 7, 7, NULL, 1),
(1746, 319, 6, 'tele', 7, 9, 1, 0),
(1747, 319, 5, 'tele', 1, 9, 7, 0),
(1748, 319, 4, 'tele', 7, 9, 1, 0),
(1749, 319, 3, 'tele', 1, 9, 7, 0),
(1750, 319, 2, 'tele', 7, 7, 1, 0),
(1751, 319, 1, 'tele', 7, 7, NULL, 1),
(1752, 322, 11, 'auto', 7, 3, 4, 0),
(1753, 322, 7, 'tele', 7, 9, 4, 0),
(1754, 322, 5, 'tele', 4, 9, 7, 0),
(1755, 322, 3, 'tele', 7, 3, 4, 0),
(1756, 322, 2, 'tele', 4, 3, 7, 0),
(1757, 322, 1, 'tele', 4, 3, 4, 0),
(1758, 324, 9, 'auto', 7, 7, 4, 0),
(1759, 324, 7, 'tele', 7, 7, 4, 0),
(1760, 324, 5, 'tele', 4, 7, 7, 0),
(1761, 324, 4, 'tele', 7, 1, 4, 0),
(1762, 324, 3, 'tele', 4, 7, 7, 0),
(1763, 324, 2, 'tele', 7, 1, 4, 0),
(1764, 324, 1, 'tele', 4, 7, 7, 0),
(1765, 321, 9, 'tele', 7, 2, 1, 0),
(1766, 321, 7, 'tele', 1, 7, 7, 0),
(1767, 321, 6, 'tele', 7, 6, 1, 0),
(1768, 321, 5, 'tele', 1, 6, 7, 0),
(1769, 321, 4, 'tele', 7, 6, 1, 0),
(1770, 321, 3, 'tele', 1, 6, 7, 0),
(1771, 321, 1, 'tele', 7, 2, 1, 0),
(1772, 320, 9, 'auto', 7, 3, 1, 0),
(1773, 320, 7, 'tele', 7, 3, 1, 0),
(1774, 320, 4, 'tele', 7, 7, 1, 0),
(1775, 320, 1, 'tele', 7, 3, 1, 0),
(1776, 323, 9, 'auto', 7, 9, 4, 0),
(1777, 323, 8, 'tele', 7, 9, 4, 0),
(1778, 323, 7, 'tele', 4, 9, 7, 0),
(1779, 323, 5, 'tele', 7, 9, 4, 0),
(1780, 323, 3, 'tele', 4, 9, 7, 0),
(1781, 323, 1, 'tele', 7, 9, 4, 0),
(1782, 329, 15, 'tele', 4, 9, 7, 0),
(1783, 329, 13, 'tele', 7, 3, 4, 0),
(1784, 329, 11, 'tele', 4, 9, 7, 0),
(1785, 329, 9, 'tele', 7, 3, 4, 0),
(1786, 329, 7, 'tele', 4, 9, 7, 0),
(1787, 329, 5, 'tele', 7, 9, 4, 0),
(1788, 329, 3, 'tele', 4, 9, 7, 0),
(1789, 329, 1, 'auto', 7, 9, 4, 0),
(1790, 330, 12, 'tele', 7, 7, 4, 0),
(1791, 330, 11, 'tele', 4, 7, 7, 0),
(1792, 330, 9, 'tele', 7, 7, 4, 0),
(1793, 330, 7, 'tele', 4, 7, 7, 0),
(1794, 330, 6, 'tele', 7, 7, 4, 0),
(1795, 330, 5, 'tele', 7, 7, 7, 0),
(1796, 330, 4, 'tele', 4, 7, 7, 0),
(1797, 330, 3, 'tele', 7, 7, 4, 0),
(1798, 330, 2, 'tele', 4, 7, 7, 0),
(1799, 330, 1, 'tele', 7, 7, 4, 0),
(1800, 325, 17, 'auto', 7, 9, 1, 0),
(1801, 325, 5, 'tele', 7, 3, 1, 0),
(1802, 325, 2, 'tele', 7, 3, 1, 0),
(1803, 328, 9, 'tele', 7, 3, 4, 0),
(1804, 328, 7, 'tele', 4, 6, 7, 0),
(1805, 328, 5, 'tele', 7, 2, 4, 0),
(1806, 328, 3, 'tele', 4, 6, 7, 0),
(1807, 328, 1, 'auto', 7, 2, 4, 0),
(1808, 327, 14, 'tele', 1, 9, 7, 0),
(1809, 327, 13, 'tele', 7, 6, 1, 0),
(1810, 327, 12, 'tele', 1, 6, 7, 0),
(1811, 327, 11, 'tele', 7, 6, 1, 0),
(1812, 327, 10, 'tele', 1, 6, 7, 0),
(1813, 327, 9, 'tele', 7, 2, 1, 0),
(1814, 327, 7, 'tele', 1, 7, 7, 0),
(1815, 327, 6, 'tele', 7, 2, 1, 0),
(1816, 327, 5, 'tele', 1, 7, 7, 0),
(1817, 327, 4, 'tele', 1, 7, 1, 0),
(1818, 327, 3, 'tele', 7, 7, 1, 0),
(1819, 327, 2, 'tele', 1, 7, 7, 0),
(1820, 327, 1, 'auto', 7, 7, 1, 0),
(1821, 334, 7, 'auto', 7, 8, 4, 0),
(1822, 334, 6, 'tele', 7, 3, NULL, 1),
(1823, 334, 3, 'tele', 7, 3, 4, 0),
(1824, 333, 12, 'tele', 7, 9, 1, 0),
(1825, 333, 10, 'tele', 1, 9, 7, 0),
(1826, 333, 8, 'tele', 7, 2, 1, 0),
(1827, 333, 6, 'tele', 1, 2, 7, 0),
(1828, 333, 5, 'tele', 1, 2, NULL, 1),
(1829, 333, 2, 'tele', 7, 2, 1, 0),
(1830, 333, 1, 'tele', 1, 2, 7, 0),
(1831, 336, 10, 'tele', 7, 6, 4, 0),
(1832, 336, 9, 'tele', 4, 6, 7, 0),
(1833, 336, 8, 'tele', 7, 6, 4, 0),
(1834, 336, 7, 'tele', 4, 6, 7, 0),
(1835, 336, 3, 'tele', 7, 8, 4, 0),
(1836, 336, 1, 'tele', 4, 8, 7, 0),
(1837, 331, 14, 'auto', 7, 9, 1, 0),
(1838, 331, 12, 'tele', 7, 9, 1, 0),
(1839, 331, 10, 'tele', 1, 6, 7, 0),
(1840, 331, 8, 'tele', 7, 3, 1, 0),
(1841, 331, 7, 'tele', 7, 3, 7, 0),
(1842, 331, 5, 'tele', 1, 3, 7, 0),
(1843, 331, 3, 'tele', 7, 3, 1, 0),
(1844, 331, 1, 'tele', 1, 9, 7, 0),
(1845, 332, 17, 'auto', 7, 7, 1, 0),
(1846, 332, 13, 'tele', 7, 7, 1, 0),
(1847, 332, 11, 'tele', 1, 7, 7, 0),
(1848, 332, 9, 'tele', 7, 7, 1, 0),
(1849, 332, 7, 'tele', 1, 7, 7, 0),
(1850, 332, 3, 'tele', 7, 7, 1, 0),
(1851, 332, 1, 'tele', 1, 7, 7, 0),
(1852, 335, 10, 'auto', 7, 9, 4, 0),
(1853, 335, 7, 'tele', 4, 9, 7, 0),
(1854, 335, 4, 'tele', 7, 9, 4, 0),
(1855, 335, 3, 'tele', 4, 9, 7, 0),
(1856, 335, 1, 'tele', 4, 9, 7, 0),
(1857, 340, 7, 'auto', 7, 7, 4, 0),
(1858, 340, 6, 'tele', 7, 6, 4, 0),
(1859, 340, 5, 'tele', 4, 6, 7, 0),
(1860, 340, 4, 'tele', 7, 7, 4, 0),
(1861, 340, 3, 'tele', 4, 7, 7, 0),
(1862, 340, 2, 'tele', 7, 7, 4, 0),
(1863, 340, 1, 'tele', 4, 7, 7, 0),
(1864, 338, 1, 'tele', 7, 9, NULL, 1),
(1865, 342, 14, 'auto', 7, 9, 4, 0),
(1866, 342, 10, 'tele', 7, 1, 4, 0),
(1867, 342, 8, 'tele', 4, 6, 7, 0),
(1868, 342, 7, 'tele', 7, 6, 4, 0),
(1869, 342, 6, 'tele', 4, 6, 7, 0),
(1870, 342, 3, 'tele', 4, 9, 7, 0),
(1871, 341, 10, 'auto', 7, 3, 4, 0),
(1872, 341, 9, 'tele', 4, 3, 7, 0),
(1873, 341, 8, 'tele', 7, 1, 4, 0),
(1874, 341, 7, 'tele', 4, 3, 7, 0),
(1875, 341, 6, 'tele', 7, 7, 4, 0),
(1876, 341, 5, 'tele', 4, 3, 7, 0),
(1877, 341, 4, 'tele', 7, 1, 4, 0),
(1878, 341, 3, 'tele', 4, 3, 7, 0),
(1879, 341, 2, 'tele', 7, 3, 4, 0),
(1880, 341, 1, 'tele', 4, 3, 7, 0),
(1881, 339, 10, 'auto', 7, 7, NULL, 1),
(1882, 339, 9, 'tele', 7, 2, 1, 0),
(1883, 339, 7, 'tele', 1, 2, 7, 0),
(1884, 339, 5, 'tele', 7, 7, 1, 0),
(1885, 339, 3, 'tele', 1, 7, 7, 0),
(1886, 339, 1, 'tele', 7, 7, 1, 0),
(1887, 337, 8, 'auto', 7, 4, 1, 0),
(1888, 337, 6, 'tele', 7, 9, 1, 0),
(1889, 337, 4, 'tele', 1, 4, 7, 0),
(1890, 344, 14, 'tele', 7, 3, 1, 0),
(1891, 344, 13, 'tele', 7, 7, 7, 0),
(1892, 344, 12, 'tele', 7, 7, 7, 0),
(1893, 344, 11, 'tele', 1, 3, 7, 0),
(1894, 344, 10, 'tele', 7, 6, 1, 0),
(1895, 344, 9, 'tele', 1, 6, 7, 0),
(1896, 344, 8, 'tele', 7, 6, 1, 0),
(1897, 344, 7, 'tele', 1, 6, 7, 0),
(1898, 344, 6, 'tele', 7, 9, 1, 0),
(1899, 344, 5, 'tele', 1, 9, 7, 0),
(1900, 344, 4, 'tele', 7, 9, 1, 0),
(1901, 344, 3, 'tele', 1, 3, 7, 0),
(1902, 344, 2, 'tele', 7, 3, 1, 0),
(1903, 348, 10, 'auto', 7, 7, 4, 0),
(1904, 348, 9, 'tele', 7, 7, 4, 0),
(1905, 348, 8, 'tele', 4, 7, 7, 0),
(1906, 343, 3, 'tele', 7, 6, 1, 0),
(1907, 343, 2, 'tele', 7, 7, NULL, 1),
(1908, 343, 1, 'auto', 7, 7, NULL, 1),
(1909, 347, 10, 'auto', 7, 9, 4, 0),
(1910, 347, 7, 'tele', 7, 1, 4, 0),
(1911, 347, 6, 'tele', 4, 9, 7, 0),
(1912, 347, 5, 'tele', 7, 9, 4, 0),
(1913, 347, 3, 'tele', 4, 9, 7, 0),
(1914, 347, 2, 'tele', 7, 9, 4, 0),
(1915, 346, 8, 'auto', 7, 3, 4, 0),
(1916, 346, 7, 'tele', 7, 6, 4, 0),
(1917, 346, 6, 'tele', 4, 6, 7, 0),
(1918, 346, 5, 'tele', 7, 7, 4, 0),
(1919, 346, 4, 'tele', 4, 6, 7, 0),
(1920, 346, 3, 'tele', 7, 3, 4, 0),
(1921, 346, 2, 'tele', 4, 6, 7, 0),
(1922, 353, 12, 'auto', 7, 3, 4, 0),
(1923, 353, 11, 'tele', 7, 3, 4, 0),
(1924, 353, 10, 'tele', 4, 3, 7, 0),
(1925, 353, 9, 'tele', 7, 9, 4, 0),
(1926, 353, 7, 'tele', 4, 3, 7, 0),
(1927, 353, 6, 'tele', 7, 6, 4, 0),
(1928, 353, 5, 'tele', 4, 6, 7, 0),
(1929, 353, 4, 'tele', 7, 6, 4, 0),
(1930, 353, 3, 'tele', 4, 6, 7, 0),
(1931, 353, 2, 'tele', 7, 9, 4, 0),
(1932, 353, 1, 'tele', 4, 3, 7, 0),
(1933, 351, 4, 'auto', 7, 7, 7, 0),
(1934, 351, 2, 'tele', 7, 3, 7, 0),
(1935, 351, 1, 'tele', 7, 3, 7, 0),
(1936, 350, 2, 'tele', 1, 9, 7, 0),
(1937, 350, 1, 'tele', 7, 1, 1, 0),
(1938, 352, 11, 'tele', 7, 2, 4, 0),
(1939, 352, 10, 'tele', 7, 2, 7, 0),
(1940, 352, 9, 'tele', 4, 7, 7, 0),
(1941, 352, 8, 'tele', 7, 2, 4, 0),
(1942, 352, 6, 'tele', 4, 7, 4, 0),
(1943, 352, 5, 'tele', 7, 9, 4, 0),
(1944, 352, 4, 'tele', 4, 3, 7, 0),
(1945, 352, 3, 'tele', 7, 9, 4, 0),
(1946, 352, 2, 'tele', 4, 9, 7, 0),
(1947, 352, 1, 'auto', 7, 9, 4, 0),
(1948, 354, 15, 'auto', 7, 7, 4, 0),
(1949, 354, 10, 'tele', 7, 9, 4, 0),
(1950, 354, 8, 'tele', 4, 9, 7, 0),
(1951, 354, 6, 'tele', 7, 9, 4, 0),
(1952, 354, 4, 'tele', 4, 9, 7, 0),
(1953, 349, 5, 'tele', 7, 3, NULL, 1),
(1954, 349, 3, 'tele', 1, 3, 7, 0),
(1955, 349, 1, 'auto', 7, 9, 1, 0),
(1956, 356, 5, 'tele', 7, 9, 1, 0),
(1957, 356, 4, 'tele', 7, 9, NULL, 1),
(1958, 356, 3, 'tele', 1, 9, 7, 0),
(1959, 356, 2, 'tele', 1, 9, 1, 0),
(1960, 356, 1, 'tele', 7, 9, 1, 0),
(1961, 357, 14, 'tele', 7, 3, 1, 0),
(1962, 357, 13, 'tele', 1, 3, 7, 0),
(1963, 357, 11, 'tele', 7, 3, 1, 0),
(1964, 357, 9, 'tele', 1, 3, 7, 0),
(1965, 357, 8, 'tele', 7, 2, 1, 0),
(1966, 357, 7, 'tele', 1, 3, 7, 0),
(1967, 357, 6, 'tele', 7, 2, 1, 0),
(1968, 357, 5, 'tele', 1, 7, 7, 0),
(1969, 357, 4, 'tele', 7, 7, 1, 0),
(1970, 357, 3, 'tele', 1, 7, 7, 0),
(1971, 357, 1, 'auto', 7, 7, 1, 0),
(1972, 360, 10, 'auto', 7, 7, 4, 0),
(1973, 360, 9, 'tele', 4, 6, 7, 0),
(1974, 360, 8, 'tele', 7, 3, 4, 0),
(1975, 360, 7, 'tele', 4, 3, 7, 0),
(1976, 360, 4, 'tele', 7, 7, 4, 0),
(1977, 360, 1, 'tele', 4, 6, 7, 0),
(1978, 359, 17, 'auto', 7, 2, 4, 0),
(1979, 359, 12, 'tele', 7, 3, 4, 0),
(1980, 359, 10, 'tele', 4, 7, 7, 0),
(1981, 359, 8, 'tele', 7, 3, 4, 0),
(1982, 359, 6, 'tele', 4, 3, 7, 0),
(1983, 359, 4, 'tele', 7, 2, 4, 0),
(1984, 359, 2, 'tele', 4, 6, 7, 0),
(1985, 358, 14, 'tele', 4, 9, 7, 0),
(1986, 358, 12, 'tele', 7, 9, 4, 0),
(1987, 358, 11, 'tele', 4, 9, 7, 0),
(1988, 358, 9, 'tele', 7, 9, 4, 0),
(1989, 358, 7, 'tele', 4, 9, 7, 0),
(1990, 358, 5, 'tele', 7, 9, 4, 0),
(1991, 358, 3, 'tele', 4, 9, 7, 0),
(1992, 358, 1, 'auto', 7, 9, 4, 0),
(1993, 490, 14, 'auto', 7, 4, 1, 0),
(1994, 490, 10, 'tele', 7, 9, 1, 0),
(1995, 490, 9, 'tele', 7, 2, 7, 0),
(1996, 490, 8, 'tele', 7, 7, 7, 0),
(1997, 490, 7, 'tele', 7, 7, 7, 0),
(1998, 490, 5, 'tele', 1, 4, 7, 0),
(1999, 490, 3, 'tele', 7, 4, 1, 0),
(2000, 490, 1, 'tele', 1, 4, 7, 0),
(2001, 664, 11, 'tele', 7, 9, 4, 0),
(2002, 664, 9, 'tele', 4, 9, 7, 0),
(2003, 664, 5, 'tele', 7, 6, 4, 0),
(2004, 664, 4, 'tele', 4, 6, 7, 0),
(2005, 664, 3, 'tele', 7, 6, 4, 0),
(2006, 664, 2, 'tele', 4, 6, 7, 0),
(2007, 664, 1, 'tele', 7, 9, 4, 0),
(2008, 577, 10, 'tele', 7, 9, 1, 0),
(2009, 577, 8, 'tele', 1, 9, 7, 0),
(2010, 577, 7, 'tele', 7, 4, 1, 0),
(2011, 577, 5, 'tele', 1, 9, 7, 0),
(2012, 577, 4, 'tele', 7, 6, 1, 0),
(2013, 577, 3, 'tele', 1, 6, 7, 0),
(2014, 577, 2, 'tele', 7, 6, 1, 0),
(2015, 577, 1, 'tele', 1, 6, 7, 0),
(2016, 577, 10, 'tele', 7, 9, 1, 0),
(2017, 577, 8, 'tele', 1, 9, 7, 0),
(2018, 577, 7, 'tele', 7, 4, 1, 0),
(2019, 577, 5, 'tele', 1, 9, 7, 0),
(2020, 577, 4, 'tele', 7, 6, 1, 0),
(2021, 577, 3, 'tele', 1, 6, 7, 0),
(2022, 577, 2, 'tele', 7, 6, 1, 0),
(2023, 577, 1, 'tele', 1, 6, 7, 0),
(2024, 577, 10, 'tele', 7, 9, 1, 0),
(2025, 577, 8, 'tele', 1, 9, 7, 0),
(2026, 577, 7, 'tele', 7, 4, 1, 0),
(2027, 577, 5, 'tele', 1, 9, 7, 0),
(2028, 577, 4, 'tele', 7, 6, 1, 0),
(2029, 577, 3, 'tele', 1, 6, 7, 0),
(2030, 577, 2, 'tele', 7, 6, 1, 0),
(2031, 577, 1, 'tele', 1, 6, 7, 0),
(2032, 577, 10, 'tele', 7, 9, 1, 0),
(2033, 577, 8, 'tele', 1, 9, 7, 0),
(2034, 577, 7, 'tele', 7, 4, 1, 0),
(2035, 577, 5, 'tele', 1, 9, 7, 0),
(2036, 577, 4, 'tele', 7, 6, 1, 0),
(2037, 577, 3, 'tele', 1, 6, 7, 0),
(2038, 577, 2, 'tele', 7, 6, 1, 0),
(2039, 577, 1, 'tele', 1, 6, 7, 0),
(2040, 577, 10, 'tele', 7, 9, 1, 0),
(2041, 577, 8, 'tele', 1, 9, 7, 0),
(2042, 577, 7, 'tele', 7, 4, 1, 0),
(2043, 577, 5, 'tele', 1, 9, 7, 0),
(2044, 577, 4, 'tele', 7, 6, 1, 0),
(2045, 577, 3, 'tele', 1, 6, 7, 0),
(2046, 577, 2, 'tele', 7, 6, 1, 0),
(2047, 577, 1, 'tele', 1, 6, 7, 0),
(2048, 577, 10, 'tele', 7, 9, 1, 0),
(2049, 577, 8, 'tele', 1, 9, 7, 0),
(2050, 577, 7, 'tele', 7, 4, 1, 0),
(2051, 577, 5, 'tele', 1, 9, 7, 0),
(2052, 577, 4, 'tele', 7, 6, 1, 0),
(2053, 577, 3, 'tele', 1, 6, 7, 0),
(2054, 577, 2, 'tele', 7, 6, 1, 0),
(2055, 577, 1, 'tele', 1, 6, 7, 0),
(2056, 577, 10, 'tele', 7, 9, 1, 0),
(2080, 403, 5, 'auto', 7, 9, NULL, 1),
(2081, 403, 4, 'tele', 7, 9, 1, 0),
(2082, 403, 3, 'tele', 1, 9, 7, 0),
(2083, 403, 2, 'tele', 7, 9, 1, 0),
(2084, 403, 1, 'tele', 7, 9, 7, 0),
(2085, 751, 3, 'tele', 7, 7, NULL, 1),
(2086, 751, 2, 'tele', 7, 7, 7, 0),
(2087, 751, 1, 'tele', 7, 7, 7, 0),
(2088, 665, 2, 'tele', 7, 9, 4, 0),
(2089, 404, 5, 'auto', 7, 7, NULL, 1),
(2090, 404, 4, 'tele', 7, 4, NULL, 1),
(2091, 404, 3, 'tele', 7, 4, 7, 0),
(2092, 404, 2, 'tele', 1, 4, 7, 0),
(2093, 404, 1, 'tele', 7, 7, 1, 0),
(2094, 491, 10, 'auto', 7, 9, NULL, 1),
(2095, 491, 9, 'tele', 1, 5, 7, 0),
(2096, 491, 8, 'tele', 7, 2, 1, 0),
(2097, 491, 7, 'tele', 1, 5, 7, 0),
(2098, 491, 5, 'tele', 7, 9, 1, 0),
(2099, 491, 3, 'tele', 1, 9, 7, 0),
(2100, 491, 2, 'tele', 1, 9, 1, 0),
(2101, 491, 1, 'tele', 7, 9, 1, 0),
(2102, 491, 10, 'auto', 7, 9, NULL, 1),
(2103, 491, 9, 'tele', 1, 5, 7, 0),
(2104, 491, 8, 'tele', 7, 2, 1, 0),
(2105, 491, 7, 'tele', 1, 5, 7, 0),
(2106, 491, 5, 'tele', 7, 9, 1, 0),
(2107, 491, 3, 'tele', 1, 9, 7, 0),
(2108, 491, 2, 'tele', 1, 9, 1, 0),
(2109, 491, 1, 'tele', 7, 9, 1, 0),
(2110, 839, 14, 'auto', 7, 7, 4, 0),
(2111, 839, 13, 'tele', 7, 2, 4, 0),
(2112, 839, 12, 'tele', 4, 4, 7, 0),
(2113, 839, 11, 'tele', 7, 2, 4, 0),
(2114, 839, 10, 'tele', 4, 4, 7, 0),
(2115, 839, 9, 'tele', 7, 4, 4, 0),
(2116, 839, 8, 'tele', 4, 4, 7, 0),
(2117, 839, 7, 'tele', 7, 4, 4, 0),
(2118, 839, 6, 'tele', 4, 4, 7, 0),
(2119, 839, 4, 'tele', 7, 7, 4, 0),
(2120, 839, 2, 'tele', 4, 7, 7, 0),
(2121, 578, 17, 'auto', 7, 4, 1, 0),
(2122, 578, 14, 'tele', 7, 7, 1, 0),
(2123, 578, 12, 'tele', 1, 7, 7, 0),
(2124, 578, 10, 'tele', 7, 7, 1, 0),
(2125, 578, 8, 'tele', 1, 7, 7, 0),
(2126, 578, 6, 'tele', 7, 7, 1, 0),
(2127, 578, 4, 'tele', 1, 7, 7, 0),
(2128, 752, 5, 'auto', 7, 9, 4, 0),
(2129, 752, 3, 'tele', 7, 9, 4, 0),
(2130, 752, 2, 'tele', 4, 9, 7, 0),
(2131, 753, 11, 'auto', 7, 4, NULL, 1),
(2132, 753, 9, 'tele', 7, 7, 4, 0),
(2133, 753, 8, 'tele', 7, 7, 7, 0),
(2134, 753, 7, 'tele', 7, 2, 7, 0),
(2135, 753, 6, 'tele', 7, 2, 7, 0),
(2136, 753, 5, 'tele', 7, 2, 7, 0),
(2137, 753, 4, 'tele', 7, 4, 7, 0),
(2138, 753, 3, 'tele', 7, 4, 7, 0),
(2139, 753, 2, 'tele', 7, 4, 7, 0),
(2140, 753, 1, 'tele', 7, 4, 7, 0),
(2141, 840, 6, 'auto', 7, 9, 4, 0),
(2142, 840, 3, 'tele', 7, 9, 4, 0),
(2143, 840, 2, 'tele', 4, 9, 7, 0),
(2144, 840, 1, 'tele', 7, 9, 4, 0),
(2145, 579, 14, 'auto', 7, 9, 1, 0),
(2146, 579, 10, 'tele', 1, 4, 7, 0),
(2147, 579, 9, 'tele', 1, 4, 7, 0),
(2148, 579, 8, 'tele', 7, 9, 1, 0),
(2149, 579, 7, 'tele', 7, 8, 1, 0),
(2150, 579, 6, 'tele', 1, 8, 7, 0),
(2151, 579, 3, 'tele', 7, 4, 1, 0),
(2152, 579, 2, 'tele', 1, 4, 7, 0),
(2153, 666, 6, 'auto', 7, 7, 4, 0),
(2154, 666, 5, 'tele', 7, 9, 4, 0),
(2155, 666, 4, 'tele', 4, 6, 7, 0),
(2156, 666, 3, 'tele', 7, 9, 4, 0),
(2157, 666, 2, 'tele', 4, 7, 7, 0),
(2158, 405, 3, 'tele', 7, 6, 1, 0),
(2159, 405, 2, 'tele', 7, 6, NULL, 1),
(2160, 492, 15, 'auto', 7, 4, 1, 0),
(2161, 492, 8, 'tele', 7, 4, 1, 0),
(2162, 492, 6, 'tele', 1, 6, 7, 0),
(2163, 492, 4, 'tele', 7, 6, 1, 0),
(2164, 492, 2, 'tele', 1, 8, 7, 0),
(2165, 493, 14, 'tele', 7, 2, 1, 0),
(2166, 493, 13, 'tele', 1, 4, 7, 0),
(2167, 493, 12, 'tele', 7, 2, 1, 0),
(2168, 493, 11, 'tele', 1, 4, 7, 0),
(2169, 493, 10, 'tele', 7, 4, 1, 0),
(2170, 493, 9, 'tele', 1, 4, 7, 0),
(2171, 493, 8, 'tele', 7, 4, 1, 0),
(2172, 493, 7, 'tele', 1, 9, 7, 0),
(2173, 493, 5, 'tele', 7, 9, 1, 0),
(2174, 493, 3, 'tele', 1, 9, 7, 0),
(2175, 493, 1, 'tele', 7, 9, 1, 0),
(2176, 667, 2, 'tele', 4, 9, 4, 0),
(2177, 667, 1, 'tele', 7, 9, 4, 0),
(2178, 754, 8, 'tele', 7, 4, 4, 0),
(2179, 754, 7, 'tele', 4, 4, 7, 0),
(2180, 754, 6, 'tele', 7, 4, 4, 0),
(2181, 754, 5, 'tele', 4, 4, 7, 0),
(2182, 754, 4, 'tele', 7, 4, 4, 0),
(2183, 754, 3, 'tele', 4, 4, 7, 0),
(2184, 754, 1, 'tele', 7, 6, 4, 0),
(2185, 841, 7, 'auto', 7, 7, 4, 0),
(2186, 841, 6, 'tele', 7, 7, 4, 0),
(2187, 841, 5, 'tele', 4, 7, 7, 0),
(2188, 841, 4, 'tele', 7, 6, 4, 0),
(2189, 841, 3, 'tele', 4, 6, 7, 0),
(2190, 841, 1, 'tele', 4, 6, 4, 0),
(2191, 580, 9, 'auto', 7, 7, 1, 0),
(2192, 580, 6, 'tele', 7, 7, 1, 0),
(2193, 580, 5, 'tele', 1, 6, 7, 0),
(2194, 580, 3, 'tele', 1, 6, 7, 0),
(2195, 580, 2, 'tele', 7, 6, 1, 0),
(2196, 580, 1, 'tele', 1, 6, 7, 0),
(2197, 407, 10, 'auto', 7, 9, 1, 0),
(2198, 407, 8, 'tele', 7, 2, 1, 0),
(2199, 407, 7, 'tele', 1, 4, 7, 0),
(2200, 407, 6, 'tele', 7, 4, 1, 0),
(2201, 407, 5, 'tele', 1, 4, 7, 0),
(2202, 407, 4, 'tele', 7, 4, 1, 0),
(2203, 407, 3, 'tele', 1, 4, 7, 0),
(2204, 407, 2, 'tele', 7, 9, 1, 0),
(2205, 407, 1, 'tele', 1, 9, 7, 0),
(2206, 668, 17, 'auto', 7, 9, 4, 0),
(2207, 668, 12, 'tele', 7, 9, 4, 0),
(2208, 668, 10, 'tele', 4, 9, 7, 0),
(2209, 668, 8, 'tele', 7, 9, 4, 0),
(2210, 668, 6, 'tele', 4, 4, 7, 0),
(2211, 668, 4, 'tele', 7, 4, 4, 0),
(2212, 668, 2, 'tele', 4, 9, 7, 0),
(2213, 581, 9, 'auto', 7, 7, 1, 0),
(2214, 581, 8, 'tele', 7, 6, 1, 0),
(2215, 581, 7, 'tele', 1, 6, 7, 0),
(2216, 581, 6, 'tele', 7, 6, 1, 0),
(2217, 581, 5, 'tele', 1, 6, 7, 0),
(2218, 581, 4, 'tele', 7, 2, 1, 0),
(2219, 581, 3, 'tele', 1, 6, 7, 0),
(2220, 581, 2, 'tele', 7, 7, 1, 0),
(2221, 581, 1, 'tele', 1, 7, 7, 0),
(2222, 755, 13, 'tele', 7, 9, 4, 0),
(2223, 755, 11, 'tele', 7, 7, 4, 0),
(2224, 755, 10, 'tele', 4, 6, 7, 0),
(2225, 755, 8, 'tele', 7, 7, 4, 0),
(2226, 755, 6, 'tele', 7, 6, 4, 0),
(2227, 755, 5, 'tele', 4, 6, 7, 0),
(2228, 755, 4, 'tele', 7, 6, 4, 0),
(2229, 755, 3, 'tele', 4, 6, 7, 0),
(2230, 755, 1, 'tele', 7, 2, 1, 0),
(2231, 842, 19, 'auto', 7, 7, 4, 0),
(2232, 842, 18, 'tele', 4, 4, 7, 0),
(2233, 842, 16, 'tele', 7, 7, 4, 0),
(2234, 842, 15, 'tele', 4, 7, 7, 0),
(2235, 842, 13, 'tele', 7, 7, 4, 0),
(2236, 842, 11, 'tele', 4, 7, 7, 0),
(2237, 842, 9, 'tele', 7, 7, 4, 0),
(2238, 842, 7, 'tele', 4, 7, 7, 0),
(2239, 842, 4, 'tele', 7, 2, 4, 0),
(2240, 842, 3, 'tele', 7, 4, 4, 0),
(2241, 842, 1, 'tele', 4, 7, 7, 0),
(2242, 495, 13, 'auto', 7, 9, 1, 0),
(2243, 495, 12, 'tele', 1, 7, 7, 0),
(2244, 495, 11, 'tele', 7, 2, 1, 0),
(2245, 495, 10, 'tele', 1, 7, 7, 0),
(2246, 495, 9, 'tele', 7, 4, 1, 0),
(2247, 495, 8, 'tele', 1, 7, 7, 0),
(2248, 495, 7, 'tele', 7, 4, 1, 0),
(2249, 495, 6, 'tele', 1, 7, 7, 0),
(2250, 495, 5, 'tele', 7, 7, 1, 0),
(2251, 495, 4, 'tele', 1, 7, 7, 0),
(2252, 495, 3, 'tele', 7, 7, 1, 0),
(2253, 495, 2, 'tele', 1, 7, 7, 0),
(2254, 495, 1, 'tele', 1, 9, 1, 0),
(2255, 408, 11, 'tele', 7, 9, 1, 0),
(2256, 408, 9, 'tele', 1, 9, 7, 0),
(2257, 408, 7, 'tele', 7, 9, 1, 0),
(2258, 408, 5, 'tele', 1, 9, 7, 0),
(2259, 408, 3, 'tele', 7, 9, 1, 0),
(2260, 408, 1, 'tele', 1, 7, 7, 0),
(2261, 756, 5, 'auto', 7, 9, NULL, 1),
(2262, 756, 4, 'tele', 7, 9, 4, 0),
(2263, 756, 1, 'tele', 7, 9, 4, 0),
(2264, 669, 4, 'auto', 7, 4, 4, 0),
(2265, 669, 3, 'tele', 7, 4, 4, 0),
(2266, 669, 2, 'tele', 4, 7, 7, 0),
(2267, 843, 8, 'auto', 7, 7, 4, 0),
(2268, 843, 7, 'tele', 7, 7, 4, 0),
(2269, 843, 6, 'tele', 4, 6, 7, 0),
(2270, 843, 5, 'tele', 7, 2, 4, 0),
(2271, 843, 4, 'tele', 4, 7, 7, 0),
(2272, 843, 3, 'tele', 7, 2, 4, 0),
(2273, 843, 2, 'tele', 4, 7, 7, 0),
(2274, 583, 14, 'tele', 7, 7, 1, 0),
(2275, 583, 12, 'tele', 1, 7, 7, 0),
(2276, 583, 10, 'tele', 7, 7, 1, 0),
(2277, 583, 8, 'tele', 1, 7, 7, 0),
(2278, 583, 7, 'tele', 7, 2, 1, 0),
(2279, 583, 6, 'tele', 1, 7, 7, 0),
(2280, 583, 4, 'tele', 7, 7, 1, 0),
(2281, 583, 1, 'tele', 7, 7, 1, 0),
(2282, 757, 11, 'auto', 7, 9, 4, 0),
(2283, 757, 9, 'auto', 4, 9, 7, 0),
(2284, 757, 5, 'auto', 7, 9, 4, 0),
(2285, 757, 3, 'auto', 4, 9, 7, 0),
(2286, 757, 1, 'auto', 7, 9, 4, 0),
(2287, 496, 11, 'auto', 7, 4, 1, 0),
(2288, 496, 10, 'tele', 7, 2, 1, 0),
(2289, 496, 9, 'tele', 1, 4, 7, 0),
(2290, 496, 8, 'tele', 7, 2, 1, 0),
(2291, 496, 6, 'tele', 1, 9, 7, 0),
(2292, 496, 4, 'tele', 7, 9, 1, 0),
(2293, 496, 3, 'tele', 1, 9, 7, 0),
(2294, 496, 2, 'tele', 7, 9, 1, 0),
(2295, 496, 1, 'tele', 1, 4, 7, 0),
(2296, 409, 7, 'tele', 7, 4, 1, 0),
(2297, 409, 5, 'tele', 1, 4, 7, 0),
(2298, 409, 3, 'tele', 7, 4, 1, 0),
(2299, 409, 1, 'tele', 1, 4, 7, 0),
(2300, 844, 15, 'auto', 7, 4, 4, 0),
(2301, 844, 7, 'tele', 7, 7, 4, 0),
(2302, 844, 5, 'tele', 4, 7, 7, 0),
(2303, 844, 3, 'tele', 7, 4, 4, 0),
(2304, 844, 1, 'tele', 4, 4, 7, 0),
(2305, 670, 16, 'auto', 7, 7, 4, 0),
(2306, 670, 15, 'tele', 4, 7, 7, 0),
(2307, 670, 13, 'tele', 7, 4, 4, 0),
(2308, 670, 11, 'tele', 4, 4, 7, 0),
(2309, 670, 8, 'tele', 4, 4, 7, 0),
(2310, 670, 6, 'tele', 7, 4, 4, 0),
(2311, 670, 3, 'tele', 7, 7, 4, 0),
(2312, 670, 2, 'tele', 7, 7, 4, 0),
(2313, 845, 16, 'auto', 7, 4, 4, 0),
(2314, 845, 15, 'tele', 7, 4, 4, 0),
(2315, 845, 13, 'tele', 4, 4, 7, 0),
(2316, 845, 11, 'tele', 7, 9, 4, 0),
(2317, 845, 8, 'tele', 7, 4, 4, 0),
(2318, 845, 6, 'tele', 4, 4, 7, 0),
(2319, 845, 4, 'tele', 7, 4, 4, 0),
(2320, 845, 2, 'tele', 4, 4, 7, 0),
(2321, 410, 12, 'auto', 7, 7, 1, 0),
(2322, 410, 11, 'tele', 7, 7, 1, 0),
(2323, 410, 10, 'tele', 1, 7, 7, 0),
(2324, 410, 7, 'tele', 7, 7, 1, 0),
(2325, 410, 5, 'tele', 1, 6, 7, 0),
(2326, 410, 4, 'tele', 1, 6, 7, 0),
(2327, 410, 3, 'tele', 7, 6, 1, 0),
(2328, 410, 2, 'tele', 1, 6, 7, 0),
(2329, 497, 10, 'auto', 7, 9, 1, 0),
(2330, 497, 4, 'tele', 7, 9, 1, 0),
(2331, 497, 2, 'tele', 1, 9, 7, 0),
(2332, 584, 19, 'auto', 7, 4, 1, 0),
(2333, 584, 13, 'tele', 7, 9, 1, 0),
(2334, 584, 11, 'tele', 1, 9, 7, 0),
(2335, 584, 10, 'tele', 7, 2, 1, 0),
(2336, 584, 9, 'tele', 1, 4, 7, 0),
(2337, 584, 6, 'tele', 7, 2, 1, 0),
(2338, 584, 5, 'tele', 1, 4, 7, 0),
(2339, 584, 3, 'tele', 7, 4, 1, 0),
(2340, 584, 1, 'tele', 1, 4, 7, 0),
(2341, 758, 7, 'tele', 7, 2, 4, 0),
(2342, 758, 6, 'tele', 4, 7, 7, 0),
(2343, 758, 5, 'tele', 7, 7, 4, 0),
(2344, 758, 4, 'tele', 4, 7, 7, 0),
(2345, 758, 3, 'tele', 7, 7, 4, 0),
(2346, 758, 2, 'tele', 4, 7, 7, 0),
(2347, 758, 1, 'tele', 7, 2, 4, 0),
(2348, 498, 5, 'auto', 7, 6, NULL, 1),
(2349, 498, 4, 'tele', 7, 6, 1, 0),
(2350, 498, 3, 'tele', 1, 6, 7, 0),
(2351, 498, 2, 'tele', 1, 6, 1, 0),
(2352, 498, 1, 'tele', 7, 4, 1, 0),
(2353, 759, 10, 'auto', 7, 9, 4, 0),
(2354, 759, 9, 'tele', 7, 3, 4, 0),
(2355, 759, 8, 'tele', 4, 2, 4, 0),
(2356, 759, 7, 'tele', 7, 3, 4, 0),
(2357, 759, 6, 'tele', 4, 7, 7, 0),
(2358, 759, 5, 'tele', 4, 7, 7, 0),
(2359, 759, 4, 'tele', 4, 7, 7, 0),
(2360, 759, 3, 'tele', 7, 9, 4, 0),
(2361, 846, 2, 'tele', 7, 3, 4, 0),
(2362, 411, 9, 'auto', 7, 4, 1, 0),
(2363, 411, 8, 'tele', 7, 6, 1, 0),
(2364, 411, 7, 'tele', 1, 6, 7, 0),
(2365, 411, 5, 'tele', 7, 9, 1, 0),
(2366, 411, 4, 'tele', 1, 9, 7, 0),
(2367, 411, 3, 'tele', 7, 9, 1, 0),
(2368, 411, 2, 'tele', 1, 9, 7, 0),
(2369, 585, 13, 'auto', 7, 7, 1, 0),
(2370, 585, 12, 'tele', 7, 6, 1, 0),
(2371, 585, 11, 'tele', 1, 6, 7, 0),
(2372, 585, 8, 'tele', 7, 2, 1, 0),
(2373, 585, 6, 'tele', 1, 7, 7, 0),
(2374, 585, 4, 'tele', 7, 7, 1, 0),
(2375, 585, 2, 'tele', 1, 7, 7, 0),
(2376, 412, 17, 'auto', 7, 2, 7, 0),
(2377, 412, 9, 'tele', 7, 7, 1, 0),
(2378, 412, 7, 'tele', 1, 7, 7, 0),
(2379, 412, 5, 'tele', 7, 2, 1, 0),
(2380, 412, 3, 'tele', 1, 6, 7, 0),
(2381, 412, 1, 'tele', 7, 2, 1, 0),
(2382, 760, 4, 'tele', 7, 7, 4, 0),
(2383, 760, 3, 'tele', 4, 7, 7, 0),
(2384, 760, 1, 'tele', 7, 7, 4, 0),
(2385, 673, 16, 'auto', 7, 9, 4, 0),
(2386, 673, 13, 'tele', 7, 4, 4, 0),
(2387, 673, 12, 'tele', 4, 7, 7, 0),
(2388, 673, 11, 'tele', 7, 4, 4, 0),
(2389, 673, 10, 'tele', 4, 7, 7, 0),
(2390, 673, 9, 'tele', 7, 7, 4, 0),
(2391, 673, 8, 'tele', 4, 9, 7, 0),
(2392, 673, 7, 'tele', 7, 2, 4, 0),
(2393, 673, 6, 'tele', 4, 9, 7, 0),
(2394, 673, 4, 'tele', 7, 9, 4, 0),
(2395, 673, 2, 'tele', 4, 9, 7, 0),
(2396, 586, 16, 'auto', 7, 9, 1, 0),
(2397, 586, 14, 'tele', 7, 4, 1, 0),
(2398, 586, 11, 'tele', 7, 4, 1, 0),
(2399, 586, 8, 'tele', 7, 7, 1, 0),
(2400, 586, 6, 'tele', 1, 6, 7, 0),
(2401, 586, 4, 'tele', 7, 9, 1, 0),
(2402, 586, 2, 'tele', 1, 9, 7, 0),
(2403, 847, 1, 'tele', 7, 9, 4, 0),
(2404, 499, 11, 'tele', 7, 9, 1, 0),
(2405, 499, 10, 'tele', 1, 9, 7, 0),
(2406, 499, 3, 'tele', 1, 4, 7, 0),
(2407, 499, 2, 'tele', 7, 4, 1, 0),
(2408, 413, 7, 'tele', 7, 4, 1, 0),
(2409, 413, 6, 'tele', 1, 6, 7, 0),
(2410, 413, 5, 'tele', 7, 4, 1, 0),
(2411, 413, 4, 'tele', 1, 6, 7, 0),
(2412, 413, 3, 'tele', 7, 4, 1, 0),
(2413, 413, 2, 'tele', 1, 4, 7, 0),
(2414, 413, 1, 'tele', 7, 4, 1, 0),
(2415, 587, 7, 'auto', 7, 7, 1, 0),
(2416, 587, 6, 'tele', 1, 6, 1, 0),
(2417, 587, 5, 'tele', 7, 9, 1, 0),
(2418, 587, 3, 'tele', 1, 6, 7, 0),
(2419, 587, 2, 'tele', 7, 7, 1, 0),
(2420, 587, 1, 'tele', 1, 6, 7, 0),
(2421, 500, 14, 'auto', 7, 9, 1, 0),
(2422, 500, 13, 'tele', 7, 4, 1, 0),
(2423, 500, 11, 'tele', 1, 4, 7, 0),
(2424, 500, 8, 'tele', 7, 1, 1, 0),
(2425, 500, 6, 'tele', 7, 4, 1, 0),
(2426, 500, 4, 'tele', 1, 6, 7, 0),
(2427, 500, 1, 'tele', 1, 9, 7, 0),
(2428, 848, 15, 'tele', 7, 9, 4, 0),
(2429, 848, 13, 'tele', 4, 9, 7, 0),
(2430, 848, 11, 'tele', 7, 9, 4, 0),
(2431, 848, 9, 'tele', 4, 9, 7, 0),
(2432, 848, 7, 'tele', 7, 2, 4, 0),
(2433, 848, 6, 'tele', 4, 9, 7, 0),
(2434, 848, 5, 'tele', 7, 9, 4, 0),
(2435, 848, 3, 'tele', 4, 9, 7, 0),
(2436, 848, 1, 'tele', 7, 2, 4, 0),
(2437, 761, 13, 'auto', 7, 3, 4, 0),
(2438, 761, 9, 'tele', 4, 3, 7, 0),
(2439, 761, 7, 'tele', 7, 3, 4, 0),
(2440, 761, 5, 'tele', 4, 3, 7, 0),
(2441, 761, 2, 'tele', 7, 7, 4, 0),
(2442, 414, 1, 'tele', 7, 9, 1, 0),
(2443, 849, 15, 'tele', 7, 2, 4, 0),
(2444, 849, 14, 'tele', 4, 6, 7, 0),
(2445, 849, 13, 'tele', 7, 2, 4, 0),
(2446, 849, 12, 'tele', 4, 6, 7, 0),
(2447, 849, 11, 'tele', 7, 6, 4, 0),
(2448, 849, 10, 'tele', 4, 6, 7, 0),
(2449, 849, 9, 'tele', 7, 6, 4, 0),
(2450, 849, 8, 'tele', 4, 6, 7, 0),
(2451, 849, 7, 'tele', 7, 4, 4, 0),
(2452, 849, 6, 'tele', 4, 4, 7, 0),
(2453, 849, 5, 'tele', 7, 4, 4, 0),
(2454, 849, 4, 'tele', 4, 4, 7, 0),
(2455, 849, 3, 'tele', 7, 9, 4, 0),
(2456, 849, 2, 'tele', 4, 9, 7, 0),
(2457, 849, 1, 'auto', 7, 9, 4, 0),
(2458, 675, 7, 'tele', 4, 6, 4, 0),
(2459, 675, 5, 'tele', 7, 4, 4, 0),
(2460, 675, 4, 'tele', 7, 6, 7, 0),
(2461, 675, 2, 'tele', 7, 2, 7, 0),
(2462, 675, 1, 'tele', 7, 2, 7, 0),
(2463, 762, 1, 'auto', 7, 7, NULL, 1),
(2464, 588, 4, 'auto', 7, 7, 1, 0),
(2465, 588, 3, 'auto', 1, 6, 7, 0),
(2466, 588, 2, 'auto', 7, 7, 1, 0),
(2467, 588, 1, 'auto', 7, 4, 7, 0),
(2468, 502, 4, 'tele', 7, 3, 1, 0),
(2469, 502, 2, 'tele', 1, 3, 7, 0),
(2470, 502, 1, 'tele', 7, 3, 1, 0),
(2471, 415, 14, 'auto', 7, 9, 1, 0),
(2472, 415, 12, 'tele', 7, 9, 1, 0),
(2473, 415, 10, 'tele', 1, 9, 7, 0),
(2474, 415, 6, 'tele', 7, 9, 1, 0),
(2475, 415, 4, 'tele', 1, 9, 7, 0),
(2476, 850, 12, 'auto', 7, 9, 4, 0),
(2477, 850, 8, 'tele', 7, 9, 4, 0),
(2478, 850, 6, 'tele', 4, 9, 7, 0),
(2479, 589, 13, 'tele', 7, 2, 1, 0),
(2480, 589, 12, 'tele', 1, 9, 7, 0),
(2481, 589, 11, 'tele', 7, 2, 1, 0),
(2482, 589, 10, 'tele', 1, 6, 7, 0),
(2483, 589, 9, 'tele', 7, 6, 1, 0),
(2484, 589, 8, 'tele', 1, 6, 7, 0),
(2485, 589, 7, 'tele', 7, 6, 1, 0),
(2486, 589, 6, 'tele', 1, 6, 7, 0),
(2487, 589, 5, 'tele', 7, 3, 1, 0),
(2488, 589, 4, 'tele', 1, 7, 7, 0),
(2489, 589, 3, 'tele', 7, 7, 1, 0),
(2490, 589, 2, 'tele', 1, 7, 7, 0),
(2491, 589, 1, 'tele', 7, 7, 1, 0),
(2492, 676, 10, 'auto', 7, 3, 4, 0),
(2493, 676, 9, 'tele', 7, 7, 4, 0),
(2494, 676, 6, 'tele', 7, 7, 4, 0),
(2495, 676, 4, 'tele', 4, 7, 7, 0),
(2496, 676, 3, 'tele', 7, 3, 4, 0),
(2497, 676, 2, 'tele', 7, 7, 4, 0),
(2498, 676, 1, 'tele', 4, 7, 7, 0),
(2499, 763, 16, 'auto', 4, 6, 7, 0),
(2500, 763, 14, 'auto', 7, 7, 4, 0),
(2501, 763, 11, 'tele', 4, 6, 7, 0),
(2502, 763, 9, 'tele', 7, 2, 4, 0),
(2503, 763, 7, 'tele', 4, 6, 7, 0),
(2504, 763, 6, 'tele', 7, 6, 4, 0),
(2505, 763, 5, 'tele', 4, 6, 7, 0),
(2506, 763, 4, 'tele', 7, 2, 4, 0),
(2507, 763, 1, 'tele', 4, 6, 7, 0),
(2508, 590, 8, 'auto', 7, 8, 1, 0),
(2509, 590, 7, 'tele', 7, 6, 1, 0),
(2510, 590, 6, 'tele', 1, 6, 7, 0),
(2511, 590, 5, 'tele', 1, 6, 1, 0),
(2512, 590, 2, 'tele', 1, 4, 7, 0),
(2513, 677, 4, 'auto', 7, 7, NULL, 1),
(2514, 677, 3, 'tele', 7, 3, 4, 0),
(2515, 677, 2, 'tele', 7, 1, 7, 0),
(2516, 677, 1, 'tele', 7, 7, 7, 0),
(2517, 416, 19, 'tele', 1, 9, 7, 0),
(2518, 416, 13, 'tele', 7, 1, 1, 0),
(2519, 416, 12, 'tele', 1, 9, 7, 0),
(2520, 416, 10, 'tele', 7, 9, 1, 0),
(2521, 416, 9, 'tele', 1, 9, 7, 0),
(2522, 416, 7, 'tele', 7, 1, 1, 0),
(2523, 416, 5, 'tele', 1, 9, 7, 0),
(2524, 416, 3, 'tele', 7, 1, 1, 0),
(2525, 416, 1, 'tele', 1, 9, 7, 0),
(2526, 851, 11, 'auto', 7, 1, 4, 0),
(2527, 851, 10, 'auto', 4, 9, 7, 0),
(2528, 851, 9, 'auto', 7, 1, 4, 0),
(2529, 851, 7, 'auto', 4, 9, 7, 0),
(2530, 851, 6, 'auto', 7, 7, 4, 0),
(2531, 851, 5, 'auto', 4, 9, 7, 0),
(2532, 851, 4, 'auto', 7, 9, 4, 0),
(2533, 851, 1, 'auto', 7, 9, 4, 0),
(2534, 503, 14, 'tele', 7, 1, 1, 0),
(2535, 503, 12, 'tele', 1, 9, 7, 0),
(2536, 503, 11, 'tele', 7, 9, 1, 0),
(2537, 503, 9, 'tele', 1, 9, 7, 0),
(2538, 503, 7, 'tele', 7, 1, 1, 0),
(2539, 503, 5, 'tele', 1, 9, 7, 0),
(2540, 503, 3, 'tele', 7, 1, 1, 0),
(2541, 503, 1, 'tele', 1, 9, 7, 0),
(2542, 764, 14, 'auto', 7, 3, 4, 0),
(2543, 764, 12, 'tele', 4, 3, 7, 0),
(2544, 764, 10, 'tele', 7, 3, 4, 0),
(2545, 764, 6, 'tele', 7, 9, 4, 0),
(2546, 764, 3, 'tele', 7, 7, 4, 0),
(2547, 764, 2, 'tele', 4, 3, 7, 0),
(2548, 504, 2, 'tele', 1, 7, 7, 0),
(2549, 504, 1, 'tele', 7, 7, 1, 0),
(2550, 591, 9, 'tele', 7, 3, 1, 0),
(2551, 591, 8, 'tele', 1, 6, 7, 0),
(2552, 591, 7, 'tele', 7, 3, 1, 0),
(2553, 591, 6, 'tele', 1, 3, 7, 0),
(2554, 591, 3, 'tele', 7, 3, 1, 0),
(2555, 591, 1, 'tele', 1, 6, 7, 0),
(2556, 417, 6, 'auto', 7, 9, 1, 0),
(2557, 417, 5, 'tele', 7, 9, 1, 0),
(2558, 417, 3, 'tele', 1, 6, 7, 0),
(2559, 417, 2, 'tele', 7, 9, 1, 0),
(2560, 417, 1, 'tele', 1, 9, 7, 0),
(2561, 852, 2, 'tele', 7, 3, NULL, 1),
(2562, 852, 1, 'tele', 7, 3, NULL, 1),
(2563, 678, 8, 'auto', 7, 7, 4, 0),
(2564, 678, 7, 'tele', 7, 9, 4, 0),
(2565, 678, 6, 'tele', 4, 9, 7, 0),
(2566, 678, 4, 'tele', 7, 9, 4, 0),
(2567, 678, 2, 'tele', 4, 9, 7, 0),
(2568, 679, 2, 'tele', 7, 9, 4, 0),
(2569, 679, 1, 'tele', 7, 2, 7, 0),
(2570, 418, 12, 'auto', 7, 7, 1, 0),
(2571, 418, 11, 'tele', 7, 7, 1, 0),
(2572, 418, 10, 'tele', 1, 7, 7, 0),
(2573, 418, 7, 'tele', 7, 1, 1, 0),
(2574, 418, 6, 'tele', 1, 7, 7, 0),
(2575, 418, 4, 'tele', 7, 1, 1, 0),
(2576, 418, 2, 'tele', 1, 7, 7, 0),
(2577, 853, 16, 'auto', 7, 3, 4, 0),
(2578, 853, 14, 'tele', 4, 3, 7, 0),
(2579, 853, 12, 'tele', 7, 6, 4, 0),
(2580, 853, 10, 'tele', 4, 7, 7, 0),
(2581, 853, 8, 'tele', 7, 7, 4, 0),
(2582, 853, 6, 'tele', 4, 3, 7, 0),
(2583, 853, 4, 'tele', 7, 3, 4, 0),
(2584, 853, 2, 'tele', 4, 3, 7, 0),
(2585, 505, 8, 'tele', 7, 9, 1, 0),
(2586, 505, 7, 'tele', 1, 9, 7, 0),
(2587, 505, 6, 'tele', 7, 9, 1, 0),
(2588, 505, 5, 'tele', 1, 9, 7, 0),
(2589, 505, 3, 'tele', 7, 3, 1, 0),
(2590, 505, 2, 'tele', 1, 3, 7, 0),
(2591, 505, 1, 'tele', 7, 3, 1, 0),
(2592, 766, 15, 'auto', 7, 9, 4, 0),
(2593, 766, 14, 'tele', 7, 9, 4, 0),
(2594, 766, 12, 'tele', 4, 9, 7, 0),
(2595, 766, 10, 'tele', 7, 9, 4, 0),
(2596, 766, 8, 'tele', 4, 9, 7, 0),
(2597, 766, 6, 'tele', 7, 9, 4, 0),
(2598, 766, 4, 'tele', 4, 9, 7, 0),
(2599, 766, 3, 'tele', 4, 9, 4, 0),
(2600, 419, 13, 'auto', 7, 9, 1, 0),
(2601, 419, 12, 'tele', 7, 2, 1, 0),
(2602, 419, 11, 'tele', 1, 8, 7, 0),
(2603, 419, 10, 'tele', 7, 2, 1, 0),
(2604, 419, 9, 'tele', 1, 8, 7, 0),
(2605, 419, 8, 'tele', 7, 4, 1, 0),
(2606, 419, 7, 'tele', 1, 4, 7, 0),
(2607, 419, 6, 'tele', 7, 4, 1, 0),
(2608, 419, 5, 'tele', 1, 4, 7, 0),
(2609, 419, 4, 'tele', 7, 8, 1, 0),
(2610, 419, 3, 'tele', 1, 8, 7, 0),
(2611, 419, 2, 'tele', 7, 9, 1, 0),
(2612, 419, 1, 'tele', 1, 9, 7, 0),
(2613, 593, 1, 'auto', 7, 9, 4, 0),
(2614, 854, 11, 'auto', 7, 9, 4, 0),
(2615, 854, 9, 'tele', 7, 1, 4, 0),
(2616, 854, 8, 'tele', 7, 9, 4, 0),
(2617, 854, 6, 'tele', 4, 9, 7, 0),
(2618, 854, 4, 'tele', 7, 1, 4, 0),
(2619, 854, 2, 'tele', 4, 1, 7, 0),
(2620, 506, 6, 'tele', 7, 9, 1, 0),
(2621, 506, 5, 'tele', 1, 9, 7, 0),
(2622, 506, 4, 'tele', 7, 8, 1, 0),
(2623, 506, 3, 'tele', 1, 8, 7, 0),
(2624, 506, 1, 'tele', 7, 8, 1, 0),
(2625, 767, 2, 'tele', 1, 4, 7, 0),
(2626, 680, 17, 'auto', 7, 8, 4, 0),
(2627, 680, 14, 'tele', 7, 4, 4, 0),
(2628, 680, 12, 'tele', 4, 4, 7, 0),
(2629, 680, 10, 'tele', 7, 4, 4, 0),
(2630, 680, 8, 'tele', 4, 4, 7, 0),
(2631, 680, 4, 'tele', 7, 8, 4, 0),
(2632, 680, 2, 'tele', 4, 8, 7, 0),
(2633, 507, 15, 'auto', 7, 9, 1, 0),
(2634, 507, 7, 'tele', 7, 9, 1, 0),
(2635, 507, 5, 'tele', 1, 9, 7, 0),
(2636, 507, 3, 'tele', 7, 9, 1, 0),
(2637, 507, 1, 'tele', 1, 9, 7, 0),
(2638, 855, 5, 'tele', 7, 8, 4, 0),
(2639, 855, 4, 'tele', 4, 6, 7, 0),
(2640, 855, 3, 'tele', 7, 4, 4, 0),
(2641, 855, 2, 'tele', 4, 4, 7, 0),
(2642, 855, 1, 'tele', 7, 4, 4, 0),
(2643, 594, 11, 'auto', 7, 3, 1, 0),
(2644, 594, 10, 'tele', 7, 9, 1, 0),
(2645, 594, 8, 'tele', 7, 2, 1, 0),
(2646, 594, 7, 'tele', 1, 8, 7, 0),
(2647, 594, 6, 'tele', 7, 2, 1, 0),
(2648, 594, 5, 'tele', 1, 3, 7, 0),
(2649, 594, 4, 'tele', 7, 3, 1, 0),
(2650, 594, 2, 'tele', 1, 3, 7, 0),
(2651, 594, 1, 'tele', 7, 3, 1, 0),
(2652, 768, 2, 'auto', 7, 8, 4, 0),
(2653, 681, 7, 'tele', 4, 6, 7, 0),
(2654, 681, 5, 'tele', 7, 8, 4, 0),
(2655, 681, 4, 'tele', 4, 8, 7, 0),
(2656, 681, 3, 'tele', 7, 1, 4, 0),
(2657, 681, 2, 'tele', 4, 8, 7, 0),
(2658, 681, 1, 'tele', 7, 1, 4, 0),
(2659, 420, 16, 'auto', 7, 8, 1, 0),
(2660, 420, 14, 'tele', 1, 8, 7, 0),
(2661, 420, 13, 'tele', 7, 5, 1, 0),
(2662, 420, 12, 'tele', 1, 5, 7, 0),
(2663, 420, 8, 'tele', 7, 5, 1, 0),
(2664, 420, 6, 'tele', 1, 8, 7, 0),
(2665, 420, 2, 'tele', 7, 8, 1, 0),
(2666, 420, 1, 'tele', 1, 8, 7, 0),
(2667, 421, 15, 'auto', 7, 9, 1, 0),
(2668, 421, 12, 'tele', 7, 6, 1, 0),
(2669, 421, 11, 'tele', 1, 6, 7, 0),
(2670, 421, 10, 'tele', 1, 8, 1, 0),
(2671, 421, 8, 'tele', 7, 8, 1, 0),
(2672, 421, 6, 'tele', 1, 9, 7, 0),
(2673, 421, 5, 'tele', 1, 9, 1, 0),
(2674, 421, 3, 'tele', 7, 9, 1, 0),
(2675, 421, 1, 'tele', 1, 9, 7, 0),
(2676, 682, 5, 'tele', 7, 9, 4, 0),
(2677, 682, 3, 'tele', 4, 9, 7, 0),
(2678, 682, 1, 'tele', 7, 3, 4, 0),
(2679, 856, 11, 'auto', 7, 9, 4, 0),
(2680, 856, 10, 'tele', 7, 8, 4, 0),
(2681, 856, 9, 'tele', 4, 9, 7, 0),
(2682, 856, 8, 'tele', 7, 9, 4, 0),
(2683, 856, 7, 'tele', 4, 8, 7, 0),
(2684, 856, 6, 'tele', 7, 8, 4, 0),
(2685, 856, 5, 'tele', 4, 8, 7, 0),
(2686, 856, 4, 'tele', 7, 6, 4, 0),
(2687, 856, 3, 'tele', 4, 6, 7, 0),
(2688, 856, 2, 'tele', 7, 6, 4, 0),
(2689, 856, 1, 'tele', 4, 6, 7, 0),
(2690, 595, 5, 'tele', 7, 2, 1, 0),
(2691, 595, 4, 'tele', 7, 4, 1, 0),
(2692, 595, 3, 'tele', 1, 4, 7, 0),
(2693, 595, 2, 'tele', 7, 4, 1, 0),
(2694, 769, 16, 'auto', 7, 2, 4, 0),
(2695, 769, 15, 'tele', 7, 8, 4, 0),
(2696, 769, 13, 'tele', 4, 8, 7, 0),
(2697, 769, 7, 'tele', 7, 9, 4, 0),
(2698, 769, 5, 'tele', 4, 8, 7, 0),
(2699, 769, 3, 'tele', 7, 2, 4, 0),
(2700, 769, 2, 'tele', 4, 9, 7, 0),
(2701, 508, 11, 'tele', 7, 2, 1, 0),
(2702, 508, 8, 'tele', 7, 4, 1, 0),
(2703, 508, 6, 'tele', 1, 8, 7, 0),
(2704, 508, 4, 'tele', 7, 8, 1, 0),
(2705, 508, 2, 'tele', 1, 8, 7, 0),
(2706, 508, 1, 'tele', 7, 8, 1, 0),
(2707, 596, 7, 'tele', 7, 6, 1, 0),
(2708, 596, 6, 'tele', 1, 6, 7, 0),
(2709, 596, 5, 'tele', 1, 8, 7, 0),
(2710, 596, 4, 'tele', 7, 8, 1, 0),
(2711, 596, 3, 'tele', 1, 8, 7, 0),
(2712, 596, 1, 'tele', 7, 4, 1, 0),
(2713, 857, 9, 'tele', 7, 3, 4, 0),
(2714, 857, 8, 'tele', 4, 5, 7, 0),
(2715, 857, 7, 'tele', 7, 5, 4, 0),
(2716, 857, 6, 'tele', 4, 5, 7, 0),
(2717, 857, 5, 'tele', 7, 3, 4, 0),
(2718, 857, 4, 'tele', 4, 5, 7, 0),
(2719, 857, 3, 'tele', 7, 3, 4, 0),
(2720, 857, 2, 'tele', 4, 3, 7, 0),
(2721, 857, 1, 'tele', 7, 3, 4, 0),
(2722, 422, 8, 'auto', 7, 9, 1, 0),
(2723, 422, 7, 'tele', 7, 1, 1, 0),
(2724, 422, 6, 'tele', 1, 4, 7, 0),
(2725, 422, 5, 'tele', 7, 1, 1, 0),
(2726, 422, 4, 'tele', 1, 8, 7, 0),
(2727, 422, 3, 'tele', 7, 9, 1, 0),
(2728, 422, 1, 'tele', 1, 9, 7, 0),
(2729, 683, 6, 'tele', 7, 9, 4, 0),
(2730, 683, 4, 'tele', 7, 9, 4, 0),
(2731, 683, 2, 'tele', 4, 9, 7, 0),
(2732, 770, 13, 'auto', 7, 9, 4, 0),
(2733, 770, 10, 'tele', 7, 8, 4, 0),
(2734, 770, 9, 'tele', 4, 8, 7, 0),
(2735, 770, 7, 'tele', 7, 2, 4, 0),
(2736, 770, 5, 'tele', 4, 9, 7, 0),
(2737, 770, 3, 'tele', 7, 2, 4, 0),
(2738, 770, 1, 'tele', 4, 9, 7, 0),
(2739, 771, 11, 'auto', 7, 8, 4, 0),
(2740, 771, 10, 'tele', 7, 9, 4, 0),
(2741, 771, 9, 'tele', 4, 9, 7, 0),
(2742, 771, 8, 'tele', 7, 4, 4, 0),
(2743, 771, 7, 'tele', 4, 4, 7, 0),
(2744, 771, 6, 'tele', 7, 4, 4, 0),
(2745, 771, 5, 'tele', 4, 4, 7, 0),
(2746, 771, 2, 'tele', 4, 8, 7, 0),
(2747, 510, 5, 'auto', 7, 8, 1, 0),
(2748, 597, 13, 'auto', 7, 9, 1, 0),
(2749, 597, 12, 'tele', 7, 1, 1, 0),
(2750, 597, 11, 'tele', 1, 8, 7, 0),
(2751, 597, 10, 'tele', 7, 3, 1, 0),
(2752, 597, 9, 'tele', 1, 8, 7, 0),
(2753, 597, 8, 'tele', 7, 8, 1, 0),
(2754, 597, 7, 'tele', 1, 8, 7, 0),
(2755, 597, 6, 'tele', 7, 8, 1, 0),
(2756, 597, 5, 'tele', 1, 8, 7, 0),
(2757, 597, 3, 'tele', 7, 9, 1, 0),
(2758, 597, 1, 'tele', 1, 9, 7, 0),
(2759, 858, 1, 'auto', 7, 9, 4, 0),
(2760, 511, 4, 'tele', 7, 8, 1, 0),
(2761, 511, 3, 'tele', 1, 8, 7, 0),
(2762, 511, 2, 'tele', 7, 8, 1, 0),
(2763, 511, 1, 'tele', 7, 1, 1, 0),
(2764, 424, 14, 'tele', 1, 9, 7, 0),
(2765, 424, 11, 'tele', 7, 1, 1, 0),
(2766, 424, 10, 'tele', 1, 9, 7, 0),
(2767, 424, 6, 'tele', 7, 9, 1, 0),
(2768, 424, 4, 'tele', 1, 9, 7, 0),
(2769, 424, 2, 'tele', 7, 9, 1, 0),
(2770, 424, 1, 'tele', 1, 9, 7, 0),
(2771, 598, 10, 'auto', 1, 6, 7, 0),
(2772, 598, 6, 'tele', 7, 6, 1, 0),
(2773, 598, 5, 'tele', 1, 6, 7, 0),
(2774, 598, 2, 'tele', 7, 4, 1, 0),
(2775, 772, 13, 'auto', 7, 9, 4, 0),
(2776, 772, 12, 'tele', 7, 4, 4, 0),
(2777, 772, 11, 'tele', 4, 9, 7, 0),
(2778, 772, 10, 'tele', 7, 8, 4, 0),
(2779, 772, 9, 'tele', 4, 8, 7, 0),
(2780, 772, 8, 'tele', 7, 8, 4, 0),
(2781, 772, 7, 'tele', 4, 8, 7, 0),
(2782, 772, 6, 'tele', 7, 4, 4, 0),
(2783, 772, 4, 'tele', 4, 4, 7, 0),
(2784, 772, 3, 'tele', 7, 4, 4, 0),
(2785, 772, 2, 'tele', 4, 6, 7, 0),
(2786, 599, 1, 'tele', 7, 9, 1, 0),
(2787, 512, 16, 'auto', 7, 9, NULL, 1),
(2788, 512, 14, 'tele', 1, 9, 7, 0),
(2789, 512, 12, 'tele', 7, 9, 1, 0),
(2790, 512, 10, 'tele', 1, 9, 7, 0),
(2791, 512, 8, 'tele', 7, 9, 1, 0),
(2792, 512, 6, 'tele', 1, 9, 7, 0),
(2793, 512, 4, 'tele', 7, 9, 1, 0),
(2794, 512, 2, 'tele', 1, 9, 7, 0),
(2795, 425, 12, 'tele', 7, 8, 1, 0),
(2796, 425, 11, 'tele', 1, 8, 7, 0),
(2797, 425, 10, 'tele', 7, 2, 1, 0),
(2798, 425, 9, 'tele', 1, 8, 7, 0),
(2799, 425, 8, 'tele', 7, 2, 1, 0),
(2800, 425, 7, 'tele', 1, 8, 7, 0),
(2801, 425, 6, 'tele', 7, 8, 1, 0),
(2802, 425, 5, 'tele', 1, 6, 7, 0),
(2803, 425, 4, 'tele', 1, 6, 7, 0),
(2804, 425, 3, 'tele', 7, 6, 1, 0),
(2805, 425, 2, 'tele', 1, 4, 7, 0),
(2806, 425, 1, 'auto', 7, 4, 1, 0),
(2807, 860, 7, 'auto', 7, 8, 4, 0),
(2808, 860, 6, 'tele', 4, 6, 7, 0),
(2809, 860, 5, 'tele', 7, 3, 4, 0),
(2810, 860, 3, 'tele', 4, 8, 7, 0),
(2811, 860, 2, 'tele', 7, 8, 4, 0),
(2812, 860, 1, 'tele', 4, 8, 7, 0),
(2813, 773, 2, 'tele', 4, 6, 4, 0),
(2814, 773, 1, 'tele', 7, 3, NULL, 1),
(2815, 426, 4, 'auto', 7, 9, 1, 0),
(2816, 426, 3, 'tele', 7, 9, 1, 0),
(2817, 426, 2, 'tele', 1, 9, 7, 0),
(2818, 426, 1, 'tele', 1, 9, 1, 0),
(2819, 687, 11, 'auto', 7, 8, 4, 0),
(2820, 687, 10, 'tele', 7, 9, 4, 0),
(2821, 687, 8, 'tele', 4, 8, 7, 0),
(2822, 687, 6, 'tele', 7, 8, 4, 0),
(2823, 687, 5, 'tele', 4, 8, 7, 0),
(2824, 687, 4, 'tele', 7, 2, 4, 0),
(2825, 687, 3, 'tele', 4, 8, 7, 0),
(2826, 687, 2, 'tele', 7, 8, 4, 0),
(2827, 687, 1, 'tele', 4, 8, 7, 0),
(2828, 600, 3, 'tele', 7, 4, 1, 0),
(2829, 774, 17, 'auto', 7, 9, 4, 0),
(2830, 774, 14, 'tele', 7, 3, 4, 0),
(2831, 774, 12, 'tele', 4, 8, 7, 0),
(2832, 774, 8, 'tele', 7, 2, 4, 0),
(2833, 774, 6, 'tele', 4, 8, 7, 0),
(2834, 774, 1, 'tele', 4, 9, 7, 0),
(2835, 513, 15, 'auto', 7, 8, 1, 0),
(2836, 513, 12, 'tele', 7, 8, 1, 0),
(2837, 513, 10, 'tele', 1, 8, 7, 0),
(2838, 513, 8, 'tele', 7, 2, 1, 0),
(2839, 513, 6, 'tele', 1, 8, 7, 0),
(2840, 513, 5, 'tele', 1, 8, 7, 0),
(2841, 513, 3, 'tele', 7, 2, 1, 0),
(2842, 513, 1, 'tele', 1, 8, 7, 0),
(2843, 861, 8, 'auto', 7, 3, 4, 0),
(2844, 861, 7, 'tele', 4, 3, NULL, 1),
(2845, 861, 6, 'tele', 7, 6, 4, 0),
(2846, 861, 5, 'tele', 4, 6, 7, 0),
(2847, 861, 4, 'tele', 7, 6, 4, 0),
(2848, 861, 3, 'tele', 4, 6, 7, 0),
(2849, 861, 2, 'tele', 7, 3, 4, 0),
(2850, 861, 1, 'tele', 4, 3, 7, 0),
(2851, 514, 4, 'tele', 1, 4, 7, 0),
(2852, 514, 3, 'tele', 7, 4, 1, 0),
(2853, 514, 2, 'tele', 1, 4, 7, 0),
(2854, 514, 1, 'tele', 7, 4, 1, 0),
(2855, 688, 16, 'auto', 4, 7, 7, 0),
(2856, 688, 14, 'auto', 4, 7, 7, 0),
(2857, 688, 12, 'auto', 7, 7, 4, 0),
(2858, 688, 10, 'auto', 4, 3, 7, 0),
(2859, 688, 6, 'auto', 4, 7, 7, 0),
(2860, 688, 4, 'auto', 7, 7, 4, 0),
(2861, 688, 2, 'auto', 4, 7, 7, 0),
(2862, 688, 1, 'auto', 7, 7, 4, 0),
(2863, 862, 9, 'tele', 7, 9, 4, 0),
(2864, 862, 8, 'tele', 4, 9, 7, 0),
(2865, 862, 7, 'tele', 7, 9, 4, 0),
(2866, 862, 6, 'tele', 4, 9, 7, 0),
(2867, 862, 5, 'tele', 7, 9, 4, 0),
(2868, 862, 1, 'tele', 7, 7, 4, 0),
(2869, 775, 10, 'auto', 7, 3, NULL, 1),
(2870, 775, 9, 'tele', 7, 3, 4, 0),
(2871, 775, 8, 'tele', 4, 3, 7, 0),
(2872, 775, 7, 'tele', 4, 3, NULL, 1),
(2873, 775, 6, 'tele', 7, 2, 4, 0),
(2874, 775, 5, 'tele', 4, 3, 7, 0),
(2875, 775, 4, 'tele', 7, 2, 4, 0),
(2876, 775, 3, 'tele', 4, 3, 7, 0),
(2877, 775, 1, 'tele', 7, 3, 4, 0),
(2878, 601, 14, 'auto', 7, 7, 1, 0),
(2879, 601, 13, 'tele', 1, 9, 7, 0),
(2880, 601, 12, 'tele', 7, 2, 1, 0),
(2881, 601, 10, 'tele', 1, 7, 7, 0),
(2882, 601, 9, 'tele', 7, 6, 1, 0),
(2883, 601, 8, 'tele', 1, 6, 7, 0),
(2884, 601, 7, 'tele', 7, 6, 1, 0),
(2885, 601, 6, 'tele', 1, 6, 7, 0),
(2886, 601, 5, 'tele', 7, 7, 1, 0),
(2887, 601, 4, 'tele', 1, 6, 7, 0),
(2888, 601, 3, 'tele', 7, 7, 1, 0),
(2889, 601, 2, 'tele', 1, 7, 7, 0),
(2890, 776, 10, 'auto', 7, 4, 4, 0),
(2891, 776, 8, 'auto', 7, 7, 4, 0),
(2892, 776, 6, 'auto', 4, 7, 7, 0),
(2893, 776, 5, 'auto', 7, 7, 4, 0),
(2894, 776, 3, 'auto', 4, 7, 7, 0),
(2895, 776, 1, 'auto', 7, 4, 4, 0),
(2896, 428, 16, 'auto', 7, 3, 1, 0),
(2897, 428, 15, 'tele', 7, 9, 1, 0),
(2898, 428, 14, 'tele', 1, 9, 7, 0),
(2899, 428, 12, 'tele', 7, 9, 1, 0),
(2900, 428, 10, 'tele', 1, 9, 7, 0),
(2901, 428, 6, 'tele', 7, 3, 1, 0),
(2902, 428, 4, 'tele', 1, 3, 7, 0),
(2903, 689, 10, 'tele', 7, 9, 4, 0),
(2904, 689, 6, 'tele', 7, 9, 4, 0),
(2905, 689, 5, 'tele', 4, 9, 7, 0),
(2906, 689, 1, 'tele', 7, 9, 4, 0),
(2907, 863, 13, 'auto', 7, 7, 7, 0),
(2908, 863, 11, 'tele', 7, 6, 4, 0),
(2909, 863, 9, 'tele', 4, 6, 7, 0),
(2910, 863, 8, 'tele', 7, 2, 4, 0),
(2911, 863, 7, 'tele', 4, 4, 7, 0),
(2912, 863, 5, 'tele', 7, 2, 4, 0),
(2913, 863, 3, 'tele', 4, 4, 7, 0),
(2914, 863, 1, 'tele', 7, 2, 4, 0),
(2915, 602, 16, 'auto', 7, 2, 1, 0),
(2916, 602, 14, 'tele', 7, 7, 1, 0),
(2917, 602, 12, 'tele', 1, 7, 7, 0),
(2918, 602, 10, 'tele', 7, 7, 1, 0),
(2919, 602, 5, 'tele', 1, 7, 7, 0),
(2920, 602, 3, 'tele', 7, 7, 1, 0),
(2921, 602, 1, 'tele', 1, 7, 7, 0),
(2922, 429, 15, 'tele', 1, 9, 7, 0),
(2923, 429, 13, 'tele', 7, 9, 1, 0),
(2924, 429, 11, 'tele', 1, 9, 7, 0),
(2925, 429, 9, 'tele', 7, 3, 1, 0),
(2926, 429, 7, 'tele', 1, 9, 7, 0),
(2927, 429, 3, 'tele', 7, 3, 1, 0),
(2928, 429, 1, 'tele', 1, 9, 7, 0),
(2929, 603, 4, 'auto', 7, 3, 1, 0),
(2930, 603, 3, 'tele', 7, 2, 7, 0),
(2931, 603, 2, 'tele', 1, 6, 7, 0),
(2932, 690, 8, 'auto', 7, 3, 4, 0),
(2933, 690, 7, 'tele', 4, 3, 4, 0),
(2934, 690, 6, 'tele', 4, 7, 4, 0),
(2935, 690, 5, 'tele', 7, 3, 4, 0),
(2936, 690, 4, 'tele', 4, 3, 7, 0),
(2937, 690, 3, 'tele', 7, 3, 4, 0),
(2938, 690, 2, 'tele', 4, 3, 7, 0),
(2939, 516, 16, 'auto', 7, 7, 1, 0),
(2940, 516, 14, 'tele', 1, 6, 7, 0),
(2941, 516, 12, 'tele', 7, 7, 1, 0),
(2942, 516, 10, 'tele', 1, 6, 7, 0),
(2943, 516, 8, 'tele', 7, 7, 1, 0),
(2944, 516, 6, 'tele', 1, 6, 7, 0),
(2945, 516, 4, 'tele', 7, 7, 1, 0),
(2946, 516, 2, 'tele', 1, 6, 7, 0),
(2947, 777, 12, 'auto', 7, 7, 4, 0),
(2948, 777, 11, 'tele', 4, 7, 7, 0),
(2949, 777, 10, 'tele', 7, 2, 4, 0),
(2950, 777, 9, 'tele', 4, 3, 7, 0),
(2951, 777, 5, 'tele', 4, 9, 7, 0),
(2952, 777, 4, 'tele', 7, 9, 4, 0),
(2953, 777, 2, 'tele', 4, 9, 7, 0),
(2954, 778, 9, 'auto', 7, 9, 4, 0),
(2955, 778, 8, 'tele', 7, 3, 4, 0),
(2956, 778, 7, 'tele', 7, 9, 7, 0),
(2957, 778, 5, 'tele', 4, 9, 7, 0),
(2958, 778, 4, 'tele', 7, 6, 4, 0),
(2959, 778, 3, 'tele', 7, 9, 4, 0),
(2960, 778, 2, 'tele', 4, 9, 7, 0),
(2961, 865, 14, 'auto', 7, 7, NULL, 1),
(2962, 865, 10, 'tele', 7, 7, 4, 0),
(2963, 865, 8, 'tele', 4, 7, 7, 0),
(2964, 865, 6, 'tele', 7, 7, 4, 0),
(2965, 865, 4, 'tele', 4, 7, 7, 0),
(2966, 865, 2, 'tele', 4, 7, 7, 0),
(2967, 865, 1, 'tele', 7, 7, 4, 0),
(2968, 430, 10, 'tele', 7, 2, 1, 0),
(2969, 430, 9, 'tele', 1, 9, 7, 0),
(2970, 430, 8, 'tele', 7, 2, 1, 0),
(2971, 430, 6, 'tele', 1, 3, 7, 0),
(2972, 430, 4, 'tele', 7, 7, 1, 0),
(2973, 430, 2, 'tele', 1, 9, 7, 0),
(2974, 430, 1, 'tele', 7, 7, 1, 0),
(2975, 517, 8, 'auto', 7, 3, 1, 0),
(2976, 517, 4, 'tele', 7, 3, 1, 0),
(2977, 517, 3, 'tele', 1, 3, 7, 0),
(2978, 517, 2, 'tele', 7, 3, 1, 0),
(2979, 517, 1, 'tele', 1, 3, 7, 0),
(2980, 691, 10, 'auto', 7, 3, NULL, 1);
INSERT INTO `matchbreaches` (`id`, `teamMatchID`, `orderID`, `mode`, `startZone`, `defenseID`, `endZone`, `fail`) VALUES
(2981, 691, 9, 'tele', 7, 6, 4, 0),
(2982, 691, 8, 'tele', 4, 6, 7, 0),
(2983, 691, 5, 'tele', 7, 3, 4, 0),
(2984, 691, 4, 'tele', 4, 3, 7, 0),
(2985, 691, 1, 'tele', 7, 3, 4, 0),
(2986, 604, 17, 'auto', 1, 9, 7, 0),
(2987, 604, 15, 'auto', 7, 9, 1, 0),
(2988, 604, 10, 'tele', 7, 9, 1, 0),
(2989, 604, 8, 'tele', 1, 9, 7, 0),
(2990, 604, 6, 'tele', 7, 9, 1, 0),
(2991, 604, 4, 'tele', 1, 9, 7, 0),
(2992, 604, 2, 'tele', 7, 9, 1, 0),
(2993, 692, 11, 'auto', 7, 7, 4, 0),
(2994, 692, 10, 'tele', 7, 3, 4, 0),
(2995, 692, 9, 'tele', 4, 3, 7, 0),
(2996, 692, 8, 'tele', 7, 3, 4, 0),
(2997, 692, 7, 'tele', 4, 3, 7, 0),
(2998, 692, 6, 'tele', 7, 6, 4, 0),
(2999, 692, 5, 'tele', 4, 6, 7, 0),
(3000, 692, 4, 'tele', 7, 6, 4, 0),
(3001, 692, 3, 'tele', 4, 6, 7, 0),
(3002, 692, 2, 'tele', 7, 7, 4, 0),
(3003, 692, 1, 'tele', 4, 7, 7, 0),
(3004, 518, 5, 'tele', 7, 4, 1, 0),
(3005, 518, 4, 'tele', 1, 4, 7, 0),
(3006, 518, 3, 'tele', 7, 4, 1, 0),
(3007, 518, 2, 'tele', 1, 4, 7, 0),
(3008, 518, 1, 'tele', 7, 4, 1, 0),
(3009, 605, 3, 'tele', 7, 9, 1, 0),
(3010, 605, 2, 'tele', 1, 9, 7, 0),
(3011, 605, 1, 'tele', 7, 9, 1, 0),
(3012, 779, 12, 'tele', 7, 7, 4, 0),
(3013, 779, 10, 'tele', 4, 7, 7, 0),
(3014, 779, 6, 'tele', 7, 2, 4, 0),
(3015, 779, 5, 'tele', 4, 3, 7, 0),
(3016, 779, 4, 'tele', 7, 2, 4, 0),
(3017, 779, 3, 'tele', 4, 3, 7, 0),
(3018, 779, 1, 'tele', 7, 9, 4, 0),
(3019, 866, 12, 'auto', 7, 3, 7, 0),
(3020, 866, 10, 'tele', 7, 9, 4, 0),
(3021, 866, 8, 'tele', 4, 9, 7, 0),
(3022, 866, 4, 'tele', 7, 9, 4, 0),
(3023, 866, 1, 'tele', 7, 3, 4, 0),
(3024, 431, 11, 'auto', 7, 7, 1, 0),
(3025, 431, 10, 'tele', 7, 4, 1, 0),
(3026, 431, 9, 'tele', 1, 7, 7, 0),
(3027, 431, 8, 'tele', 1, 7, 1, 0),
(3028, 431, 7, 'tele', 1, 7, 1, 0),
(3029, 431, 6, 'tele', 7, 6, 1, 0),
(3030, 431, 5, 'tele', 1, 6, 7, 0),
(3031, 431, 4, 'tele', 7, 6, 1, 0),
(3032, 431, 3, 'tele', 1, 6, 7, 0),
(3033, 431, 2, 'tele', 7, 7, 1, 0),
(3034, 431, 1, 'tele', 1, 7, 7, 0),
(3035, 606, 14, 'auto', 7, 2, 1, 0),
(3036, 606, 13, 'tele', 7, 6, 1, 0),
(3037, 606, 12, 'tele', 1, 6, 7, 0),
(3038, 606, 11, 'tele', 7, 6, 1, 0),
(3039, 606, 10, 'tele', 1, 7, 7, 0),
(3040, 606, 9, 'tele', 7, 2, 1, 0),
(3041, 606, 8, 'tele', 1, 7, 7, 0),
(3042, 606, 6, 'tele', 7, 7, 1, 0),
(3043, 606, 5, 'tele', 1, 7, 7, 0),
(3044, 606, 4, 'tele', 7, 7, 1, 0),
(3045, 606, 2, 'tele', 1, 7, 7, 0),
(3046, 867, 16, 'auto', 7, 7, 4, 0),
(3047, 867, 12, 'tele', 7, 6, 4, 0),
(3048, 867, 11, 'tele', 4, 6, 7, 0),
(3049, 867, 8, 'tele', 7, 9, 4, 0),
(3050, 867, 6, 'tele', 4, 9, 7, 0),
(3051, 867, 4, 'tele', 7, 7, 4, 0),
(3052, 867, 2, 'tele', 4, 9, 7, 0),
(3053, 693, 4, 'auto', 7, 9, 4, 0),
(3054, 693, 3, 'tele', 7, 9, 4, 0),
(3055, 693, 2, 'tele', 1, 6, 7, 0),
(3056, 693, 1, 'tele', 4, 6, 7, 0),
(3057, 432, 4, 'auto', 7, 9, 1, 0),
(3058, 432, 3, 'tele', 7, 9, 1, 0),
(3059, 432, 2, 'tele', 7, 3, NULL, 1),
(3060, 432, 1, 'tele', 1, 3, 7, 0),
(3061, 780, 13, 'auto', 7, 3, 4, 0),
(3062, 780, 7, 'tele', 7, 3, 4, 0),
(3063, 780, 5, 'tele', 4, 3, 7, 0),
(3064, 780, 3, 'tele', 7, 6, 4, 0),
(3065, 781, 2, 'tele', 4, 9, 7, 0),
(3066, 781, 1, 'tele', 7, 3, 4, 0),
(3067, 433, 7, 'auto', 7, 9, NULL, 1),
(3068, 433, 6, 'tele', 1, 3, NULL, 1),
(3069, 433, 5, 'tele', 7, 9, 1, 0),
(3070, 433, 4, 'tele', 1, 9, 7, 0),
(3071, 433, 3, 'tele', 7, 9, 1, 0),
(3072, 433, 2, 'tele', 1, 9, 7, 0),
(3073, 433, 1, 'tele', 7, 9, 1, 0),
(3074, 868, 7, 'tele', 4, 3, 4, 0),
(3075, 868, 5, 'tele', 7, 7, 4, 0),
(3076, 868, 3, 'tele', 4, 7, 7, 0),
(3077, 868, 1, 'tele', 7, 7, 4, 0),
(3078, 607, 1, 'auto', 7, 7, 1, 0),
(3079, 520, 2, 'tele', 7, 7, 1, 0),
(3080, 520, 1, 'tele', 7, 3, NULL, 1),
(3081, 694, 15, 'auto', 7, 2, 4, 0),
(3082, 694, 10, 'tele', 7, 6, 4, 0),
(3083, 694, 9, 'tele', 4, 6, 7, 0),
(3084, 694, 8, 'tele', 7, 6, 4, 0),
(3085, 694, 7, 'tele', 4, 6, 7, 0),
(3086, 694, 6, 'tele', 7, 9, 4, 0),
(3087, 694, 5, 'tele', 4, 9, 7, 0),
(3088, 694, 3, 'tele', 4, 9, 7, 0),
(3089, 694, 1, 'tele', 7, 2, 4, 0),
(3090, 434, 9, 'tele', 7, 2, 1, 0),
(3091, 434, 8, 'tele', 1, 9, 7, 0),
(3092, 434, 6, 'tele', 7, 9, 1, 0),
(3093, 434, 4, 'tele', 1, 9, 7, 0),
(3094, 434, 1, 'tele', 7, 9, 1, 0),
(3095, 521, 13, 'auto', 7, 7, 1, 0),
(3096, 521, 10, 'tele', 7, 4, 1, 0),
(3097, 521, 9, 'tele', 1, 7, 7, 0),
(3098, 521, 8, 'tele', 7, 2, 1, 0),
(3099, 521, 7, 'tele', 1, 4, 7, 0),
(3100, 521, 6, 'tele', 1, 4, 1, 0),
(3101, 521, 5, 'tele', 7, 2, 1, 0),
(3102, 521, 4, 'tele', 1, 7, 7, 0),
(3103, 521, 3, 'tele', 7, 7, 1, 0),
(3104, 521, 2, 'tele', 1, 7, 7, 0),
(3105, 782, 7, 'auto', 7, 7, 4, 0),
(3106, 782, 6, 'tele', 7, 2, 4, 0),
(3107, 782, 5, 'tele', 4, 2, 7, 0),
(3108, 782, 3, 'tele', 7, 7, 4, 0),
(3109, 782, 2, 'tele', 4, 7, 7, 0),
(3110, 869, 4, 'tele', 7, 3, 4, 0),
(3111, 869, 1, 'tele', 4, 3, 7, 0),
(3112, 608, 9, 'auto', 7, 4, 1, 0),
(3113, 608, 4, 'tele', 7, 4, 1, 0),
(3114, 608, 2, 'tele', 1, 4, 7, 0),
(3115, 695, 14, 'auto', 7, 3, 4, 0),
(3116, 695, 13, 'tele', 7, 7, 4, 0),
(3117, 695, 12, 'tele', 4, 7, 7, 0),
(3118, 695, 11, 'tele', 7, 7, 4, 0),
(3119, 695, 10, 'tele', 4, 6, 7, 0),
(3120, 695, 9, 'tele', 7, 6, 4, 0),
(3121, 695, 8, 'tele', 4, 6, 7, 0),
(3122, 695, 7, 'tele', 7, 6, 4, 0),
(3123, 695, 6, 'tele', 4, 6, 7, 0),
(3124, 695, 5, 'tele', 7, 9, 4, 0),
(3125, 695, 3, 'tele', 4, 9, 7, 0),
(3126, 695, 2, 'tele', 7, 9, 4, 0),
(3127, 695, 1, 'tele', 4, 3, 7, 0),
(3128, 609, 5, 'tele', 7, 9, 1, 0),
(3129, 609, 4, 'tele', 1, 9, 7, 0),
(3130, 609, 3, 'tele', 1, 9, 1, 0),
(3131, 609, 2, 'tele', 7, 2, 1, 0),
(3132, 609, 1, 'tele', 7, 2, 7, 0),
(3133, 783, 15, 'auto', 7, 8, 4, 0),
(3134, 783, 14, 'tele', 7, 9, 4, 0),
(3135, 783, 12, 'tele', 4, 9, 7, 0),
(3136, 783, 10, 'tele', 7, 9, 4, 0),
(3137, 783, 8, 'tele', 4, 9, 7, 0),
(3138, 783, 6, 'tele', 7, 2, 4, 0),
(3139, 783, 4, 'tele', 4, 8, 7, 0),
(3140, 783, 3, 'tele', 7, 6, 4, 0),
(3141, 783, 2, 'tele', 4, 6, 7, 0),
(3142, 870, 9, 'auto', 7, 6, 4, 0),
(3143, 870, 8, 'tele', 4, 8, 7, 0),
(3144, 870, 7, 'tele', 4, 6, 7, 0),
(3145, 522, 9, 'auto', 7, 9, 1, 0),
(3146, 522, 8, 'tele', 1, 6, 1, 0),
(3147, 435, 7, 'auto', 7, 4, 1, 0),
(3148, 435, 5, 'tele', 7, 9, 1, 0),
(3149, 435, 3, 'tele', 1, 9, 7, 0),
(3150, 435, 2, 'tele', 7, 4, 1, 0),
(3151, 435, 1, 'tele', 1, 4, 7, 0),
(3152, 696, 7, 'tele', 7, 6, 4, 0),
(3153, 696, 6, 'tele', 4, 6, 7, 0),
(3154, 696, 5, 'tele', 7, 6, 4, 0),
(3155, 696, 4, 'tele', 4, 6, 7, 0),
(3156, 696, 3, 'tele', 7, 4, 4, 0),
(3157, 696, 2, 'tele', 4, 4, 7, 0),
(3158, 696, 1, 'tele', 7, 4, 4, 0),
(3159, 871, 1, 'auto', 7, 7, 4, 0),
(3160, 610, 14, 'auto', 7, 1, NULL, 1),
(3161, 610, 13, 'tele', 7, 7, 7, 0),
(3162, 610, 12, 'tele', 7, 7, 7, 0),
(3163, 610, 11, 'tele', 7, 7, 7, 0),
(3164, 610, 10, 'tele', 1, 9, 7, 0),
(3165, 610, 9, 'tele', 7, 9, 1, 0),
(3166, 610, 8, 'tele', 1, 9, 7, 0),
(3167, 610, 7, 'tele', 7, 9, 1, 0),
(3168, 610, 6, 'tele', 1, 9, 7, 0),
(3169, 610, 4, 'tele', 7, 1, 1, 0),
(3170, 610, 2, 'tele', 1, 9, 7, 0),
(3171, 436, 1, 'tele', 7, 6, 4, 0),
(3172, 697, 15, 'auto', 7, 4, 4, 0),
(3173, 697, 13, 'tele', 7, 4, 4, 0),
(3174, 697, 11, 'tele', 4, 4, 7, 0),
(3175, 697, 8, 'tele', 7, 4, 4, 0),
(3176, 697, 7, 'tele', 4, 7, 7, 0),
(3177, 697, 3, 'tele', 7, 7, 4, 0),
(3178, 697, 2, 'tele', 4, 4, 7, 0),
(3179, 784, 13, 'auto', 7, 9, 4, 0),
(3180, 784, 12, 'tele', 4, 6, 7, 0),
(3181, 784, 11, 'tele', 7, 4, 4, 0),
(3182, 784, 10, 'tele', 4, 6, 7, 0),
(3183, 784, 9, 'tele', 7, 6, 4, 0),
(3184, 784, 8, 'tele', 4, 6, 7, 0),
(3185, 784, 7, 'tele', 7, 1, 4, 0),
(3186, 784, 6, 'tele', 4, 9, 7, 0),
(3187, 784, 4, 'tele', 7, 9, 4, 0),
(3188, 784, 2, 'tele', 4, 9, 7, 0),
(3189, 785, 6, 'auto', 7, 7, 4, 0),
(3190, 785, 5, 'tele', 7, 4, 1, 0),
(3191, 785, 4, 'tele', 4, 5, 7, 0),
(3192, 785, 3, 'tele', 7, 7, 4, 0),
(3193, 611, 14, 'auto', 7, 7, 1, 0),
(3194, 611, 13, 'tele', 1, 9, 7, 0),
(3195, 611, 12, 'tele', 7, 2, 1, 0),
(3196, 611, 11, 'tele', 1, 7, 7, 0),
(3197, 611, 10, 'tele', 7, 2, 1, 0),
(3198, 611, 9, 'tele', 1, 7, 7, 0),
(3199, 611, 8, 'tele', 7, 4, 1, 0),
(3200, 611, 7, 'tele', 1, 4, 7, 0),
(3201, 611, 6, 'tele', 7, 4, 1, 0),
(3202, 611, 5, 'tele', 1, 7, 7, 0),
(3203, 611, 4, 'tele', 7, 7, 1, 0),
(3204, 611, 2, 'tele', 1, 7, 7, 0),
(3205, 872, 16, 'auto', 7, 4, 4, 0),
(3206, 872, 15, 'tele', 7, 9, 4, 0),
(3207, 872, 14, 'tele', 4, 9, 7, 0),
(3208, 872, 12, 'tele', 7, 9, 4, 0),
(3209, 872, 10, 'tele', 4, 9, 7, 0),
(3210, 872, 8, 'tele', 7, 1, 4, 0),
(3211, 872, 6, 'tele', 4, 9, 7, 0),
(3212, 872, 4, 'tele', 7, 1, 4, 0),
(3213, 872, 2, 'tele', 4, 9, 7, 0),
(3214, 873, 15, 'auto', 7, 7, 4, 0),
(3215, 873, 14, 'tele', 7, 7, 4, 0),
(3216, 873, 12, 'tele', 4, 7, 7, 0),
(3217, 873, 9, 'tele', 7, 2, 4, 0),
(3218, 873, 8, 'tele', 4, 7, 7, 0),
(3219, 873, 7, 'tele', 7, 2, 4, 0),
(3220, 873, 6, 'tele', 4, 7, 7, 0),
(3221, 873, 5, 'tele', 7, 7, 4, 0),
(3222, 873, 4, 'tele', 4, 7, 7, 0),
(3223, 873, 3, 'tele', 7, 4, 4, 0),
(3224, 873, 2, 'tele', 4, 7, 7, 0),
(3225, 438, 2, 'tele', 7, 4, 7, 0),
(3226, 438, 1, 'tele', 7, 4, 7, 0),
(3227, 525, 10, 'tele', 7, 9, 1, 0),
(3228, 525, 8, 'tele', 1, 7, 7, 0),
(3229, 525, 7, 'tele', 7, 7, 1, 0),
(3230, 525, 6, 'tele', 1, 7, 7, 0),
(3231, 525, 5, 'tele', 7, 7, 1, 0),
(3232, 525, 4, 'tele', 1, 9, 7, 0),
(3233, 525, 3, 'tele', 7, 2, 1, 0),
(3234, 525, 2, 'tele', 1, 9, 7, 0),
(3235, 525, 1, 'tele', 7, 9, 1, 0),
(3236, 612, 17, 'auto', 7, 2, 1, 0),
(3237, 612, 12, 'tele', 7, 9, 1, 0),
(3238, 612, 10, 'tele', 1, 9, 7, 0),
(3239, 612, 8, 'tele', 7, 9, 1, 0),
(3240, 612, 6, 'tele', 1, 9, 7, 0),
(3241, 699, 15, 'tele', 7, 9, 4, 0),
(3242, 699, 13, 'tele', 4, 9, 7, 0),
(3243, 699, 11, 'tele', 7, 9, 4, 0),
(3244, 699, 9, 'tele', 4, 9, 7, 0),
(3245, 699, 7, 'tele', 7, 9, 4, 0),
(3246, 699, 5, 'tele', 4, 9, 7, 0),
(3247, 699, 2, 'tele', 7, 9, 4, 0),
(3248, 699, 1, 'tele', 4, 9, 7, 0),
(3249, 786, 6, 'auto', 7, 5, 4, 0),
(3250, 787, 6, 'auto', 7, 9, 4, 0),
(3251, 787, 5, 'tele', 4, 7, NULL, 1),
(3252, 787, 3, 'tele', 7, 9, 4, 0),
(3253, 787, 2, 'tele', 4, 9, 7, 0),
(3254, 439, 16, 'auto', 7, 4, 1, 0),
(3255, 439, 12, 'tele', 7, 7, 1, 0),
(3256, 439, 10, 'tele', 1, 7, 7, 0),
(3257, 439, 8, 'tele', 7, 2, 1, 0),
(3258, 439, 6, 'tele', 1, 7, 7, 0),
(3259, 439, 4, 'tele', 7, 2, 1, 0),
(3260, 439, 2, 'tele', 1, 7, 7, 0),
(3261, 613, 2, 'auto', 7, 9, 1, 0),
(3262, 613, 1, 'auto', 7, 9, 7, 0),
(3263, 700, 5, 'tele', 7, 4, NULL, 1),
(3264, 700, 4, 'tele', 4, 7, 7, 0),
(3265, 700, 3, 'tele', 7, 7, 4, 0),
(3266, 700, 2, 'tele', 4, 7, 7, 0),
(3267, 700, 1, 'tele', 7, 7, 4, 0),
(3268, 526, 10, 'tele', 7, 9, 1, 0),
(3269, 526, 9, 'tele', 7, 9, 7, 0),
(3270, 526, 8, 'tele', 1, 4, 7, 0),
(3271, 526, 6, 'tele', 7, 4, 1, 0),
(3272, 526, 4, 'tele', 1, 7, 7, 0),
(3273, 526, 2, 'tele', 7, 7, 1, 0),
(3274, 526, 1, 'tele', 7, 7, 7, 0),
(3275, 874, 5, 'auto', 7, 4, 4, 0),
(3276, 874, 4, 'tele', 7, 2, 4, 0),
(3277, 874, 2, 'tele', 4, 7, 7, 0),
(3278, 701, 18, 'auto', 7, 4, 4, 0),
(3279, 701, 15, 'tele', 7, 9, 4, 0),
(3280, 701, 14, 'tele', 4, 9, 7, 0),
(3281, 701, 13, 'tele', 7, 6, 4, 0),
(3282, 701, 12, 'tele', 4, 6, 7, 0),
(3283, 701, 10, 'tele', 7, 9, 4, 0),
(3284, 701, 8, 'tele', 4, 9, 7, 0),
(3285, 701, 6, 'tele', 7, 9, 4, 0),
(3286, 701, 4, 'tele', 4, 9, 7, 0),
(3287, 701, 2, 'tele', 7, 9, 4, 0),
(3288, 701, 1, 'tele', 4, 9, 7, 0),
(3289, 440, 15, 'auto', 7, 4, 1, 0),
(3290, 440, 13, 'tele', 7, 9, 1, 0),
(3291, 440, 12, 'tele', 1, 7, 7, 0),
(3292, 440, 10, 'tele', 7, 4, 1, 0),
(3293, 440, 8, 'tele', 1, 7, 7, 0),
(3294, 440, 7, 'tele', 7, 9, 1, 0),
(3295, 440, 6, 'tele', 1, 7, 7, 0),
(3296, 440, 5, 'tele', 7, 7, 1, 0),
(3297, 440, 4, 'tele', 1, 7, 7, 0),
(3298, 440, 3, 'tele', 7, 4, 1, 0),
(3299, 440, 2, 'tele', 1, 7, 7, 0),
(3300, 875, 12, 'auto', 7, 9, 4, 0),
(3301, 875, 1, 'tele', 4, 4, 7, 0),
(3302, 527, 12, 'auto', 7, 7, 1, 0),
(3303, 527, 11, 'tele', 7, 2, 1, 0),
(3304, 527, 8, 'tele', 1, 7, 7, 0),
(3305, 527, 6, 'tele', 7, 2, 1, 0),
(3306, 527, 4, 'tele', 1, 4, 7, 0),
(3307, 527, 3, 'tele', 7, 6, 1, 0),
(3308, 527, 2, 'tele', 1, 6, 7, 0),
(3309, 788, 5, 'auto', 7, 4, 4, 0),
(3310, 788, 4, 'tele', 7, 7, 4, 0),
(3311, 788, 3, 'tele', 4, 7, 7, 0),
(3312, 788, 2, 'tele', 7, 7, 4, 0),
(3313, 788, 1, 'tele', 4, 7, 7, 0),
(3314, 528, 16, 'auto', 7, 9, 1, 0),
(3315, 528, 11, 'tele', 7, 9, 1, 0),
(3316, 528, 9, 'tele', 1, 9, 7, 0),
(3317, 528, 3, 'tele', 7, 9, 1, 0),
(3318, 528, 1, 'tele', 1, 9, 7, 0),
(3319, 789, 13, 'auto', 7, 7, 4, 0),
(3320, 789, 12, 'tele', 7, 1, 4, 0),
(3321, 789, 11, 'tele', 4, 6, 7, 0),
(3322, 789, 10, 'tele', 7, 1, 4, 0),
(3323, 789, 9, 'tele', 4, 6, 7, 0),
(3324, 789, 8, 'tele', 7, 6, 4, 0),
(3325, 789, 7, 'tele', 4, 6, 7, 0),
(3326, 789, 6, 'tele', 7, 6, 4, 0),
(3327, 789, 5, 'tele', 4, 6, 7, 0),
(3328, 789, 4, 'tele', 7, 9, 4, 0),
(3329, 789, 3, 'tele', 4, 9, 7, 0),
(3330, 789, 2, 'tele', 7, 7, 4, 0),
(3331, 789, 1, 'tele', 4, 7, 7, 0),
(3332, 441, 2, 'auto', 7, 4, 1, 0),
(3333, 876, 13, 'tele', 7, 4, 7, 0),
(3334, 876, 12, 'tele', 4, 9, 7, 0),
(3335, 876, 10, 'tele', 7, 9, 4, 0),
(3336, 876, 7, 'tele', 7, 9, 4, 0),
(3337, 876, 5, 'tele', 4, 9, 7, 0),
(3338, 876, 1, 'tele', 7, 9, 4, 0),
(3339, 615, 15, 'auto', 7, 7, 1, 0),
(3340, 615, 14, 'tele', 7, 4, 1, 0),
(3341, 615, 13, 'tele', 1, 4, 7, 0),
(3342, 615, 12, 'tele', 7, 2, 1, 0),
(3343, 615, 11, 'tele', 1, 2, 7, 0),
(3344, 615, 9, 'tele', 7, 2, 1, 0),
(3345, 615, 6, 'tele', 7, 7, 1, 0),
(3346, 615, 5, 'tele', 1, 7, 7, 0),
(3347, 615, 4, 'tele', 7, 7, 1, 0),
(3348, 615, 3, 'tele', 1, 7, 7, 0),
(3349, 702, 6, 'tele', 7, 4, 4, 0),
(3350, 702, 4, 'tele', 4, 4, 7, 0),
(3351, 702, 1, 'tele', 4, 4, 7, 0),
(3352, 616, 14, 'auto', 7, 9, 1, 0),
(3353, 616, 13, 'tele', 7, 7, 1, 0),
(3354, 616, 12, 'tele', 1, 5, 7, 0),
(3355, 616, 11, 'tele', 7, 1, 1, 0),
(3356, 616, 10, 'tele', 1, 9, 7, 0),
(3357, 616, 9, 'tele', 7, 1, 1, 0),
(3358, 616, 7, 'tele', 1, 9, 7, 0),
(3359, 616, 4, 'tele', 7, 9, 1, 0),
(3360, 616, 3, 'tele', 1, 9, 7, 0),
(3361, 790, 6, 'auto', 7, 9, 4, 0),
(3362, 790, 5, 'tele', 4, 9, 7, 0),
(3363, 790, 4, 'tele', 7, 2, 4, 0),
(3364, 790, 2, 'tele', 4, 9, 7, 0),
(3365, 442, 7, 'tele', 7, 9, 1, 0),
(3366, 442, 6, 'tele', 1, 5, 7, 0),
(3367, 442, 4, 'tele', 1, 5, 1, 0),
(3368, 442, 3, 'tele', 7, 4, 1, 0),
(3369, 442, 2, 'tele', 1, 4, 7, 0),
(3370, 442, 1, 'tele', 7, 4, 1, 0),
(3371, 529, 2, 'tele', 7, 7, 1, 0),
(3372, 529, 1, 'tele', 7, 7, 7, 0),
(3373, 703, 4, 'tele', 7, 8, 4, 0),
(3374, 703, 3, 'tele', 7, 4, 4, 0),
(3375, 703, 2, 'tele', 4, 4, 7, 0),
(3376, 703, 1, 'tele', 7, 4, 4, 0),
(3377, 877, 11, 'auto', 7, 8, 4, 0),
(3378, 877, 10, 'tele', 7, 9, 4, 0),
(3379, 877, 9, 'tele', 4, 9, 7, 0),
(3380, 877, 8, 'tele', 7, 9, 4, 0),
(3381, 877, 7, 'tele', 4, 9, 7, 0),
(3382, 877, 6, 'tele', 7, 9, 4, 0),
(3383, 877, 5, 'tele', 4, 8, 7, 0),
(3384, 877, 4, 'tele', 7, 8, 4, 0),
(3385, 877, 3, 'tele', 4, 8, 7, 0),
(3386, 877, 1, 'tele', 7, 8, 4, 0),
(3387, 878, 10, 'auto', 7, 3, 4, 0),
(3388, 878, 9, 'tele', 7, 9, 4, 0),
(3389, 878, 7, 'tele', 4, 9, 7, 0),
(3390, 878, 4, 'tele', 7, 3, 4, 0),
(3391, 878, 2, 'tele', 4, 3, 7, 0),
(3392, 617, 5, 'auto', 7, 9, 1, 0),
(3393, 617, 4, 'tele', 1, 9, 7, 0),
(3394, 617, 3, 'tele', 7, 9, 1, 0),
(3395, 617, 1, 'tele', 1, 9, 7, 0),
(3396, 530, 15, 'auto', 7, 5, 1, 0),
(3397, 530, 14, 'tele', 7, 5, 1, 0),
(3398, 530, 12, 'tele', 1, 4, 7, 0),
(3399, 530, 10, 'tele', 7, 7, 1, 0),
(3400, 530, 8, 'tele', 1, 7, 7, 0),
(3401, 530, 6, 'tele', 7, 4, 1, 0),
(3402, 530, 4, 'tele', 1, 4, 7, 0),
(3403, 530, 2, 'tele', 7, 4, 1, 0),
(3404, 704, 14, 'auto', 7, 9, 4, 0),
(3405, 704, 13, 'tele', 7, 3, 4, 0),
(3406, 704, 12, 'tele', 4, 5, 7, 0),
(3407, 704, 11, 'tele', 7, 7, 4, 0),
(3408, 704, 10, 'tele', 4, 7, 7, 0),
(3409, 704, 9, 'tele', 7, 7, 4, 0),
(3410, 704, 8, 'tele', 4, 7, 7, 0),
(3411, 704, 7, 'tele', 7, 1, 4, 0),
(3412, 704, 6, 'tele', 4, 1, 7, 0),
(3413, 704, 5, 'tele', 7, 1, 4, 0),
(3414, 704, 3, 'tele', 4, 9, 7, 0),
(3415, 704, 2, 'tele', 7, 9, 4, 0),
(3416, 704, 1, 'tele', 4, 1, 7, 0),
(3417, 618, 11, 'auto', 7, 7, 1, 0),
(3418, 618, 10, 'tele', 7, 3, 1, 0),
(3419, 618, 9, 'tele', 1, 7, 7, 0),
(3420, 618, 8, 'tele', 7, 9, 1, 0),
(3421, 618, 7, 'tele', 1, 7, 7, 0),
(3422, 618, 4, 'tele', 7, 7, 1, 0),
(3423, 618, 2, 'tele', 1, 7, 7, 0),
(3424, 792, 10, 'tele', 4, 9, 4, 0),
(3425, 792, 9, 'tele', 4, 9, 4, 0),
(3426, 792, 8, 'tele', 4, 9, 4, 0),
(3427, 792, 7, 'tele', 7, 2, 4, 0),
(3428, 792, 6, 'tele', 4, 9, 7, 0),
(3429, 792, 5, 'tele', 7, 9, 4, 0),
(3430, 792, 4, 'tele', 4, 9, 7, 0),
(3431, 792, 3, 'tele', 7, 9, 4, 0),
(3432, 792, 2, 'tele', 4, 9, 7, 0),
(3433, 792, 1, 'tele', 7, 9, 4, 0),
(3434, 444, 7, 'auto', 7, 3, NULL, 1),
(3435, 444, 3, 'tele', 7, 3, 1, 0),
(3436, 444, 2, 'tele', 1, 3, 7, 0),
(3437, 444, 1, 'tele', 7, 3, 1, 0),
(3438, 531, 14, 'auto', 7, 9, 1, 0),
(3439, 531, 13, 'tele', 7, 9, 1, 0),
(3440, 531, 12, 'tele', 1, 9, 7, 0),
(3441, 531, 10, 'tele', 7, 9, 1, 0),
(3442, 531, 8, 'tele', 1, 9, 7, 0),
(3443, 531, 6, 'tele', 7, 2, 1, 0),
(3444, 531, 4, 'tele', 1, 9, 7, 0),
(3445, 531, 3, 'tele', 7, 2, 1, 0),
(3446, 531, 1, 'tele', 1, 9, 7, 0),
(3447, 705, 16, 'auto', 7, 4, 4, 0),
(3448, 705, 14, 'tele', 7, 2, 4, 0),
(3449, 705, 13, 'tele', 4, 4, 7, 0),
(3450, 705, 12, 'tele', 7, 4, 4, 0),
(3451, 705, 10, 'tele', 4, 4, 7, 0),
(3452, 705, 8, 'tele', 7, 4, 4, 0),
(3453, 705, 6, 'tele', 4, 4, 7, 0),
(3454, 705, 4, 'tele', 7, 4, 4, 0),
(3455, 705, 2, 'tele', 4, 7, 7, 0),
(3456, 532, 8, 'auto', 7, 7, 1, 0),
(3457, 532, 6, 'tele', 7, 7, 1, 0),
(3458, 532, 4, 'tele', 1, 7, 7, 0),
(3459, 532, 3, 'tele', 7, 7, 1, 0),
(3460, 532, 2, 'tele', 1, 7, 7, 0),
(3461, 793, 15, 'auto', 7, 4, 4, 0),
(3462, 793, 13, 'tele', 7, 4, 4, 0),
(3463, 793, 11, 'tele', 7, 2, 7, 0),
(3464, 793, 10, 'tele', 4, 4, 7, 0),
(3465, 793, 8, 'tele', 7, 9, 4, 0),
(3466, 793, 6, 'tele', 4, 4, 7, 0),
(3467, 793, 4, 'tele', 7, 4, 4, 0),
(3468, 793, 2, 'tele', 4, 4, 7, 0),
(3469, 619, 8, 'auto', 7, 9, 1, 0),
(3470, 619, 7, 'tele', 7, 9, 1, 0),
(3471, 619, 5, 'tele', 1, 9, 7, 0),
(3472, 619, 2, 'tele', 1, 9, 7, 0),
(3473, 706, 7, 'auto', 7, 9, 4, 0),
(3474, 706, 6, 'tele', 7, 2, 4, 0),
(3475, 706, 4, 'tele', 4, 2, 7, 0),
(3476, 445, 3, 'tele', 7, 1, 1, 0),
(3477, 445, 2, 'tele', 1, 5, 7, 0),
(3478, 445, 1, 'tele', 7, 1, 1, 0),
(3479, 880, 10, 'auto', 7, 7, 4, 0),
(3480, 880, 8, 'tele', 7, 2, 4, 0),
(3481, 880, 6, 'tele', 4, 7, 7, 0),
(3482, 880, 4, 'tele', 7, 7, 4, 0),
(3483, 880, 2, 'tele', 4, 7, 7, 0),
(3484, 620, 15, 'auto', 7, 7, 1, 0),
(3485, 620, 14, 'tele', 7, 7, 1, 0),
(3486, 620, 12, 'tele', 1, 7, 7, 0),
(3487, 620, 10, 'tele', 7, 7, 1, 0),
(3488, 620, 8, 'tele', 1, 7, 7, 0),
(3489, 620, 7, 'tele', 7, 2, 1, 0),
(3490, 620, 6, 'tele', 1, 2, 7, 0),
(3491, 620, 5, 'tele', 7, 2, 1, 0),
(3492, 620, 4, 'tele', 1, 9, 7, 0),
(3493, 620, 3, 'tele', 7, 7, 1, 0),
(3494, 620, 2, 'tele', 1, 7, 7, 0),
(3495, 794, 13, 'auto', 7, 2, 4, 0),
(3496, 794, 8, 'tele', 7, 7, 4, 0),
(3497, 794, 6, 'tele', 4, 5, 7, 0),
(3498, 794, 4, 'tele', 7, 2, 4, 0),
(3499, 794, 2, 'tele', 4, 5, 7, 0),
(3500, 446, 6, 'tele', 7, 9, 1, 0),
(3501, 446, 5, 'tele', 1, 9, 7, 0),
(3502, 446, 3, 'tele', 7, 9, 1, 0),
(3503, 533, 6, 'tele', 7, 4, 1, 0),
(3504, 533, 5, 'tele', 1, 4, 7, 0),
(3505, 533, 3, 'tele', 7, 4, 1, 0),
(3506, 533, 1, 'tele', 1, 4, 7, 0),
(3507, 881, 16, 'auto', 7, 7, 4, 0),
(3508, 881, 14, 'tele', 7, 7, 4, 0),
(3509, 881, 12, 'tele', 4, 7, 7, 0),
(3510, 881, 8, 'tele', 7, 3, 4, 0),
(3511, 881, 6, 'tele', 4, 7, 7, 0),
(3512, 881, 4, 'tele', 7, 3, 4, 0),
(3513, 881, 2, 'tele', 4, 3, 7, 0),
(3514, 707, 9, 'auto', 7, 9, 4, 0),
(3515, 707, 8, 'tele', 7, 9, 4, 0),
(3516, 707, 6, 'tele', 4, 9, 7, 0),
(3517, 707, 5, 'tele', 7, 9, 4, 0),
(3518, 707, 4, 'tele', 7, 9, 7, 0),
(3519, 707, 3, 'tele', 4, 9, 7, 0),
(3520, 707, 2, 'tele', 7, 9, 4, 0),
(3521, 707, 1, 'tele', 4, 9, 7, 0),
(3522, 621, 12, 'auto', 7, 9, 1, 0),
(3523, 621, 11, 'tele', 7, 7, 1, 0),
(3524, 621, 10, 'tele', 1, 7, 7, 0),
(3525, 621, 9, 'tele', 7, 7, 1, 0),
(3526, 621, 8, 'tele', 1, 9, 7, 0),
(3527, 621, 7, 'tele', 7, 2, 1, 0),
(3528, 621, 6, 'tele', 1, 9, 7, 0),
(3529, 621, 5, 'tele', 7, 2, 1, 0),
(3530, 621, 4, 'tele', 1, 9, 7, 0),
(3531, 621, 3, 'tele', 7, 9, 1, 0),
(3532, 621, 1, 'tele', 1, 9, 7, 0),
(3533, 534, 8, 'auto', 7, 4, 1, 0),
(3534, 534, 4, 'tele', 7, 4, 1, 0),
(3535, 534, 2, 'tele', 1, 4, 7, 0),
(3536, 795, 10, 'auto', 7, 3, 4, 0),
(3537, 795, 9, 'tele', 4, 7, 4, 0),
(3538, 795, 7, 'tele', 7, 3, 4, 0),
(3539, 795, 5, 'tele', 4, 3, 7, 0),
(3540, 795, 3, 'tele', 4, 3, 7, 0),
(3541, 795, 2, 'tele', 7, 3, 4, 0),
(3542, 795, 1, 'tele', 4, 3, 7, 0),
(3543, 708, 15, 'auto', 7, 5, 4, 0),
(3544, 708, 13, 'tele', 4, 3, 7, 0),
(3545, 708, 11, 'tele', 7, 2, 4, 0),
(3546, 708, 9, 'tele', 4, 5, 7, 0),
(3547, 708, 7, 'tele', 7, 2, 4, 0),
(3548, 708, 5, 'tele', 4, 5, 7, 0),
(3549, 708, 3, 'tele', 7, 5, 4, 0),
(3550, 708, 1, 'tele', 4, 5, 7, 0),
(3551, 882, 8, 'auto', 7, 3, 4, 0),
(3552, 882, 7, 'tele', 7, 9, 4, 0),
(3553, 882, 6, 'tele', 4, 9, 7, 0),
(3554, 882, 5, 'tele', 7, 9, 4, 0),
(3555, 882, 4, 'tele', 4, 7, 7, 0),
(3556, 882, 3, 'tele', 7, 7, 4, 0),
(3557, 882, 1, 'tele', 4, 7, 7, 0),
(3558, 796, 15, 'auto', 7, 8, 4, 0),
(3559, 796, 14, 'tele', 7, 5, 4, 0),
(3560, 796, 12, 'tele', 4, 8, 7, 0),
(3561, 796, 10, 'tele', 7, 8, 4, 0),
(3562, 796, 8, 'tele', 4, 3, 7, 0),
(3563, 796, 7, 'tele', 7, 5, 4, 0),
(3564, 796, 6, 'tele', 4, 8, 7, 0),
(3565, 796, 4, 'tele', 7, 8, 4, 0),
(3566, 796, 2, 'tele', 4, 8, 7, 0),
(3567, 535, 6, 'auto', 7, 7, 1, 0),
(3568, 535, 5, 'tele', 7, 7, NULL, 1),
(3569, 535, 4, 'tele', 1, 7, 7, 0),
(3570, 535, 3, 'tele', 1, 7, 1, 0),
(3571, 535, 2, 'tele', 1, 7, 1, 0),
(3572, 883, 4, 'tele', 4, 5, 4, 0),
(3573, 883, 3, 'tele', 7, 3, 4, 0),
(3574, 883, 2, 'tele', 4, 3, 7, 0),
(3575, 883, 1, 'tele', 7, 3, 4, 0),
(3576, 709, 13, 'tele', 7, 9, 4, 0),
(3577, 709, 12, 'tele', 4, 9, 7, 0),
(3578, 709, 8, 'tele', 7, 2, 4, 0),
(3579, 709, 7, 'tele', 4, 9, 7, 0),
(3580, 709, 6, 'tele', 7, 2, 4, 0),
(3581, 709, 5, 'tele', 4, 9, 7, 0),
(3582, 709, 4, 'tele', 7, 9, 4, 0),
(3583, 709, 2, 'tele', 4, 9, 7, 0),
(3584, 709, 1, 'tele', 7, 9, 4, 0),
(3585, 448, 14, 'auto', 7, 4, 1, 0),
(3586, 448, 8, 'tele', 7, 4, 1, 0),
(3587, 448, 6, 'tele', 1, 4, 7, 0),
(3588, 448, 4, 'tele', 7, 4, 1, 0),
(3589, 448, 2, 'tele', 1, 4, 7, 0),
(3590, 622, 5, 'auto', 7, 7, 1, 0),
(3591, 622, 2, 'tele', 1, 9, 7, 0),
(3592, 622, 1, 'tele', 7, 9, 1, 0),
(3593, 449, 15, 'auto', 7, 9, 1, 0),
(3594, 449, 13, 'tele', 1, 3, 7, 0),
(3595, 449, 11, 'tele', 7, 7, 1, 0),
(3596, 449, 9, 'tele', 1, 3, 7, 0),
(3597, 449, 7, 'tele', 7, 3, 1, 0),
(3598, 449, 5, 'tele', 1, 3, 7, 0),
(3599, 449, 3, 'tele', 7, 9, 1, 0),
(3600, 449, 1, 'tele', 1, 9, 7, 0),
(3601, 536, 11, 'auto', 7, 2, 7, 0),
(3602, 536, 9, 'tele', 7, 9, 1, 0),
(3603, 536, 7, 'tele', 1, 9, 7, 0),
(3604, 536, 5, 'tele', 1, 2, 7, 0),
(3605, 536, 3, 'tele', 1, 9, 7, 0),
(3606, 536, 1, 'tele', 7, 2, 1, 0),
(3607, 710, 16, 'auto', 7, 3, 4, 0),
(3608, 710, 13, 'tele', 7, 3, 4, 0),
(3609, 710, 11, 'tele', 4, 3, 7, 0),
(3610, 710, 9, 'tele', 7, 3, 4, 0),
(3611, 710, 7, 'tele', 4, 7, 7, 0),
(3612, 710, 5, 'tele', 7, 3, 4, 0),
(3613, 710, 4, 'tele', 4, 7, 7, 0),
(3614, 710, 3, 'tele', 7, 7, 4, 0),
(3615, 710, 1, 'tele', 4, 7, 7, 0),
(3616, 797, 7, 'auto', 7, 3, 4, 0),
(3617, 797, 4, 'tele', 4, 9, 7, 0),
(3618, 797, 3, 'tele', 7, 1, 4, 0),
(3619, 797, 2, 'tele', 4, 1, 7, 0),
(3620, 884, 13, 'auto', 7, 9, 4, 0),
(3621, 884, 11, 'tele', 7, 9, 4, 0),
(3622, 884, 9, 'tele', 4, 9, 7, 0),
(3623, 884, 6, 'tele', 7, 9, 4, 0),
(3624, 884, 4, 'tele', 4, 9, 7, 0),
(3625, 450, 14, 'auto', 7, 7, 1, 0),
(3626, 450, 12, 'tele', 7, 3, 1, 0),
(3627, 450, 10, 'tele', 1, 7, 7, 0),
(3628, 450, 9, 'tele', 7, 3, 1, 0),
(3629, 450, 8, 'tele', 1, 3, 7, 0),
(3630, 450, 7, 'tele', 7, 3, 1, 0),
(3631, 450, 6, 'tele', 1, 3, 7, 0),
(3632, 450, 5, 'tele', 7, 9, 1, 0),
(3633, 450, 4, 'tele', 1, 3, 7, 0),
(3634, 450, 3, 'tele', 7, 7, 1, 0),
(3635, 450, 2, 'tele', 1, 7, 7, 0),
(3636, 624, 4, 'auto', 7, 9, 1, 0),
(3637, 624, 3, 'tele', 7, 9, 1, 0),
(3638, 624, 2, 'tele', 1, 9, 7, 0),
(3639, 624, 1, 'tele', 1, 9, 1, 0),
(3640, 537, 8, 'tele', 7, 3, 1, 0),
(3641, 537, 7, 'tele', 1, 5, 7, 0),
(3642, 537, 5, 'tele', 7, 2, 1, 0),
(3643, 537, 3, 'tele', 1, 5, 7, 0),
(3644, 537, 1, 'tele', 7, 2, 1, 0),
(3645, 711, 5, 'tele', 4, 3, 7, 0),
(3646, 711, 4, 'tele', 7, 3, 4, 0),
(3647, 711, 3, 'tele', 4, 3, 7, 0),
(3648, 711, 1, 'tele', 7, 3, 4, 0),
(3649, 798, 11, 'tele', 7, 3, 4, 0),
(3650, 798, 9, 'tele', 4, 5, 7, 0),
(3651, 798, 8, 'tele', 7, 2, 4, 0),
(3652, 798, 7, 'tele', 4, 9, 7, 0),
(3653, 798, 6, 'tele', 7, 2, 4, 0),
(3654, 798, 5, 'tele', 4, 7, 7, 0),
(3655, 798, 4, 'tele', 7, 7, 4, 0),
(3656, 798, 3, 'tele', 4, 7, 7, 0),
(3657, 798, 1, 'tele', 7, 7, 4, 0),
(3658, 885, 5, 'tele', 7, 9, 4, 0),
(3659, 885, 4, 'tele', 4, 9, 7, 0),
(3660, 885, 3, 'tele', 7, 9, 4, 0),
(3661, 885, 2, 'tele', 4, 9, 7, 0),
(3662, 885, 1, 'tele', 7, 9, 4, 0),
(3663, 451, 14, 'auto', 7, 3, 1, 0),
(3664, 451, 12, 'tele', 7, 8, 1, 0),
(3665, 451, 10, 'tele', 1, 8, 7, 0),
(3666, 451, 4, 'tele', 7, 8, 1, 0),
(3667, 451, 2, 'tele', 1, 8, 7, 0),
(3668, 886, 4, 'auto', 7, 3, 4, 0),
(3669, 886, 3, 'tele', 4, 3, 7, 0),
(3670, 625, 10, 'auto', 1, 9, NULL, 1),
(3671, 625, 9, 'auto', 7, 9, 1, 0),
(3672, 625, 8, 'tele', 1, 6, 1, 0),
(3673, 625, 7, 'tele', 1, 6, NULL, 1),
(3674, 625, 6, 'tele', 7, 6, 1, 0),
(3675, 625, 5, 'tele', 7, 9, NULL, 1),
(3676, 625, 4, 'tele', 1, 9, 7, 0),
(3677, 625, 3, 'tele', 7, 9, 1, 0),
(3678, 625, 2, 'tele', 1, 9, 7, 0),
(3679, 625, 1, 'tele', 7, 9, 1, 0),
(3680, 538, 10, 'auto', 7, 8, 1, 0),
(3681, 538, 8, 'tele', 7, 3, 1, 0),
(3682, 538, 7, 'tele', 1, 3, 7, 0),
(3683, 538, 6, 'tele', 7, 6, 1, 0),
(3684, 538, 5, 'tele', 1, 6, 7, 0),
(3685, 538, 4, 'tele', 7, 8, 1, 0),
(3686, 538, 3, 'tele', 1, 8, 7, 0),
(3687, 538, 2, 'tele', 7, 3, 1, 0),
(3688, 538, 1, 'tele', 1, 8, 7, 0),
(3689, 799, 17, 'auto', 7, 9, 7, 0),
(3690, 799, 13, 'tele', 4, 8, 4, 0),
(3691, 799, 9, 'tele', 7, 1, 4, 0),
(3692, 799, 7, 'tele', 4, 8, 7, 0),
(3693, 799, 5, 'tele', 7, 1, 4, 0),
(3694, 799, 3, 'tele', 4, 8, 7, 0),
(3695, 799, 1, 'tele', 7, 8, 4, 0),
(3696, 712, 9, 'tele', 7, 9, 4, 0),
(3697, 712, 8, 'tele', 4, 9, 7, 0),
(3698, 712, 6, 'tele', 7, 9, 4, 0),
(3699, 712, 5, 'tele', 4, 9, 7, 0),
(3700, 712, 4, 'tele', 7, 6, 4, 0),
(3701, 712, 3, 'tele', 4, 6, 7, 0),
(3702, 712, 1, 'tele', 7, 8, 4, 0),
(3703, 800, 12, 'auto', 7, 9, 4, 0),
(3704, 800, 11, 'tele', 7, 8, 4, 0),
(3705, 800, 10, 'tele', 4, 8, 7, 0),
(3706, 800, 8, 'tele', 7, 2, 4, 0),
(3707, 800, 6, 'tele', 4, 8, 7, 0),
(3708, 800, 4, 'tele', 7, 2, 4, 0),
(3709, 800, 2, 'tele', 4, 8, 7, 0),
(3710, 452, 13, 'auto', 7, 8, 7, 0),
(3711, 452, 11, 'tele', 7, 8, 1, 0),
(3712, 452, 9, 'tele', 1, 8, 7, 0),
(3713, 452, 5, 'tele', 7, 9, 1, 0),
(3714, 452, 4, 'tele', 1, 8, 7, 0),
(3715, 452, 3, 'tele', 7, 8, 1, 0),
(3716, 452, 2, 'tele', 1, 8, 7, 0),
(3717, 452, 1, 'tele', 7, 8, 1, 0),
(3718, 626, 5, 'tele', 1, 8, 7, 0),
(3719, 626, 4, 'tele', 7, 2, 1, 0),
(3720, 626, 3, 'tele', 7, 6, 1, 0),
(3721, 626, 1, 'tele', 7, 2, 1, 0),
(3722, 539, 5, 'auto', 7, 9, 1, 0),
(3723, 539, 4, 'tele', 7, 9, 1, 0),
(3724, 539, 3, 'tele', 1, 9, 7, 0),
(3725, 539, 2, 'tele', 7, 9, 1, 0),
(3726, 539, 1, 'tele', 1, 9, 7, 0),
(3727, 713, 12, 'tele', 7, 9, 4, 0),
(3728, 713, 10, 'tele', 4, 9, 7, 0),
(3729, 713, 8, 'tele', 7, 9, 4, 0),
(3730, 713, 6, 'tele', 4, 9, 7, 0),
(3731, 713, 4, 'tele', 7, 9, 4, 0),
(3732, 713, 2, 'tele', 4, 9, 7, 0),
(3733, 887, 12, 'auto', 7, 8, 4, 0),
(3734, 887, 9, 'tele', 7, 4, 4, 0),
(3735, 887, 8, 'tele', 4, 6, 7, 0),
(3736, 887, 7, 'tele', 7, 6, 4, 0),
(3737, 887, 6, 'tele', 4, 6, 7, 0),
(3738, 887, 4, 'tele', 7, 4, 4, 0),
(3739, 887, 2, 'tele', 4, 6, 7, 0),
(3740, 801, 16, 'auto', 7, 8, 4, 0),
(3741, 801, 15, 'tele', 4, 9, 7, 0),
(3742, 801, 13, 'tele', 7, 9, 4, 0),
(3743, 801, 11, 'tele', 4, 9, 7, 0),
(3744, 801, 9, 'tele', 7, 9, 4, 0),
(3745, 801, 7, 'tele', 4, 8, 7, 0),
(3746, 801, 6, 'tele', 7, 3, 4, 0),
(3747, 801, 4, 'tele', 4, 8, 7, 0),
(3748, 801, 3, 'tele', 7, 8, 4, 0),
(3749, 801, 1, 'tele', 4, 8, 7, 0),
(3750, 453, 5, 'auto', 7, 8, NULL, 1),
(3751, 453, 3, 'tele', 1, 8, 7, 0),
(3752, 453, 2, 'tele', 1, 8, 1, 0),
(3753, 453, 1, 'tele', 7, 8, 1, 0),
(3754, 888, 10, 'auto', 7, 9, 4, 0),
(3755, 627, 1, 'tele', 7, 3, NULL, 1),
(3756, 714, 13, 'auto', 7, 3, 4, 0),
(3757, 714, 11, 'tele', 7, 8, 4, 0),
(3758, 714, 10, 'tele', 4, 8, 7, 0),
(3759, 714, 6, 'tele', 7, 2, 4, 0),
(3760, 714, 5, 'tele', 4, 8, 7, 0),
(3761, 714, 3, 'tele', 7, 2, 4, 0),
(3762, 714, 2, 'tele', 4, 8, 7, 0),
(3763, 541, 9, 'tele', 7, 4, 1, 0),
(3764, 541, 8, 'tele', 1, 9, 7, 0),
(3765, 541, 7, 'tele', 7, 4, 1, 0),
(3766, 541, 6, 'tele', 1, 8, 7, 0),
(3767, 541, 5, 'tele', 7, 6, 1, 0),
(3768, 541, 4, 'tele', 1, 6, 7, 0),
(3769, 541, 3, 'tele', 7, 6, 1, 0),
(3770, 541, 2, 'tele', 1, 6, 7, 0),
(3771, 541, 1, 'tele', 7, 8, 1, 0),
(3772, 889, 6, 'tele', 7, 8, 4, 0),
(3773, 889, 5, 'tele', 4, 8, 7, 0),
(3774, 889, 4, 'tele', 7, 8, 4, 0),
(3775, 889, 3, 'tele', 4, 3, 7, 0),
(3776, 889, 1, 'tele', 7, 3, 4, 0),
(3777, 454, 14, 'auto', 7, 8, 1, 0),
(3778, 454, 10, 'tele', 7, 2, 1, 0),
(3779, 454, 9, 'tele', 7, 2, 7, 0),
(3780, 454, 7, 'tele', 1, 8, 7, 0),
(3781, 454, 5, 'tele', 7, 2, 1, 0),
(3782, 454, 4, 'tele', 7, 2, 7, 0),
(3783, 454, 2, 'tele', 1, 8, 7, 0),
(3784, 715, 1, 'tele', 7, 9, 4, 0),
(3785, 802, 13, 'auto', 7, 9, 4, 0),
(3786, 802, 12, 'tele', 4, 6, 7, 0),
(3787, 802, 11, 'tele', 7, 8, 4, 0),
(3788, 802, 10, 'tele', 4, 8, 7, 0),
(3789, 802, 9, 'tele', 7, 6, 4, 0),
(3790, 802, 8, 'tele', 4, 6, 7, 0),
(3791, 802, 7, 'tele', 7, 3, 7, 0),
(3792, 802, 6, 'tele', 7, 3, NULL, 1),
(3793, 802, 5, 'tele', 4, 1, 7, 0),
(3794, 802, 4, 'tele', 7, 1, 4, 0),
(3795, 802, 3, 'tele', 4, 3, 7, 0),
(3796, 802, 2, 'tele', 7, 1, 4, 0),
(3797, 802, 1, 'tele', 4, 1, 7, 0),
(3798, 628, 15, 'auto', 7, 9, 1, 0),
(3799, 628, 13, 'tele', 1, 9, 7, 0),
(3800, 628, 11, 'tele', 7, 9, 1, 0),
(3801, 628, 9, 'tele', 1, 9, 7, 0),
(3802, 628, 7, 'tele', 7, 9, 1, 0),
(3803, 628, 5, 'tele', 1, 9, 7, 0),
(3804, 628, 3, 'tele', 7, 9, 1, 0),
(3805, 628, 1, 'tele', 1, 9, 7, 0),
(3806, 716, 6, 'auto', 7, 8, 4, 0),
(3807, 716, 5, 'tele', 7, 8, 4, 0),
(3808, 716, 4, 'tele', 4, 8, 7, 0),
(3809, 716, 3, 'tele', 4, 3, 7, 0),
(3810, 716, 2, 'tele', 7, 8, 4, 0),
(3811, 716, 1, 'tele', 4, 8, 7, 0),
(3812, 455, 11, 'auto', 7, 8, 1, 0),
(3813, 455, 9, 'tele', 7, 8, 1, 0),
(3814, 455, 7, 'tele', 1, 8, 7, 0),
(3815, 455, 6, 'tele', 7, 3, 1, 0),
(3816, 455, 4, 'tele', 1, 8, 7, 0),
(3817, 455, 3, 'tele', 7, 8, 1, 0),
(3818, 455, 2, 'tele', 1, 8, 7, 0),
(3819, 629, 11, 'auto', 7, 9, 1, 0),
(3820, 629, 9, 'tele', 7, 9, 1, 0),
(3821, 629, 8, 'tele', 1, 9, 7, 0),
(3822, 629, 5, 'tele', 7, 9, 1, 0),
(3823, 629, 4, 'tele', 7, 9, 7, 0),
(3824, 629, 2, 'tele', 1, 9, 7, 0),
(3825, 542, 12, 'auto', 7, 3, 1, 0),
(3826, 542, 8, 'tele', 7, 9, 1, 0),
(3827, 542, 6, 'tele', 1, 9, 7, 0),
(3828, 542, 4, 'tele', 7, 1, 1, 0),
(3829, 542, 2, 'tele', 1, 3, 7, 0),
(3830, 803, 10, 'tele', 7, 3, 4, 0),
(3831, 803, 9, 'tele', 4, 9, 7, 0),
(3832, 803, 8, 'tele', 7, 3, 4, 0),
(3833, 803, 6, 'tele', 4, 9, 7, 0),
(3834, 803, 5, 'tele', 7, 9, 4, 0),
(3835, 803, 4, 'tele', 4, 9, 7, 0),
(3836, 803, 3, 'tele', 7, 9, 4, 0),
(3837, 803, 2, 'tele', 4, 9, 7, 0),
(3838, 803, 1, 'tele', 7, 8, 4, 0),
(3839, 890, 3, 'tele', 7, 6, 4, 0),
(3840, 890, 2, 'tele', 4, 6, 7, 0),
(3841, 804, 6, 'auto', 7, 1, 4, 0),
(3842, 804, 5, 'tele', 4, 1, 4, 0),
(3843, 804, 4, 'tele', 4, 1, 4, 0),
(3844, 804, 3, 'tele', 4, 1, 4, 0),
(3845, 804, 2, 'tele', 4, 1, 4, 0),
(3846, 543, 5, 'auto', 7, 9, 1, 0),
(3847, 543, 4, 'tele', 1, 8, 7, 0),
(3848, 543, 3, 'tele', 1, 9, 7, 0),
(3849, 543, 2, 'tele', 7, 6, 1, 0),
(3850, 543, 1, 'tele', 1, 9, 7, 0),
(3851, 717, 14, 'auto', 7, 9, 4, 0),
(3852, 717, 13, 'tele', 4, 9, 7, 0),
(3853, 717, 12, 'tele', 7, 9, 4, 0),
(3854, 717, 11, 'tele', 4, 9, 7, 0),
(3855, 717, 9, 'tele', 7, 9, 4, 0),
(3856, 717, 7, 'tele', 4, 9, 7, 0),
(3857, 717, 2, 'tele', 7, 9, 4, 0),
(3858, 717, 1, 'tele', 4, 9, 7, 0),
(3859, 630, 7, 'tele', 7, 3, 1, 0),
(3860, 630, 6, 'tele', 1, 6, 7, 0),
(3861, 630, 5, 'tele', 7, 6, 1, 0),
(3862, 630, 4, 'tele', 1, 6, 7, 0),
(3863, 630, 3, 'tele', 7, 3, 1, 0),
(3864, 630, 2, 'tele', 1, 6, 7, 0),
(3865, 630, 1, 'tele', 7, 3, 1, 0),
(3866, 456, 15, 'auto', 7, 8, 1, 0),
(3867, 456, 11, 'tele', 7, 2, 1, 0),
(3868, 456, 9, 'tele', 1, 8, 7, 0),
(3869, 456, 7, 'tele', 7, 2, 1, 0),
(3870, 456, 5, 'tele', 1, 8, 7, 0),
(3871, 456, 3, 'tele', 7, 8, 1, 0),
(3872, 456, 1, 'tele', 1, 8, 7, 0),
(3873, 891, 16, 'auto', 7, 8, 4, 0),
(3874, 891, 14, 'tele', 4, 8, 7, 0),
(3875, 891, 12, 'tele', 7, 4, 4, 0),
(3876, 891, 10, 'tele', 4, 4, 7, 0),
(3877, 891, 8, 'tele', 7, 4, 4, 0),
(3878, 891, 6, 'tele', 4, 4, 7, 0),
(3879, 891, 4, 'tele', 7, 4, 4, 0),
(3880, 891, 2, 'tele', 4, 8, 7, 0),
(3881, 631, 1, 'auto', 7, 8, 1, 0),
(3882, 805, 6, 'tele', 7, 5, 4, 0),
(3883, 805, 5, 'tele', 4, 5, 7, 0),
(3884, 805, 4, 'tele', 7, 8, 4, 0),
(3885, 805, 3, 'tele', 4, 8, 7, 0),
(3886, 805, 1, 'tele', 7, 5, 4, 0),
(3887, 892, 8, 'auto', 7, 4, 4, 0),
(3888, 892, 7, 'tele', 7, 8, 4, 0),
(3889, 892, 6, 'tele', 4, 8, 7, 0),
(3890, 892, 5, 'tele', 7, 8, 4, 0),
(3891, 892, 4, 'tele', 4, 4, 7, 0),
(3892, 892, 3, 'tele', 4, 4, 4, 0),
(3893, 892, 2, 'tele', 7, 4, 4, 0),
(3894, 892, 1, 'tele', 4, 4, 7, 0),
(3895, 457, 16, 'auto', 7, 3, 1, 0),
(3896, 457, 14, 'tele', 1, 8, 7, 0),
(3897, 457, 12, 'tele', 7, 8, 1, 0),
(3898, 457, 10, 'tele', 1, 8, 7, 0),
(3899, 457, 8, 'tele', 7, 8, 1, 0),
(3900, 457, 6, 'tele', 1, 9, 7, 0),
(3901, 457, 4, 'tele', 7, 1, 1, 0),
(3902, 457, 2, 'tele', 1, 8, 7, 0),
(3903, 544, 15, 'auto', 7, 9, 1, 0),
(3904, 544, 14, 'tele', 7, 3, 1, 0),
(3905, 544, 12, 'tele', 1, 6, 7, 0),
(3906, 544, 10, 'tele', 7, 3, 1, 0),
(3907, 544, 8, 'tele', 1, 8, 7, 0),
(3908, 544, 6, 'tele', 7, 1, 1, 0),
(3909, 544, 4, 'tele', 1, 8, 7, 0),
(3910, 544, 3, 'tele', 7, 3, 1, 0),
(3911, 544, 2, 'tele', 1, 9, 7, 0),
(3912, 718, 7, 'auto', 7, 9, 4, 0),
(3913, 718, 6, 'tele', 7, 5, 4, 0),
(3914, 718, 5, 'tele', 4, 9, 7, 0),
(3915, 718, 4, 'tele', 7, 9, 4, 0),
(3916, 718, 3, 'tele', 4, 9, 7, 0),
(3917, 718, 2, 'tele', 7, 5, 4, 0),
(3918, 718, 1, 'tele', 4, 5, 7, 0),
(3919, 893, 12, 'auto', 7, 9, 4, 0),
(3920, 893, 5, 'tele', 7, 6, 4, 0),
(3921, 893, 4, 'tele', 4, 6, 7, 0),
(3922, 893, 3, 'tele', 7, 6, 4, 0),
(3923, 893, 2, 'tele', 4, 6, 7, 0),
(3924, 719, 8, 'auto', 7, 8, 4, 0),
(3925, 719, 7, 'tele', 7, 9, 4, 0),
(3926, 719, 6, 'tele', 4, 8, 7, 0),
(3927, 719, 5, 'tele', 7, 4, 4, 0),
(3928, 719, 4, 'tele', 4, 4, 7, 0),
(3929, 719, 2, 'tele', 7, 8, 4, 0),
(3930, 719, 1, 'tele', 4, 8, 7, 0),
(3931, 545, 11, 'tele', 7, 8, 1, 0),
(3932, 545, 9, 'tele', 1, 8, 7, 0),
(3933, 545, 3, 'tele', 7, 8, 1, 0),
(3934, 545, 1, 'tele', 1, 8, 7, 0),
(3935, 632, 13, 'auto', 7, 3, 1, 0),
(3936, 632, 12, 'tele', 7, 9, 1, 0),
(3937, 632, 11, 'tele', 1, 8, 7, 0),
(3938, 632, 10, 'tele', 7, 9, 1, 0),
(3939, 632, 9, 'tele', 1, 8, 7, 0),
(3940, 632, 8, 'tele', 7, 6, 1, 0),
(3941, 632, 7, 'tele', 1, 6, 7, 0),
(3942, 632, 6, 'tele', 7, 6, 1, 0),
(3943, 632, 5, 'tele', 1, 6, 7, 0),
(3944, 632, 4, 'tele', 7, 8, 1, 0),
(3945, 632, 3, 'tele', 1, 3, 7, 0),
(3946, 632, 2, 'tele', 7, 3, 1, 0),
(3947, 632, 1, 'tele', 1, 3, 7, 0),
(3948, 806, 15, 'auto', 7, 4, 4, 0),
(3949, 806, 13, 'tele', 4, 9, 7, 0),
(3950, 806, 11, 'tele', 7, 9, 4, 0),
(3951, 806, 8, 'tele', 7, 9, 4, 0),
(3952, 806, 7, 'tele', 4, 9, 7, 0),
(3953, 806, 3, 'tele', 7, 4, 4, 0),
(3954, 806, 1, 'tele', 4, 4, 7, 0),
(3955, 808, 1, 'auto', 7, 7, NULL, 1),
(3956, 460, 17, 'auto', 7, 3, 1, 0),
(3957, 460, 16, 'tele', 7, 7, 1, 0),
(3958, 460, 15, 'tele', 1, 7, 7, 0),
(3959, 460, 14, 'tele', 7, 7, 1, 0),
(3960, 460, 12, 'tele', 1, 3, 7, 0),
(3961, 460, 6, 'tele', 7, 3, 1, 0),
(3962, 460, 4, 'tele', 1, 7, 7, 0),
(3963, 721, 3, 'auto', 7, 9, 4, 0),
(3964, 721, 2, 'tele', 7, 9, 4, 0),
(3965, 721, 1, 'tele', 4, 9, 7, 0),
(3966, 634, 5, 'tele', 7, 6, 1, 0),
(3967, 634, 4, 'tele', 1, 6, 7, 0),
(3968, 634, 3, 'tele', 7, 6, 1, 0),
(3969, 634, 2, 'tele', 1, 6, 7, 0),
(3970, 634, 1, 'tele', 7, 9, 1, 0),
(3971, 547, 11, 'auto', 7, 9, 1, 0),
(3972, 547, 6, 'tele', 1, 6, 7, 0),
(3973, 547, 4, 'tele', 7, 2, 1, 0),
(3974, 547, 2, 'tele', 1, 9, 7, 0),
(3975, 895, 3, 'tele', 7, 4, NULL, 1),
(3976, 895, 2, 'tele', 7, 4, 4, 0),
(3977, 895, 1, 'tele', 7, 4, 7, 0),
(3978, 461, 16, 'auto', 7, 9, 1, 0),
(3979, 461, 11, 'tele', 7, 3, 1, 0),
(3980, 461, 9, 'tele', 1, 3, 7, 0),
(3981, 461, 7, 'tele', 7, 3, 1, 0),
(3982, 461, 5, 'tele', 1, 3, 7, 0),
(3983, 461, 3, 'tele', 7, 9, 1, 0),
(3984, 461, 1, 'tele', 1, 9, 7, 0),
(3985, 809, 13, 'auto', 7, 4, 4, 0),
(3986, 809, 11, 'tele', 7, 2, 4, 0),
(3987, 809, 9, 'tele', 4, 9, 7, 0),
(3988, 809, 7, 'tele', 7, 9, 4, 0),
(3989, 809, 5, 'tele', 4, 9, 7, 0),
(3990, 809, 4, 'tele', 7, 4, 4, 0),
(3991, 809, 3, 'tele', 7, 4, 7, 0),
(3992, 809, 2, 'tele', 4, 4, 7, 0),
(3993, 896, 1, 'tele', 7, 9, 4, 0),
(3994, 548, 4, 'auto', 7, 7, 1, 0),
(3995, 548, 3, 'auto', 1, 7, 7, 0),
(3996, 548, 1, 'auto', 7, 3, 1, 0),
(3997, 635, 8, 'tele', 7, 6, 1, 0),
(3998, 635, 7, 'tele', 1, 6, 7, 0),
(3999, 635, 6, 'tele', 7, 6, 1, 0),
(4000, 635, 5, 'tele', 1, 6, 7, 0),
(4001, 635, 3, 'tele', 7, 9, 1, 0),
(4002, 635, 2, 'tele', 1, 9, 7, 0),
(4003, 635, 1, 'tele', 7, 2, 1, 0),
(4004, 722, 8, 'tele', 7, 7, 4, 0),
(4005, 722, 7, 'tele', 4, 7, 7, 0),
(4006, 722, 6, 'tele', 7, 7, 4, 0),
(4007, 722, 5, 'tele', 4, 7, 7, 0),
(4008, 722, 4, 'tele', 7, 7, 4, 0),
(4009, 722, 3, 'tele', 4, 7, 7, 0),
(4010, 722, 1, 'tele', 7, 7, 4, 0),
(4011, 897, 8, 'auto', 7, 9, 4, 0),
(4012, 723, 15, 'auto', 7, 3, NULL, 1),
(4013, 723, 14, 'tele', 4, 9, 7, 0),
(4014, 723, 12, 'tele', 7, 3, 4, 0),
(4015, 723, 10, 'tele', 4, 7, 7, 0),
(4016, 723, 6, 'tele', 7, 7, 4, 0),
(4017, 723, 4, 'tele', 4, 9, 7, 0),
(4018, 723, 3, 'tele', 7, 3, 4, 0),
(4019, 723, 2, 'tele', 4, 3, 7, 0),
(4020, 723, 1, 'tele', 7, 3, 4, 0),
(4021, 462, 15, 'auto', 7, 7, 1, 0),
(4022, 462, 14, 'tele', 7, 2, 7, 0),
(4023, 462, 13, 'tele', 7, 2, 7, 0),
(4024, 462, 11, 'tele', 1, 7, 7, 0),
(4025, 462, 10, 'tele', 7, 9, 1, 0),
(4026, 462, 9, 'tele', 1, 9, 7, 0),
(4027, 462, 8, 'tele', 7, 2, 1, 0),
(4028, 462, 7, 'tele', 1, 7, 7, 0),
(4029, 462, 5, 'tele', 7, 7, 1, 0),
(4030, 462, 4, 'tele', 7, 7, 7, 0),
(4031, 462, 2, 'tele', 1, 7, 7, 0),
(4032, 549, 5, 'auto', 1, 9, 1, 0),
(4033, 549, 4, 'auto', 7, 9, 1, 0),
(4034, 549, 3, 'tele', 1, 9, 7, 0),
(4035, 549, 2, 'tele', 7, 9, 1, 0),
(4036, 549, 1, 'tele', 1, 9, 7, 0),
(4037, 636, 16, 'auto', 7, 3, 1, 0),
(4038, 636, 7, 'tele', 7, 3, 1, 0),
(4039, 636, 5, 'tele', 1, 3, 7, 0),
(4040, 636, 3, 'tele', 7, 3, 1, 0),
(4041, 636, 2, 'tele', 1, 3, 7, 0),
(4042, 550, 13, 'auto', 7, 4, 7, 0),
(4043, 550, 12, 'tele', 7, 9, 1, 0),
(4044, 550, 10, 'tele', 1, 6, 7, 0),
(4045, 550, 9, 'tele', 1, 7, 1, 0),
(4046, 550, 8, 'tele', 1, 7, 1, 0),
(4047, 550, 7, 'tele', 1, 7, 1, 0),
(4048, 550, 6, 'tele', 7, 6, 1, 0),
(4049, 550, 5, 'tele', 1, 6, 7, 0),
(4050, 550, 4, 'tele', 7, 6, 1, 0),
(4051, 550, 3, 'tele', 1, 6, 7, 0),
(4052, 550, 2, 'tele', 7, 4, 1, 0),
(4053, 637, 9, 'auto', 7, 9, NULL, 1),
(4054, 637, 7, 'tele', 7, 9, 1, 0),
(4055, 637, 6, 'tele', 7, 9, 7, 0),
(4056, 637, 5, 'tele', 7, 9, 7, 0),
(4057, 637, 4, 'tele', 1, 9, 7, 0),
(4058, 637, 3, 'tele', 7, 9, 1, 0),
(4059, 637, 2, 'tele', 1, 9, 7, 0),
(4060, 637, 1, 'tele', 7, 9, 1, 0),
(4061, 724, 12, 'auto', 7, 4, 4, 0),
(4062, 724, 11, 'tele', 7, 2, 4, 0),
(4063, 724, 10, 'tele', 4, 4, 7, 0),
(4064, 724, 9, 'tele', 7, 2, 4, 0),
(4065, 724, 8, 'tele', 4, 7, 7, 0),
(4066, 724, 5, 'tele', 7, 4, 4, 0),
(4067, 724, 4, 'tele', 4, 4, 7, 0),
(4068, 724, 3, 'tele', 7, 4, 4, 0),
(4069, 724, 2, 'tele', 4, 4, 7, 0),
(4070, 463, 16, 'auto', 7, 7, 1, 0),
(4071, 463, 11, 'tele', 7, 2, 1, 0),
(4072, 463, 10, 'tele', 1, 4, 7, 0),
(4073, 463, 9, 'tele', 7, 4, 1, 0),
(4074, 463, 8, 'tele', 1, 4, 7, 0),
(4075, 463, 5, 'tele', 7, 2, 1, 0),
(4076, 463, 4, 'tele', 1, 7, 7, 0),
(4077, 463, 3, 'tele', 7, 7, 1, 0),
(4078, 463, 2, 'tele', 1, 7, 7, 0),
(4079, 898, 14, 'auto', 7, 7, 4, 0),
(4080, 898, 12, 'tele', 7, 9, 4, 0),
(4081, 898, 11, 'tele', 4, 4, 7, 0),
(4082, 898, 10, 'tele', 4, 4, 4, 0),
(4083, 898, 9, 'tele', 7, 6, 4, 0),
(4084, 898, 8, 'tele', 4, 6, 7, 0),
(4085, 898, 7, 'tele', 7, 6, 4, 0),
(4086, 898, 6, 'tele', 4, 6, 7, 0),
(4087, 898, 5, 'tele', 7, 9, 4, 0),
(4088, 898, 4, 'tele', 4, 9, 7, 0),
(4089, 898, 3, 'tele', 7, 9, 4, 0),
(4090, 898, 2, 'tele', 4, 7, 7, 0),
(4091, 551, 8, 'auto', 7, 9, 1, 0),
(4092, 551, 6, 'tele', 7, 3, 1, 0),
(4093, 551, 5, 'tele', 1, 3, 7, 0),
(4094, 551, 4, 'tele', 7, 3, 1, 0),
(4095, 551, 3, 'tele', 1, 2, 7, 0),
(4096, 638, 15, 'tele', 7, 2, 1, 0),
(4097, 638, 13, 'tele', 1, 7, 7, 0),
(4098, 638, 12, 'tele', 1, 7, 1, 0),
(4099, 638, 10, 'tele', 7, 7, 1, 0),
(4100, 638, 9, 'tele', 7, 7, 7, 0),
(4101, 638, 7, 'tele', 1, 9, 7, 0),
(4102, 638, 6, 'tele', 7, 6, 1, 0),
(4103, 638, 5, 'tele', 1, 6, 7, 0),
(4104, 638, 4, 'tele', 7, 6, 1, 0),
(4105, 638, 3, 'tele', 1, 6, 7, 0),
(4106, 638, 1, 'tele', 7, 9, 1, 0),
(4107, 899, 7, 'tele', 7, 3, 4, 0),
(4108, 899, 5, 'tele', 4, 3, 7, 0),
(4109, 899, 3, 'tele', 7, 3, 4, 0),
(4110, 899, 1, 'tele', 4, 3, 7, 0),
(4111, 725, 9, 'auto', 7, 3, 4, 0),
(4112, 725, 7, 'tele', 7, 7, 4, 0),
(4113, 725, 6, 'tele', 4, 6, 7, 0),
(4114, 725, 5, 'tele', 7, 7, 4, 0),
(4115, 725, 4, 'tele', 4, 7, 7, 0),
(4116, 725, 3, 'tele', 7, 7, 4, 0),
(4117, 725, 2, 'tele', 4, 7, 7, 0),
(4118, 464, 11, 'auto', 7, 7, 7, 0),
(4119, 464, 9, 'tele', 7, 7, 1, 0),
(4120, 464, 7, 'tele', 1, 9, 7, 0),
(4121, 464, 5, 'tele', 7, 2, 1, 0),
(4122, 464, 3, 'tele', 1, 7, 7, 0),
(4123, 464, 1, 'tele', 7, 7, 1, 0),
(4124, 812, 16, 'auto', 7, 9, 4, 0),
(4125, 812, 14, 'tele', 4, 9, 7, 0),
(4126, 812, 12, 'tele', 7, 9, 4, 0),
(4127, 812, 10, 'tele', 4, 9, 7, 0),
(4128, 812, 8, 'tele', 7, 2, 4, 0),
(4129, 812, 6, 'tele', 4, 9, 7, 0),
(4130, 812, 4, 'tele', 7, 2, 4, 0),
(4131, 812, 2, 'tele', 4, 9, 7, 0),
(4132, 726, 14, 'auto', 7, 9, 4, 0),
(4133, 726, 12, 'tele', 7, 9, 4, 0),
(4134, 726, 10, 'tele', 4, 9, 7, 0),
(4135, 726, 8, 'tele', 7, 2, 4, 0),
(4136, 726, 5, 'tele', 4, 9, 7, 0),
(4137, 726, 3, 'tele', 7, 2, 4, 0),
(4138, 726, 1, 'tele', 4, 9, 7, 0),
(4139, 639, 4, 'auto', 7, 7, 1, 0),
(4140, 639, 3, 'tele', 7, 7, 1, 0),
(4141, 639, 2, 'tele', 1, 7, 7, 0),
(4142, 639, 1, 'tele', 1, 7, 1, 0),
(4143, 813, 8, 'auto', 7, 3, 4, 0),
(4144, 813, 7, 'tele', 7, 3, 4, 0),
(4145, 813, 6, 'tele', 4, 8, 7, 0),
(4146, 813, 4, 'tele', 7, 3, 4, 0),
(4147, 813, 3, 'tele', 4, 3, 7, 0),
(4148, 900, 11, 'tele', 7, 8, 4, 0),
(4149, 900, 10, 'tele', 7, 8, 7, 0),
(4150, 900, 9, 'tele', 7, 8, 7, 0),
(4151, 900, 8, 'tele', 4, 6, 7, 0),
(4152, 900, 7, 'tele', 7, 6, 4, 0),
(4153, 900, 6, 'tele', 4, 6, 7, 0),
(4154, 900, 5, 'tele', 7, 8, 4, 0),
(4155, 900, 4, 'tele', 7, 8, 7, 0),
(4156, 900, 3, 'tele', 4, 8, 7, 0),
(4157, 900, 1, 'tele', 7, 8, 4, 0),
(4158, 465, 8, 'auto', 7, 9, 1, 0),
(4159, 465, 7, 'tele', 7, 2, 1, 0),
(4160, 465, 6, 'tele', 1, 7, 7, 0),
(4161, 465, 4, 'tele', 7, 2, 1, 0),
(4162, 465, 2, 'tele', 1, 9, 7, 0),
(4163, 552, 15, 'auto', 7, 4, 1, 0),
(4164, 552, 13, 'tele', 7, 4, 1, 0),
(4165, 552, 11, 'tele', 1, 9, 7, 0),
(4166, 552, 10, 'tele', 7, 9, 1, 0),
(4167, 552, 9, 'tele', 1, 9, 7, 0),
(4168, 552, 7, 'tele', 7, 7, 1, 0),
(4169, 552, 6, 'tele', 1, 7, 7, 0),
(4170, 552, 4, 'tele', 7, 4, 1, 0),
(4171, 552, 2, 'tele', 1, 4, 7, 0),
(4172, 901, 6, 'tele', 7, 7, 4, 0),
(4173, 901, 5, 'tele', 4, 6, 7, 0),
(4174, 901, 4, 'tele', 7, 9, 4, 0),
(4175, 901, 3, 'tele', 4, 9, 7, 0),
(4176, 901, 1, 'tele', 7, 9, 4, 0),
(4177, 553, 16, 'auto', 7, 7, 1, 0),
(4178, 553, 12, 'tele', 7, 7, 1, 0),
(4179, 640, 11, 'auto', 7, 4, NULL, 1),
(4180, 553, 10, 'tele', 1, 4, 7, 0),
(4181, 640, 10, 'tele', 7, 5, 1, 0),
(4182, 640, 9, 'tele', 1, 5, 7, 0),
(4183, 553, 8, 'tele', 7, 4, 1, 0),
(4184, 640, 8, 'tele', 7, 4, 1, 0),
(4185, 553, 6, 'tele', 1, 4, 7, 0),
(4186, 640, 7, 'tele', 1, 5, 7, 0),
(4187, 553, 4, 'tele', 7, 7, 1, 0),
(4188, 640, 6, 'tele', 7, 4, 1, 0),
(4189, 553, 2, 'tele', 1, 7, 7, 0),
(4190, 640, 5, 'tele', 1, 4, 7, 0),
(4191, 640, 4, 'tele', 7, 2, 1, 0),
(4192, 640, 3, 'tele', 1, 4, 7, 0),
(4193, 640, 2, 'tele', 7, 2, 1, 0),
(4194, 640, 1, 'tele', 1, 4, 7, 0),
(4195, 466, 14, 'auto', 7, 9, 1, 0),
(4196, 466, 12, 'tele', 1, 4, 7, 0),
(4197, 466, 10, 'tele', 7, 4, 1, 0),
(4198, 466, 8, 'tele', 1, 9, 7, 0),
(4199, 466, 6, 'tele', 7, 9, 1, 0),
(4200, 466, 4, 'tele', 1, 9, 7, 0),
(4201, 466, 2, 'tele', 7, 9, 1, 0),
(4202, 466, 1, 'tele', 1, 9, 7, 0),
(4203, 814, 19, 'auto', 7, 2, 4, 0),
(4204, 814, 17, 'tele', 7, 7, 4, 0),
(4205, 814, 15, 'tele', 4, 7, 7, 0),
(4206, 814, 11, 'tele', 7, 3, 4, 0),
(4207, 814, 9, 'tele', 4, 7, 7, 0),
(4208, 814, 7, 'tele', 7, 3, 4, 0),
(4209, 814, 5, 'tele', 4, 3, 7, 0),
(4210, 814, 3, 'tele', 7, 2, 4, 0),
(4211, 814, 1, 'tele', 4, 3, 7, 0),
(4212, 727, 5, 'auto', 7, 7, 4, 0),
(4213, 727, 3, 'tele', 7, 9, 4, 0),
(4214, 727, 2, 'tele', 4, 7, 7, 0),
(4215, 554, 16, 'auto', 7, 4, 1, 0),
(4216, 554, 14, 'tele', 1, 7, 7, 0),
(4217, 554, 12, 'tele', 7, 7, 1, 0),
(4218, 554, 10, 'tele', 1, 7, 7, 0),
(4219, 554, 8, 'tele', 7, 2, 1, 0),
(4220, 554, 6, 'tele', 1, 7, 7, 0),
(4221, 554, 4, 'tele', 7, 4, 1, 0),
(4222, 554, 2, 'tele', 1, 7, 7, 0),
(4223, 641, 12, 'auto', 7, 7, 1, 0),
(4224, 641, 10, 'tele', 7, 4, 1, 0),
(4225, 641, 8, 'tele', 1, 4, 7, 0),
(4226, 641, 7, 'tele', 7, 2, 1, 0),
(4227, 641, 6, 'tele', 1, 7, 7, 0),
(4228, 641, 4, 'tele', 7, 7, 1, 0),
(4229, 641, 2, 'tele', 1, 7, 7, 0),
(4230, 467, 13, 'auto', 7, 9, 1, 0),
(4231, 467, 11, 'tele', 7, 9, 1, 0),
(4232, 467, 9, 'tele', 1, 9, 7, 0),
(4233, 467, 5, 'tele', 7, 9, 1, 0),
(4234, 467, 3, 'tele', 1, 9, 7, 0),
(4235, 728, 6, 'auto', 7, 7, 4, 0),
(4236, 728, 5, 'tele', 7, 9, 4, 0),
(4237, 728, 4, 'tele', 4, 9, 7, 0),
(4238, 728, 3, 'tele', 7, 6, 4, 0),
(4239, 728, 2, 'tele', 4, 6, 7, 0),
(4240, 815, 15, 'auto', 7, 4, 4, 0),
(4241, 815, 14, 'tele', 4, 7, 7, 0),
(4242, 815, 12, 'tele', 7, 7, 4, 0),
(4243, 815, 10, 'tele', 4, 7, 7, 0),
(4244, 815, 9, 'tele', 7, 6, 4, 0),
(4245, 815, 8, 'tele', 4, 6, 7, 0),
(4246, 815, 7, 'tele', 7, 6, 4, 0),
(4247, 815, 6, 'tele', 4, 6, 7, 0),
(4248, 815, 4, 'tele', 7, 4, 4, 0),
(4249, 815, 2, 'tele', 4, 4, 7, 0),
(4250, 902, 3, 'auto', 7, 9, 4, 0),
(4251, 902, 2, 'tele', 7, 9, 4, 0),
(4252, 902, 1, 'tele', 4, 9, 7, 0),
(4253, 642, 5, 'auto', 7, 4, 1, 0),
(4254, 642, 4, 'tele', 7, 9, 1, 0),
(4255, 642, 2, 'tele', 1, 6, 7, 0),
(4256, 555, 16, 'auto', 7, 7, 1, 0),
(4257, 555, 15, 'tele', 7, 6, 1, 0),
(4258, 555, 14, 'tele', 1, 6, 7, 0),
(4259, 555, 13, 'tele', 7, 4, 1, 0),
(4260, 555, 12, 'tele', 1, 6, 7, 0),
(4261, 555, 4, 'tele', 7, 7, 1, 0),
(4262, 555, 2, 'tele', 1, 7, 7, 0),
(4263, 468, 7, 'tele', 7, 2, 1, 0),
(4264, 468, 6, 'tele', 1, 6, 7, 0),
(4265, 468, 4, 'tele', 7, 2, 1, 0),
(4266, 468, 1, 'tele', 7, 2, 1, 0),
(4267, 816, 10, 'auto', 7, 9, 4, 0),
(4268, 816, 8, 'tele', 4, 6, 7, 0),
(4269, 816, 6, 'tele', 7, 6, 4, 0),
(4270, 816, 5, 'tele', 4, 6, 7, 0),
(4271, 816, 4, 'tele', 7, 4, 4, 0),
(4272, 816, 3, 'tele', 4, 6, 7, 0),
(4273, 816, 2, 'tele', 4, 9, 7, 0),
(4274, 729, 9, 'tele', 7, 7, 4, 0),
(4275, 729, 8, 'tele', 4, 7, 7, 0),
(4276, 729, 7, 'tele', 7, 4, 4, 0),
(4277, 729, 6, 'tele', 4, 7, 7, 0),
(4278, 729, 4, 'tele', 7, 7, 4, 0),
(4279, 729, 3, 'tele', 4, 7, 7, 0),
(4280, 729, 1, 'tele', 7, 7, 4, 0),
(4281, 469, 13, 'tele', 7, 4, 1, 0),
(4282, 469, 11, 'tele', 1, 6, 7, 0),
(4283, 469, 9, 'tele', 7, 7, 1, 0),
(4284, 469, 8, 'tele', 1, 4, 7, 0),
(4285, 469, 7, 'tele', 7, 7, 1, 0),
(4286, 469, 6, 'tele', 1, 4, 7, 0),
(4287, 469, 5, 'tele', 7, 7, 1, 0),
(4288, 469, 4, 'tele', 1, 7, 7, 0),
(4289, 469, 3, 'tele', 7, 4, 1, 0),
(4290, 469, 2, 'tele', 1, 4, 7, 0),
(4291, 469, 1, 'tele', 1, 4, 1, 0),
(4292, 556, 10, 'auto', 7, 9, 1, 0),
(4293, 556, 1, 'tele', 1, 9, 7, 0),
(4294, 817, 13, 'auto', 7, 4, 4, 0),
(4295, 817, 5, 'tele', 7, 7, 4, 0),
(4296, 817, 3, 'tele', 7, 4, 4, 0),
(4297, 817, 2, 'tele', 4, 4, 7, 0),
(4298, 643, 4, 'auto', 7, 6, 7, 0),
(4299, 643, 3, 'tele', 1, 6, 1, 0),
(4300, 643, 2, 'tele', 1, 6, 1, 0),
(4301, 643, 1, 'tele', 7, 9, 1, 0),
(4302, 904, 14, 'auto', 7, 9, 4, 0),
(4303, 904, 13, 'tele', 7, 2, 4, 0),
(4304, 904, 12, 'tele', 4, 9, 7, 0),
(4305, 904, 11, 'tele', 7, 2, 4, 0),
(4306, 904, 10, 'tele', 7, 2, 7, 0),
(4307, 904, 9, 'tele', 7, 2, 7, 0),
(4308, 904, 8, 'tele', 4, 9, 7, 0),
(4309, 904, 7, 'tele', 7, 7, 4, 0),
(4310, 904, 5, 'tele', 4, 9, 7, 0),
(4311, 904, 3, 'tele', 7, 9, 4, 0),
(4312, 904, 1, 'tele', 4, 9, 7, 0),
(4313, 471, 19, 'tele', 7, 9, 1, 0),
(4314, 471, 17, 'tele', 1, 9, 7, 0),
(4315, 471, 15, 'tele', 7, 9, 1, 0),
(4316, 471, 13, 'tele', 1, 9, 7, 0),
(4317, 471, 11, 'tele', 7, 9, 1, 0),
(4318, 471, 9, 'tele', 1, 9, 7, 0),
(4319, 471, 7, 'tele', 7, 1, 1, 0),
(4320, 471, 5, 'tele', 1, 9, 7, 0),
(4321, 471, 2, 'tele', 7, 1, 1, 0),
(4322, 471, 1, 'tele', 1, 9, 7, 0),
(4323, 645, 12, 'auto', 7, 7, 1, 0),
(4324, 645, 4, 'tele', 7, 4, 1, 0),
(4325, 645, 2, 'tele', 1, 6, 7, 0),
(4326, 819, 15, 'tele', 4, 5, 7, 0),
(4327, 819, 11, 'tele', 7, 4, 4, 0),
(4328, 819, 10, 'tele', 4, 4, 7, 0),
(4329, 819, 8, 'tele', 7, 4, 4, 0),
(4330, 819, 6, 'tele', 4, 4, 7, 0),
(4331, 819, 4, 'tele', 7, 7, 4, 0),
(4332, 819, 3, 'tele', 4, 7, 7, 0),
(4333, 819, 1, 'tele', 7, 7, 4, 0),
(4334, 558, 7, 'auto', 7, 4, 1, 0),
(4335, 558, 6, 'tele', 7, 7, 1, 0),
(4336, 558, 5, 'tele', 1, 6, 7, 0),
(4337, 558, 4, 'tele', 7, 6, 1, 0),
(4338, 558, 3, 'tele', 1, 6, 7, 0),
(4339, 558, 2, 'tele', 7, 4, 1, 0),
(4340, 558, 1, 'tele', 1, 4, 7, 0),
(4341, 906, 13, 'tele', 7, 9, 4, 0),
(4342, 906, 11, 'tele', 4, 9, 7, 0),
(4343, 906, 9, 'tele', 7, 9, 4, 0),
(4344, 906, 7, 'tele', 4, 9, 7, 0),
(4345, 906, 5, 'tele', 7, 9, 4, 0),
(4346, 906, 3, 'tele', 4, 9, 7, 0),
(4347, 906, 2, 'tele', 7, 2, 4, 0),
(4348, 906, 1, 'tele', 4, 9, 7, 0),
(4349, 907, 6, 'auto', 7, 9, 4, 0),
(4350, 907, 3, 'tele', 7, 9, 4, 0),
(4351, 907, 2, 'tele', 4, 5, 7, 0),
(4352, 733, 13, 'auto', 7, 4, 4, 0),
(4353, 733, 11, 'tele', 7, 9, 4, 0),
(4354, 733, 9, 'tele', 4, 9, 7, 0),
(4355, 733, 7, 'tele', 7, 4, 4, 0),
(4356, 733, 5, 'tele', 4, 8, 7, 0),
(4357, 733, 4, 'tele', 7, 4, 4, 0),
(4358, 733, 3, 'tele', 4, 4, 7, 0),
(4359, 733, 2, 'tele', 7, 8, 4, 0),
(4360, 733, 1, 'tele', 4, 8, 7, 0),
(4361, 646, 9, 'auto', 7, 1, 1, 0),
(4362, 646, 8, 'tele', 7, 7, 1, 0),
(4363, 646, 7, 'tele', 1, 7, 7, 0),
(4364, 646, 5, 'tele', 7, 7, 1, 0),
(4365, 646, 3, 'tele', 1, 7, 7, 0),
(4366, 646, 2, 'tele', 7, 1, 1, 0),
(4367, 646, 1, 'tele', 1, 7, 7, 0),
(4368, 559, 15, 'auto', 7, 4, 1, 0),
(4369, 559, 9, 'tele', 7, 4, 1, 0),
(4370, 559, 8, 'tele', 1, 4, 7, 0),
(4371, 559, 6, 'tele', 7, 4, 1, 0),
(4372, 559, 4, 'tele', 1, 4, 7, 0),
(4373, 559, 3, 'tele', 7, 4, 1, 0),
(4374, 559, 2, 'tele', 1, 4, 7, 0),
(4375, 820, 12, 'auto', 7, 8, 4, 0),
(4376, 820, 8, 'tele', 7, 1, 4, 0),
(4377, 820, 6, 'tele', 4, 8, 7, 0),
(4378, 820, 4, 'tele', 7, 1, 4, 0),
(4379, 820, 2, 'tele', 4, 4, 7, 0),
(4380, 472, 7, 'tele', 7, 6, 1, 0),
(4381, 472, 6, 'tele', 1, 6, 7, 0),
(4382, 472, 5, 'tele', 7, 6, 1, 0),
(4383, 472, 4, 'tele', 1, 6, 7, 0),
(4384, 472, 3, 'tele', 7, 9, 1, 0),
(4385, 472, 2, 'tele', 1, 6, 7, 0),
(4386, 472, 1, 'tele', 7, 9, 1, 0),
(4387, 647, 12, 'tele', 7, 6, 1, 0),
(4388, 647, 11, 'tele', 1, 6, 7, 0),
(4389, 647, 10, 'tele', 7, 6, 1, 0),
(4390, 647, 9, 'tele', 1, 6, 7, 0),
(4391, 647, 6, 'tele', 7, 1, 1, 0),
(4392, 647, 5, 'tele', 1, 6, 7, 0),
(4393, 647, 4, 'tele', 7, 6, 1, 0),
(4394, 647, 3, 'tele', 1, 6, 7, 0),
(4395, 647, 1, 'tele', 7, 1, 1, 0),
(4396, 908, 14, 'auto', 7, 9, 4, 0),
(4397, 908, 13, 'tele', 7, 6, 4, 0),
(4398, 908, 12, 'tele', 4, 6, 7, 0),
(4399, 908, 11, 'tele', 7, 4, 4, 0),
(4400, 908, 10, 'tele', 4, 7, 7, 0),
(4401, 908, 9, 'tele', 7, 4, 4, 0),
(4402, 908, 8, 'tele', 4, 7, 7, 0),
(4403, 908, 6, 'tele', 7, 2, 4, 0),
(4404, 908, 5, 'tele', 4, 7, 7, 0),
(4405, 908, 4, 'tele', 7, 2, 4, 0),
(4406, 908, 3, 'tele', 4, 4, 7, 0),
(4407, 908, 2, 'tele', 7, 9, 4, 0),
(4408, 908, 1, 'tele', 4, 9, 7, 0),
(4409, 560, 14, 'auto', 7, 7, 1, 0),
(4410, 560, 13, 'tele', 7, 7, 1, 0),
(4411, 560, 12, 'tele', 1, 7, 7, 0),
(4412, 560, 9, 'tele', 7, 7, 1, 0),
(4413, 560, 8, 'tele', 1, 7, 7, 0),
(4414, 560, 4, 'tele', 7, 7, 1, 0),
(4415, 560, 2, 'tele', 1, 7, 7, 0),
(4416, 734, 4, 'tele', 4, 6, 7, 0),
(4417, 734, 3, 'tele', 7, 7, 4, 0),
(4418, 734, 2, 'tele', 4, 7, 7, 0),
(4419, 734, 1, 'tele', 7, 7, 4, 0),
(4420, 473, 9, 'auto', 7, 7, 1, 0),
(4421, 473, 8, 'tele', 7, 7, 1, 0),
(4422, 473, 7, 'tele', 1, 7, 7, 0),
(4423, 473, 6, 'tele', 7, 9, 1, 0),
(4424, 473, 5, 'tele', 1, 7, 7, 0),
(4425, 473, 4, 'tele', 7, 9, 1, 0),
(4426, 473, 2, 'tele', 1, 9, 7, 0),
(4427, 561, 15, 'tele', 7, 7, 1, 0),
(4428, 561, 13, 'tele', 1, 6, 7, 0),
(4429, 561, 10, 'tele', 7, 6, 1, 0),
(4430, 561, 9, 'tele', 1, 6, 7, 0),
(4431, 561, 8, 'tele', 7, 6, 1, 0),
(4432, 561, 7, 'tele', 1, 6, 7, 0),
(4433, 561, 6, 'tele', 1, 7, 1, 0),
(4434, 561, 5, 'tele', 7, 7, 1, 0),
(4435, 561, 4, 'tele', 1, 7, 7, 0);
INSERT INTO `matchbreaches` (`id`, `teamMatchID`, `orderID`, `mode`, `startZone`, `defenseID`, `endZone`, `fail`) VALUES
(4436, 561, 2, 'tele', 7, 7, 1, 0),
(4437, 561, 1, 'tele', 7, 7, 7, 0),
(4438, 648, 13, 'auto', 7, 4, 1, 0),
(4439, 648, 12, 'tele', 7, 6, 1, 0),
(4440, 648, 11, 'tele', 1, 6, 7, 0),
(4441, 648, 10, 'tele', 7, 2, 1, 0),
(4442, 648, 9, 'tele', 1, 4, 7, 0),
(4443, 648, 8, 'tele', 7, 2, 1, 0),
(4444, 648, 7, 'tele', 1, 4, 7, 0),
(4445, 648, 6, 'tele', 7, 2, 1, 0),
(4446, 648, 5, 'tele', 1, 4, 7, 0),
(4447, 648, 4, 'tele', 7, 6, 1, 0),
(4448, 648, 3, 'tele', 1, 6, 7, 0),
(4449, 648, 2, 'tele', 7, 4, 1, 0),
(4450, 648, 1, 'tele', 1, 6, 7, 0),
(4451, 474, 12, 'auto', 7, 9, 1, 0),
(4452, 474, 10, 'tele', 7, 9, 1, 0),
(4453, 474, 9, 'tele', 1, 4, 7, 0),
(4454, 474, 7, 'tele', 7, 9, 1, 0),
(4455, 474, 5, 'tele', 1, 9, 7, 0),
(4456, 474, 3, 'tele', 7, 4, 1, 0),
(4457, 474, 2, 'tele', 1, 9, 7, 0),
(4458, 474, 1, 'tele', 1, 9, 1, 0),
(4459, 735, 9, 'auto', 7, 9, NULL, 1),
(4460, 735, 7, 'tele', 4, 9, 7, 0),
(4461, 735, 6, 'tele', 7, 9, 4, 0),
(4462, 735, 4, 'tele', 4, 9, 7, 0),
(4463, 735, 3, 'tele', 7, 9, 4, 0),
(4464, 735, 2, 'tele', 4, 9, 7, 0),
(4465, 735, 1, 'tele', 7, 9, 4, 0),
(4466, 909, 14, 'auto', 7, 4, 7, 0),
(4467, 909, 11, 'tele', 7, 7, 4, 0),
(4468, 909, 10, 'tele', 4, 6, 7, 0),
(4469, 909, 8, 'tele', 7, 6, 4, 0),
(4470, 909, 7, 'tele', 4, 6, 7, 0),
(4471, 909, 6, 'tele', 7, 7, 4, 0),
(4472, 909, 5, 'tele', 4, 6, 7, 0),
(4473, 909, 4, 'tele', 7, 6, 4, 0),
(4474, 909, 3, 'tele', 4, 6, 7, 0),
(4475, 909, 1, 'tele', 7, 4, 4, 0),
(4476, 822, 15, 'auto', 7, 2, 4, 0),
(4477, 822, 11, 'tele', 7, 4, 4, 0),
(4478, 822, 9, 'tele', 4, 2, 7, 0),
(4479, 822, 7, 'tele', 7, 2, 4, 0),
(4480, 822, 5, 'tele', 4, 4, 7, 0),
(4481, 822, 3, 'tele', 7, 4, 4, 0),
(4482, 822, 1, 'tele', 4, 2, 7, 0),
(4483, 736, 1, 'tele', 7, 6, 7, 0),
(4484, 475, 7, 'tele', 7, 4, 1, 0),
(4485, 475, 5, 'tele', 1, 4, 7, 0),
(4486, 475, 3, 'tele', 7, 4, 1, 0),
(4487, 475, 1, 'tele', 1, 6, 7, 0),
(4488, 823, 11, 'auto', 7, 7, 4, 0),
(4489, 823, 10, 'tele', 7, 2, 4, 0),
(4490, 823, 9, 'tele', 4, 6, 7, 0),
(4491, 823, 8, 'tele', 7, 7, 4, 0),
(4492, 823, 6, 'tele', 4, 7, 7, 0),
(4493, 823, 4, 'tele', 7, 3, 4, 0),
(4494, 823, 2, 'tele', 4, 3, 7, 0),
(4495, 649, 7, 'tele', 7, 9, 1, 0),
(4496, 649, 5, 'tele', 1, 9, 7, 0),
(4497, 649, 1, 'tele', 7, 9, 1, 0),
(4498, 910, 5, 'auto', 7, 3, 4, 0),
(4499, 910, 4, 'tele', 7, 3, NULL, 1),
(4500, 910, 3, 'tele', 4, 3, 7, 0),
(4501, 910, 2, 'tele', 7, 6, 4, 0),
(4502, 910, 1, 'tele', 4, 6, 7, 0),
(4503, 562, 7, 'auto', 7, 4, 1, 0),
(4504, 562, 6, 'tele', 7, 9, 1, 0),
(4505, 562, 5, 'tele', 1, 9, 7, 0),
(4506, 562, 4, 'tele', 7, 9, 1, 0),
(4507, 562, 3, 'tele', 1, 9, 7, 0),
(4508, 562, 2, 'tele', 7, 2, NULL, 1),
(4509, 562, 1, 'tele', 1, 4, 7, 0),
(4510, 563, 13, 'auto', 7, 9, 1, 0),
(4511, 563, 11, 'tele', 7, 9, 1, 0),
(4512, 563, 9, 'tele', 1, 9, 7, 0),
(4513, 563, 7, 'tele', 7, 9, 1, 0),
(4514, 563, 5, 'tele', 1, 9, 7, 0),
(4515, 563, 3, 'tele', 7, 9, 1, 0),
(4516, 563, 1, 'tele', 1, 9, 7, 0),
(4517, 824, 9, 'tele', 7, 9, 4, 0),
(4518, 824, 8, 'tele', 4, 9, 7, 0),
(4519, 824, 7, 'tele', 7, 2, 4, 0),
(4520, 824, 6, 'tele', 7, 2, 7, 0),
(4521, 824, 5, 'tele', 4, 6, 7, 0),
(4522, 824, 4, 'tele', 7, 6, 4, 0),
(4523, 824, 3, 'tele', 4, 6, 7, 0),
(4524, 824, 2, 'tele', 4, 6, 4, 0),
(4525, 824, 1, 'tele', 7, 2, 4, 0),
(4526, 476, 9, 'auto', 1, 6, 7, 0),
(4527, 476, 8, 'auto', 7, 6, 1, 0),
(4528, 476, 7, 'auto', 1, 6, 7, 0),
(4529, 476, 6, 'tele', 1, 6, 7, 0),
(4530, 476, 5, 'tele', 7, 6, 1, 0),
(4531, 476, 4, 'tele', 1, 6, 7, 0),
(4532, 476, 3, 'tele', 1, 7, 7, 0),
(4533, 476, 2, 'tele', 1, 7, 7, 0),
(4534, 476, 1, 'tele', 7, 7, 1, 0),
(4535, 650, 12, 'auto', 7, 3, 1, 0),
(4536, 650, 10, 'tele', 7, 6, 1, 0),
(4537, 650, 8, 'tele', 1, 6, 7, 0),
(4538, 650, 4, 'tele', 7, 3, 1, 0),
(4539, 650, 2, 'tele', 1, 3, 7, 0),
(4540, 911, 5, 'tele', 7, 7, 4, 0),
(4541, 911, 4, 'tele', 4, 7, 7, 0),
(4542, 911, 1, 'tele', 7, 7, 4, 0),
(4543, 737, 3, 'auto', 7, 9, 4, 0),
(4544, 737, 2, 'tele', 7, 9, 4, 0),
(4545, 737, 1, 'tele', 4, 9, 7, 0),
(4546, 912, 13, 'tele', 7, 9, 4, 0),
(4547, 912, 11, 'tele', 4, 9, 7, 0),
(4548, 912, 9, 'tele', 7, 9, 4, 0),
(4549, 912, 6, 'tele', 4, 9, 7, 0),
(4550, 912, 4, 'tele', 7, 9, 4, 0),
(4551, 912, 3, 'tele', 4, 9, 7, 0),
(4552, 738, 16, 'auto', 7, 7, 4, 0),
(4553, 738, 14, 'tele', 4, 7, 7, 0),
(4554, 738, 12, 'tele', 7, 7, 4, 0),
(4555, 738, 10, 'tele', 4, 7, 7, 0),
(4556, 738, 8, 'tele', 7, 4, 4, 0),
(4557, 738, 6, 'tele', 4, 7, 7, 0),
(4558, 738, 4, 'tele', 7, 7, 4, 0),
(4559, 738, 2, 'tele', 4, 7, 7, 0),
(4560, 477, 11, 'auto', 4, 4, 7, 0),
(4561, 477, 10, 'tele', 7, 3, 1, 0),
(4562, 477, 9, 'tele', 1, 9, 7, 0),
(4563, 477, 7, 'tele', 7, 9, 1, 0),
(4564, 477, 5, 'tele', 1, 9, 7, 0),
(4565, 477, 3, 'tele', 7, 9, 1, 0),
(4566, 477, 2, 'tele', 1, 9, 7, 0),
(4567, 564, 4, 'tele', 1, 3, 1, 0),
(4568, 564, 3, 'tele', 7, 2, 1, 0),
(4569, 564, 2, 'tele', 1, 2, 7, 0),
(4570, 564, 1, 'tele', 7, 2, 1, 0),
(4571, 651, 3, 'auto', 7, 3, 1, 0),
(4572, 651, 2, 'tele', 7, 9, 1, 0),
(4573, 651, 1, 'tele', 1, 3, 7, 0),
(4574, 825, 11, 'auto', 7, 7, 4, 0),
(4575, 825, 10, 'tele', 7, 6, 4, 0),
(4576, 825, 9, 'tele', 4, 6, 7, 0),
(4577, 825, 8, 'tele', 7, 1, 4, 0),
(4578, 825, 7, 'tele', 4, 6, 7, 0),
(4579, 825, 6, 'tele', 7, 1, 4, 0),
(4580, 825, 5, 'tele', 4, 1, 7, 0),
(4581, 825, 4, 'tele', 7, 1, 4, 0),
(4582, 825, 3, 'tele', 4, 6, 7, 0),
(4583, 825, 2, 'tele', 7, 6, 4, 0),
(4584, 825, 1, 'tele', 4, 6, 7, 0),
(4585, 652, 4, 'tele', 7, 9, 1, 0),
(4586, 652, 3, 'tele', 1, 9, 7, 0),
(4587, 652, 1, 'tele', 7, 9, 1, 0),
(4588, 478, 11, 'auto', 7, 7, 1, 0),
(4589, 478, 8, 'tele', 7, 2, 1, 0),
(4590, 478, 7, 'tele', 7, 4, 7, 0),
(4591, 478, 6, 'tele', 1, 4, 7, 0),
(4592, 478, 5, 'tele', 7, 7, 1, 0),
(4593, 478, 4, 'tele', 1, 6, 7, 0),
(4594, 478, 3, 'tele', 7, 6, 1, 0),
(4595, 478, 2, 'tele', 1, 6, 7, 0),
(4596, 565, 9, 'auto', 7, 9, 1, 0),
(4597, 565, 4, 'tele', 7, 2, 1, 0),
(4598, 565, 2, 'tele', 1, 9, 7, 0),
(4599, 913, 3, 'tele', 7, 8, NULL, 1),
(4600, 913, 2, 'tele', 7, 3, 4, 0),
(4601, 913, 1, 'tele', 7, 3, 4, 0),
(4602, 826, 13, 'auto', 7, 9, 4, 0),
(4603, 826, 11, 'tele', 7, 9, 4, 0),
(4604, 826, 9, 'tele', 4, 9, 7, 0),
(4605, 826, 8, 'tele', 4, 9, 4, 0),
(4606, 826, 6, 'tele', 7, 9, 4, 0),
(4607, 826, 4, 'tele', 4, 9, 7, 0),
(4608, 740, 2, 'tele', 7, 6, 4, 0),
(4609, 740, 1, 'tele', 7, 1, 7, 0),
(4610, 914, 9, 'tele', 7, 9, 4, 0),
(4611, 914, 7, 'tele', 4, 9, 7, 0),
(4612, 914, 6, 'tele', 7, 6, 4, 0),
(4613, 914, 5, 'tele', 4, 6, 7, 0),
(4614, 914, 3, 'tele', 7, 9, 4, 0),
(4615, 914, 2, 'tele', 4, 9, 7, 0),
(4616, 914, 1, 'tele', 7, 9, 4, 0),
(4617, 653, 9, 'auto', 7, 9, 1, 0),
(4618, 653, 8, 'auto', 1, 7, 7, 0),
(4619, 653, 7, 'auto', 7, 7, 1, 0),
(4620, 653, 6, 'auto', 1, 7, 7, 0),
(4621, 653, 5, 'auto', 1, 7, 1, 0),
(4622, 653, 4, 'auto', 1, 7, 1, 0),
(4623, 653, 3, 'auto', 1, 7, 1, 0),
(4624, 653, 2, 'auto', 1, 7, 1, 0),
(4625, 653, 1, 'auto', 7, 7, 1, 0),
(4626, 827, 14, 'auto', 7, 9, 4, 0),
(4627, 827, 13, 'tele', 4, 7, 7, 0),
(4628, 827, 11, 'tele', 7, 7, 4, 0),
(4629, 827, 10, 'tele', 4, 4, 7, 0),
(4630, 827, 8, 'tele', 7, 4, 4, 0),
(4631, 827, 7, 'tele', 4, 7, 7, 0),
(4632, 827, 5, 'tele', 7, 4, 4, 0),
(4633, 827, 4, 'tele', 4, 4, 7, 0),
(4634, 566, 10, 'auto', 7, 9, 1, 0),
(4635, 566, 9, 'tele', 1, 4, 7, 0),
(4636, 566, 8, 'tele', 7, 4, 1, 0),
(4637, 566, 7, 'tele', 1, 7, 7, 0),
(4638, 566, 6, 'tele', 7, 7, 1, 0),
(4639, 566, 5, 'tele', 1, 4, 7, 0),
(4640, 566, 3, 'tele', 7, 9, 1, 0),
(4641, 566, 1, 'tele', 1, 9, 7, 0),
(4642, 479, 6, 'auto', 7, 4, 1, 0),
(4643, 479, 5, 'tele', 7, 6, 1, 0),
(4644, 479, 4, 'tele', 1, 6, 7, 0),
(4645, 479, 3, 'tele', 7, 6, 1, 0),
(4646, 479, 2, 'tele', 1, 2, 7, 0);

-- --------------------------------------------------------

--
-- Table structure for table `matchclimbs`
--

CREATE TABLE IF NOT EXISTS `matchclimbs` (
  `id` int(11) NOT NULL AUTO_INCREMENT,
  `teamMatchID` int(11) NOT NULL,
  `mode` enum('tele','auto') NOT NULL,
  `batterReached` tinyint(1) NOT NULL,
  `duration` int(11) NOT NULL,
  `offensiveRating` int(11) NOT NULL,
  `defensiveRating` int(11) NOT NULL,
  `success` tinyint(1) NOT NULL,
  PRIMARY KEY (`id`),
  KEY `teamMatchID` (`teamMatchID`)
) ENGINE=InnoDB  DEFAULT CHARSET=latin1 AUTO_INCREMENT=799 ;

--
-- Dumping data for table `matchclimbs`
--

INSERT INTO `matchclimbs` (`id`, `teamMatchID`, `mode`, `batterReached`, `duration`, `offensiveRating`, `defensiveRating`, `success`) VALUES
(1, 2, 'tele', 0, 0, 1, 1, 0),
(2, 1, 'tele', 0, 0, 4, 3, 0),
(3, 6, 'tele', 1, 0, 4, 1, 0),
(4, 3, 'tele', 1, 39, 5, 1, 1),
(5, 4, 'tele', 0, 0, 6, 1, 0),
(6, 5, 'tele', 1, 0, 6, 5, 0),
(7, 11, 'tele', 0, 0, 5, 1, 0),
(8, 12, 'tele', 1, 0, 4, 1, 0),
(9, 9, 'tele', 1, 0, 4, 5, 0),
(10, 7, 'tele', 1, 0, 9, 1, 0),
(11, 10, 'tele', 1, 33, 6, 6, 1),
(12, 8, 'tele', 1, 0, 7, 1, 0),
(13, 15, 'tele', 0, 0, 1, 1, 0),
(14, 18, 'tele', 1, 0, 5, 4, 0),
(15, 17, 'tele', 0, 19, 5, 3, 1),
(16, 16, 'tele', 1, 0, 7, 1, 0),
(17, 14, 'tele', 1, 0, 3, 5, 0),
(18, 13, 'tele', 0, 0, 1, 1, 0),
(19, 20, 'tele', 1, 0, 7, 1, 0),
(20, 21, 'tele', 0, 0, 6, 3, 0),
(21, 19, 'tele', 0, 0, 1, 1, 0),
(22, 22, 'tele', 1, 0, 2, 1, 0),
(23, 23, 'tele', 1, 9, 7, 5, 1),
(24, 24, 'tele', 1, 0, 5, 1, 0),
(25, 30, 'tele', 0, 0, 3, 1, 0),
(26, 29, 'tele', 1, 0, 3, 3, 0),
(27, 27, 'tele', 1, 0, 5, 1, 0),
(28, 26, 'tele', 1, 0, 1, 1, 1),
(29, 28, 'tele', 0, 0, 5, 1, 0),
(30, 25, 'tele', 1, 1, 9, 7, 0),
(31, 33, 'tele', 1, 0, 5, 1, 0),
(32, 36, 'tele', 0, 0, 2, 1, 0),
(33, 34, 'tele', 1, 0, 4, 1, 0),
(34, 35, 'tele', 0, 0, 6, 4, 0),
(35, 32, 'tele', 0, 0, 1, 1, 0),
(36, 31, 'tele', 0, 0, 2, 1, 0),
(37, 42, 'tele', 0, 0, 8, 5, 0),
(38, 40, 'tele', 1, 0, 2, 3, 0),
(39, 37, 'tele', 1, 0, 7, 1, 0),
(40, 41, 'tele', 0, 0, 10, 10, 0),
(41, 38, 'tele', 1, 0, 8, 1, 0),
(42, 44, 'tele', 1, 0, 5, 5, 0),
(43, 47, 'tele', 0, 0, 1, 1, 0),
(44, 43, 'tele', 1, 0, 7, 3, 0),
(45, 48, 'tele', 0, 0, 1, 1, 0),
(46, 45, 'tele', 1, 0, 8, 3, 0),
(47, 51, 'tele', 1, 0, 1, 1, 0),
(48, 53, 'tele', 1, 5, 8, 1, 1),
(49, 49, 'tele', 1, 0, 3, 1, 0),
(50, 52, 'tele', 1, 0, 6, 1, 0),
(51, 54, 'tele', 1, 0, 4, 5, 0),
(52, 50, 'tele', 0, 0, 1, 1, 0),
(53, 56, 'tele', 1, 0, 6, 1, 0),
(54, 59, 'tele', 0, 0, 5, 1, 0),
(55, 60, 'tele', 0, 0, 7, 5, 0),
(56, 57, 'tele', 0, 0, 1, 1, 0),
(57, 58, 'tele', 0, 0, 1, 1, 0),
(58, 55, 'tele', 0, 0, 5, 1, 0),
(59, 62, 'tele', 1, 0, 4, 1, 0),
(60, 64, 'tele', 1, 0, 7, 1, 0),
(61, 63, 'tele', 0, 0, 10, 10, 0),
(62, 61, 'tele', 0, 0, 1, 1, 0),
(63, 65, 'tele', 1, 0, 5, 1, 0),
(64, 66, 'tele', 0, 0, 2, 3, 0),
(65, 72, 'tele', 0, 0, 3, 1, 0),
(66, 71, 'tele', 1, 3, 4, 6, 0),
(67, 69, 'tele', 1, 0, 2, 1, 0),
(68, 68, 'tele', 0, 0, 7, 3, 0),
(69, 67, 'tele', 0, 0, 1, 1, 0),
(70, 70, 'tele', 1, 0, 9, 1, 0),
(71, 73, 'tele', 1, 0, 3, 3, 0),
(72, 76, 'tele', 1, 0, 4, 4, 0),
(73, 75, 'tele', 1, 0, 6, 1, 0),
(74, 78, 'tele', 0, 0, 5, 3, 0),
(75, 77, 'tele', 0, 0, 3, 1, 0),
(76, 74, 'tele', 1, 0, 8, 1, 0),
(77, 82, 'tele', 1, 0, 6, 1, 0),
(78, 83, 'tele', 1, 0, 3, 1, 0),
(79, 79, 'tele', 0, 0, 1, 1, 0),
(80, 84, 'tele', 1, 0, 5, 6, 0),
(81, 80, 'tele', 1, 0, 10, 1, 0),
(82, 81, 'tele', 0, 0, 3, 3, 0),
(83, 90, 'tele', 0, 0, 6, 3, 0),
(84, 90, 'tele', 0, 0, 6, 3, 0),
(85, 89, 'tele', 1, 0, 8, 4, 0),
(86, 88, 'tele', 1, 0, 7, 5, 0),
(87, 85, 'tele', 1, 0, 3, 1, 0),
(88, 87, 'tele', 1, 0, 3, 1, 0),
(89, 86, 'tele', 0, 0, 3, 1, 0),
(90, 93, 'tele', 1, 0, 1, 1, 0),
(91, 95, 'tele', 0, 0, 1, 1, 0),
(92, 96, 'tele', 0, 0, 1, 1, 0),
(93, 91, 'tele', 1, 12, 10, 1, 0),
(94, 92, 'tele', 1, 0, 7, 5, 0),
(95, 94, 'tele', 1, 0, 2, 3, 0),
(96, 101, 'tele', 1, 0, 1, 1, 0),
(97, 97, 'tele', 0, 0, 1, 1, 0),
(98, 98, 'tele', 0, 0, 5, 1, 0),
(99, 102, 'tele', 1, 2, 5, 5, 0),
(100, 99, 'tele', 0, 0, 3, 1, 0),
(101, 100, 'tele', 1, 0, 6, 5, 0),
(102, 108, 'tele', 0, 0, 1, 3, 0),
(103, 104, 'tele', 1, 0, 5, 1, 0),
(104, 106, 'tele', 0, 0, 1, 1, 0),
(105, 107, 'tele', 0, 0, 4, 1, 0),
(106, 103, 'tele', 1, 4, 8, 9, 1),
(107, 105, 'tele', 1, 0, 6, 5, 0),
(108, 110, 'tele', 0, 0, 1, 1, 0),
(109, 114, 'tele', 0, 0, 1, 1, 0),
(110, 109, 'tele', 1, 0, 7, 5, 0),
(111, 113, 'tele', 1, 0, 8, 5, 0),
(112, 111, 'tele', 1, 0, 4, 1, 0),
(113, 112, 'tele', 0, 0, 2, 1, 0),
(114, 116, 'tele', 1, 0, 6, 1, 0),
(115, 115, 'tele', 1, 0, 5, 3, 0),
(116, 118, 'tele', 0, 0, 9, 5, 0),
(117, 119, 'tele', 0, 0, 2, 5, 0),
(118, 120, 'tele', 0, 0, 3, 3, 0),
(119, 117, 'tele', 1, 0, 3, 1, 0),
(120, 121, 'tele', 1, 0, 7, 1, 0),
(121, 122, 'tele', 1, 0, 4, 1, 0),
(122, 125, 'tele', 0, 0, 10, 5, 0),
(123, 123, 'tele', 1, 0, 6, 1, 0),
(124, 126, 'tele', 1, 0, 4, 3, 0),
(125, 124, 'tele', 0, 0, 8, 5, 0),
(126, 127, 'tele', 0, 0, 1, 1, 0),
(127, 132, 'tele', 1, 0, 8, 1, 0),
(128, 131, 'tele', 1, 0, 1, 4, 0),
(129, 130, 'tele', 0, 0, 3, 1, 0),
(130, 128, 'tele', 1, 0, 7, 5, 0),
(131, 129, 'tele', 1, 0, 8, 7, 0),
(132, 137, 'tele', 0, 0, 4, 1, 0),
(133, 133, 'tele', 1, 0, 4, 1, 0),
(134, 134, 'tele', 0, 0, 1, 1, 0),
(135, 138, 'tele', 1, 0, 4, 7, 0),
(136, 140, 'tele', 1, 0, 2, 1, 0),
(137, 142, 'tele', 1, 0, 6, 1, 0),
(138, 139, 'tele', 0, 0, 6, 5, 0),
(139, 143, 'tele', 1, 0, 8, 5, 0),
(140, 144, 'tele', 1, 0, 5, 6, 0),
(141, 145, 'tele', 0, 0, 1, 1, 0),
(142, 146, 'tele', 1, 0, 5, 1, 0),
(143, 149, 'tele', 1, 0, 4, 5, 0),
(144, 150, 'tele', 0, 0, 1, 2, 0),
(145, 148, 'tele', 1, 0, 6, 4, 0),
(146, 147, 'tele', 1, 0, 6, 7, 0),
(147, 155, 'tele', 0, 0, 1, 1, 0),
(148, 153, 'tele', 1, 0, 2, 1, 0),
(149, 152, 'tele', 1, 12, 5, 5, 0),
(150, 156, 'tele', 1, 0, 8, 7, 0),
(151, 151, 'tele', 0, 0, 1, 7, 0),
(152, 154, 'tele', 0, 0, 4, 4, 0),
(153, 158, 'tele', 1, 0, 2, 1, 0),
(154, 160, 'tele', 0, 0, 2, 1, 0),
(155, 162, 'tele', 1, 6, 7, 5, 0),
(156, 157, 'tele', 1, 0, 8, 1, 0),
(157, 159, 'tele', 1, 0, 8, 8, 0),
(158, 161, 'tele', 1, 0, 3, 4, 0),
(159, 168, 'tele', 1, 0, 6, 1, 0),
(160, 166, 'tele', 1, 0, 6, 1, 0),
(161, 163, 'tele', 1, 0, 6, 7, 0),
(162, 164, 'tele', 1, 0, 4, 5, 0),
(163, 167, 'tele', 0, 4, 8, 5, 1),
(164, 173, 'tele', 1, 0, 6, 3, 0),
(165, 174, 'tele', 1, 0, 5, 5, 0),
(166, 170, 'tele', 0, 0, 5, 1, 0),
(167, 171, 'tele', 1, 0, 3, 1, 0),
(168, 172, 'tele', 0, 0, 7, 5, 1),
(169, 180, 'tele', 1, 0, 7, 1, 0),
(170, 178, 'tele', 1, 0, 7, 1, 0),
(171, 179, 'tele', 0, 0, 1, 1, 0),
(172, 175, 'tele', 0, 0, 4, 5, 0),
(173, 176, 'tele', 1, 0, 3, 1, 0),
(174, 177, 'tele', 1, 0, 3, 5, 0),
(175, 185, 'tele', 1, 0, 6, 1, 0),
(176, 181, 'tele', 1, 0, 7, 3, 0),
(177, 186, 'tele', 0, 0, 1, 7, 0),
(178, 183, 'tele', 1, 13, 8, 1, 1),
(179, 182, 'tele', 1, 0, 8, 5, 0),
(180, 184, 'tele', 1, 0, 6, 5, 0),
(181, 189, 'tele', 0, 0, 1, 1, 0),
(182, 187, 'tele', 0, 0, 6, 1, 0),
(183, 192, 'tele', 0, 0, 1, 1, 0),
(184, 191, 'tele', 0, 0, 1, 4, 0),
(185, 190, 'tele', 0, 0, 8, 2, 0),
(186, 188, 'tele', 1, 0, 6, 1, 0),
(187, 193, 'tele', 1, 0, 5, 1, 0),
(188, 194, 'tele', 1, 0, 7, 5, 0),
(189, 196, 'tele', 1, 0, 7, 1, 0),
(190, 195, 'tele', 0, 0, 3, 1, 0),
(191, 197, 'tele', 1, 0, 5, 1, 0),
(192, 198, 'tele', 0, 0, 3, 5, 0),
(193, 204, 'tele', 1, 0, 9, 1, 0),
(194, 200, 'tele', 1, 10, 8, 1, 1),
(195, 203, 'tele', 0, 0, 5, 5, 0),
(196, 201, 'tele', 1, 0, 5, 1, 0),
(197, 199, 'tele', 1, 0, 8, 1, 0),
(198, 202, 'tele', 1, 0, 6, 5, 0),
(199, 206, 'tele', 1, 0, 5, 5, 0),
(200, 208, 'tele', 0, 0, 1, 1, 0),
(201, 207, 'tele', 0, 0, 1, 1, 0),
(202, 210, 'tele', 1, 0, 4, 5, 0),
(203, 209, 'tele', 1, 0, 9, 1, 0),
(204, 205, 'tele', 1, 0, 4, 1, 0),
(205, 216, 'tele', 1, 4, 7, 1, 0),
(206, 214, 'tele', 0, 0, 3, 1, 0),
(207, 211, 'tele', 1, 0, 6, 5, 0),
(208, 212, 'tele', 0, 0, 3, 8, 0),
(209, 213, 'tele', 0, 0, 7, 1, 0),
(210, 215, 'tele', 1, 0, 6, 1, 0),
(211, 219, 'tele', 1, 0, 6, 1, 0),
(212, 221, 'tele', 0, 0, 1, 1, 0),
(213, 220, 'tele', 1, 0, 8, 1, 0),
(214, 222, 'tele', 1, 0, 7, 1, 0),
(215, 218, 'tele', 1, 0, 7, 1, 0),
(216, 217, 'tele', 1, 0, 5, 5, 0),
(217, 226, 'tele', 1, 0, 7, 1, 0),
(218, 224, 'tele', 1, 16, 4, 1, 0),
(219, 228, 'tele', 0, 0, 7, 1, 0),
(220, 227, 'tele', 0, 0, 1, 1, 0),
(221, 225, 'tele', 1, 0, 5, 5, 0),
(222, 233, 'tele', 0, 0, 1, 1, 0),
(223, 234, 'tele', 1, 0, 3, 1, 0),
(224, 229, 'tele', 1, 0, 3, 1, 0),
(225, 231, 'tele', 1, 0, 4, 1, 0),
(226, 232, 'tele', 1, 0, 6, 1, 0),
(227, 230, 'tele', 0, 0, 1, 1, 0),
(228, 238, 'tele', 1, 0, 4, 1, 0),
(229, 235, 'tele', 1, 0, 5, 2, 0),
(230, 236, 'tele', 1, 0, 5, 5, 0),
(231, 240, 'tele', 1, 0, 5, 1, 0),
(232, 237, 'tele', 1, 0, 2, 1, 0),
(233, 239, 'tele', 1, 0, 5, 1, 0),
(234, 241, 'tele', 0, 0, 1, 1, 0),
(235, 243, 'tele', 1, 0, 6, 5, 0),
(236, 242, 'tele', 1, 0, 3, 1, 0),
(237, 245, 'tele', 1, 6, 4, 1, 1),
(238, 246, 'tele', 1, 0, 8, 1, 0),
(239, 244, 'tele', 1, 8, 10, 1, 1),
(240, 249, 'tele', 1, 0, 6, 1, 0),
(241, 251, 'tele', 1, 10, 8, 1, 1),
(242, 252, 'tele', 1, 0, 8, 1, 0),
(243, 247, 'tele', 1, 0, 4, 1, 0),
(244, 248, 'tele', 1, 14, 3, 1, 0),
(245, 250, 'tele', 1, 0, 6, 5, 0),
(246, 255, 'tele', 0, 0, 1, 1, 0),
(247, 256, 'tele', 1, 0, 5, 1, 0),
(248, 254, 'tele', 0, 0, 2, 1, 0),
(249, 257, 'tele', 0, 0, 2, 1, 0),
(250, 253, 'tele', 1, 0, 5, 1, 0),
(251, 258, 'tele', 0, 0, 3, 5, 0),
(252, 262, 'tele', 0, 0, 1, 1, 0),
(253, 259, 'tele', 0, 0, 7, 1, 0),
(254, 260, 'tele', 0, 0, 1, 1, 0),
(255, 263, 'tele', 1, 0, 4, 5, 0),
(256, 261, 'tele', 0, 0, 1, 1, 0),
(257, 264, 'tele', 1, 0, 4, 1, 0),
(258, 267, 'tele', 0, 0, 1, 1, 0),
(259, 266, 'tele', 1, 0, 7, 1, 0),
(260, 270, 'tele', 1, 0, 6, 5, 0),
(261, 265, 'tele', 1, 0, 4, 1, 0),
(262, 269, 'tele', 0, 0, 2, 5, 0),
(263, 268, 'tele', 1, 0, 6, 1, 0),
(264, 273, 'tele', 1, 0, 1, 1, 0),
(265, 272, 'tele', 0, 0, 5, 1, 0),
(266, 276, 'tele', 1, 0, 7, 5, 0),
(267, 275, 'tele', 0, 0, 1, 1, 0),
(268, 274, 'tele', 1, 0, 3, 1, 0),
(269, 280, 'tele', 1, 0, 5, 5, 0),
(270, 278, 'tele', 1, 15, 6, 1, 0),
(271, 281, 'tele', 0, 0, 1, 1, 0),
(272, 277, 'tele', 1, 0, 6, 2, 0),
(273, 279, 'tele', 1, 0, 1, 8, 0),
(274, 284, 'tele', 1, 0, 7, 1, 0),
(275, 287, 'tele', 1, 0, 4, 5, 0),
(276, 283, 'tele', 1, 0, 6, 3, 0),
(277, 285, 'tele', 1, 0, 6, 3, 0),
(278, 286, 'tele', 1, 0, 5, 5, 0),
(279, 288, 'tele', 0, 0, 1, 1, 0),
(280, 293, 'tele', 0, 0, 6, 3, 0),
(281, 294, 'tele', 0, 0, 8, 1, 0),
(282, 292, 'tele', 0, 0, 3, 1, 0),
(283, 289, 'tele', 1, 0, 4, 1, 0),
(284, 291, 'tele', 1, 0, 6, 1, 0),
(285, 290, 'tele', 1, 0, 7, 5, 0),
(286, 300, 'tele', 0, 0, 8, 1, 0),
(287, 298, 'tele', 0, 0, 1, 1, 0),
(288, 296, 'tele', 0, 0, 3, 1, 0),
(289, 297, 'tele', 0, 0, 6, 1, 0),
(290, 295, 'tele', 0, 34, 9, 1, 0),
(291, 299, 'tele', 0, 0, 5, 5, 0),
(292, 302, 'tele', 0, 0, 3, 3, 0),
(293, 306, 'tele', 0, 0, 1, 1, 0),
(294, 301, 'tele', 1, 0, 6, 1, 0),
(295, 303, 'tele', 1, 0, 6, 5, 0),
(296, 304, 'tele', 1, 0, 4, 1, 0),
(297, 305, 'tele', 0, 0, 1, 7, 0),
(298, 312, 'tele', 1, 0, 4, 5, 0),
(299, 310, 'tele', 1, 0, 7, 1, 0),
(300, 309, 'tele', 1, 0, 2, 5, 0),
(301, 311, 'tele', 1, 0, 6, 1, 0),
(302, 308, 'tele', 0, 10, 9, 3, 0),
(303, 307, 'tele', 0, 0, 3, 1, 0),
(304, 313, 'tele', 0, 0, 1, 1, 0),
(305, 315, 'tele', 1, 0, 2, 1, 0),
(306, 316, 'tele', 0, 8, 4, 5, 0),
(307, 317, 'tele', 1, 26, 3, 1, 0),
(308, 314, 'tele', 1, 0, 7, 5, 0),
(309, 318, 'tele', 1, 0, 1, 1, 0),
(310, 319, 'tele', 1, 0, 5, 7, 0),
(311, 322, 'tele', 0, 0, 5, 3, 0),
(312, 324, 'tele', 1, 0, 7, 5, 0),
(313, 321, 'tele', 1, 0, 5, 1, 0),
(314, 320, 'tele', 1, 0, 5, 1, 0),
(315, 323, 'tele', 1, 0, 5, 1, 0),
(316, 329, 'tele', 0, 0, 1, 1, 0),
(317, 326, 'tele', 0, 0, 1, 1, 0),
(318, 330, 'tele', 1, 0, 2, 1, 0),
(319, 325, 'tele', 1, 0, 8, 4, 0),
(320, 328, 'tele', 1, 0, 1, 1, 0),
(321, 327, 'tele', 0, 0, 1, 1, 0),
(322, 334, 'tele', 0, 0, 8, 1, 0),
(323, 333, 'tele', 1, 0, 8, 5, 0),
(324, 336, 'tele', 1, 0, 7, 1, 0),
(325, 331, 'tele', 0, 7, 6, 5, 0),
(326, 332, 'tele', 0, 0, 1, 1, 0),
(327, 335, 'tele', 1, 0, 1, 1, 0),
(328, 340, 'tele', 0, 0, 4, 3, 0),
(329, 338, 'tele', 0, 0, 3, 1, 0),
(330, 342, 'tele', 1, 0, 5, 5, 0),
(331, 341, 'tele', 1, 0, 6, 1, 0),
(332, 339, 'tele', 0, 0, 6, 4, 0),
(333, 337, 'tele', 0, 0, 5, 5, 0),
(334, 344, 'tele', 0, 0, 7, 3, 0),
(335, 345, 'tele', 0, 0, 1, 1, 0),
(336, 348, 'tele', 1, 0, 4, 5, 0),
(337, 343, 'tele', 1, 0, 5, 1, 0),
(338, 347, 'tele', 1, 0, 6, 1, 0),
(339, 346, 'tele', 1, 0, 5, 2, 0),
(340, 353, 'tele', 1, 0, 5, 5, 0),
(341, 351, 'tele', 0, 0, 2, 1, 0),
(342, 350, 'tele', 1, 0, 5, 1, 0),
(343, 352, 'tele', 1, 0, 6, 1, 0),
(344, 354, 'tele', 1, 3, 8, 4, 0),
(345, 349, 'tele', 0, 0, 3, 1, 0),
(346, 356, 'tele', 0, 0, 1, 3, 0),
(347, 357, 'tele', 0, 0, 1, 1, 0),
(348, 360, 'tele', 1, 0, 7, 1, 0),
(349, 359, 'tele', 0, 0, 1, 1, 0),
(350, 358, 'tele', 0, 0, 1, 1, 0),
(351, 490, 'tele', 1, 0, 8, 1, 0),
(352, 664, 'tele', 1, 0, 6, 1, 0),
(353, 577, 'tele', 1, 0, 5, 1, 0),
(362, 403, 'tele', 1, 0, 2, 3, 0),
(363, 751, 'tele', 0, 0, 1, 1, 0),
(364, 665, 'tele', 0, 0, 1, 1, 0),
(365, 404, 'tele', 0, 0, 3, 1, 0),
(366, 491, 'tele', 1, 0, 5, 1, 0),
(367, 491, 'tele', 1, 0, 5, 1, 0),
(368, 839, 'tele', 1, 0, 8, 1, 0),
(369, 578, 'tele', 1, 0, 6, 1, 0),
(370, 752, 'tele', 1, 0, 4, 1, 0),
(371, 753, 'tele', 0, 0, 1, 1, 0),
(372, 840, 'tele', 1, 0, 3, 1, 0),
(373, 579, 'tele', 1, 0, 5, 1, 0),
(374, 666, 'tele', 0, 0, 3, 1, 0),
(375, 405, 'tele', 1, 0, 4, 1, 0),
(376, 492, 'tele', 1, 0, 7, 1, 0),
(377, 493, 'tele', 0, 0, 7, 1, 0),
(378, 667, 'tele', 0, 0, 1, 1, 0),
(379, 754, 'tele', 1, 0, 4, 1, 0),
(380, 841, 'tele', 1, 2, 4, 1, 0),
(381, 580, 'tele', 0, 0, 5, 1, 0),
(382, 406, 'tele', 0, 0, 1, 1, 0),
(383, 407, 'tele', 1, 0, 5, 1, 0),
(384, 668, 'tele', 0, 0, 7, 1, 0),
(385, 581, 'tele', 1, 0, 6, 1, 0),
(386, 755, 'tele', 1, 0, 5, 1, 0),
(387, 842, 'tele', 0, 0, 1, 1, 0),
(388, 495, 'tele', 0, 0, 1, 1, 0),
(389, 408, 'tele', 0, 0, 1, 1, 0),
(390, 756, 'tele', 1, 0, 3, 1, 0),
(391, 669, 'tele', 1, 0, 4, 6, 0),
(392, 582, 'tele', 0, 0, 1, 10, 0),
(393, 843, 'tele', 1, 0, 6, 1, 0),
(394, 583, 'tele', 0, 0, 1, 1, 0),
(395, 757, 'tele', 0, 0, 7, 1, 0),
(396, 496, 'tele', 1, 0, 8, 1, 0),
(397, 409, 'tele', 1, 0, 6, 1, 0),
(398, 844, 'tele', 1, 7, 10, 1, 1),
(399, 670, 'tele', 1, 6, 10, 1, 1),
(400, 845, 'tele', 0, 0, 1, 1, 0),
(401, 410, 'tele', 1, 0, 6, 1, 0),
(402, 671, 'tele', 1, 0, 1, 1, 0),
(403, 497, 'tele', 1, 0, 6, 1, 0),
(404, 584, 'tele', 1, 0, 8, 1, 0),
(405, 758, 'tele', 1, 0, 6, 1, 0),
(406, 498, 'tele', 1, 0, 5, 1, 0),
(407, 759, 'tele', 0, 0, 3, 1, 0),
(408, 846, 'tele', 0, 0, 1, 1, 0),
(409, 411, 'tele', 1, 0, 7, 1, 0),
(410, 585, 'tele', 1, 0, 6, 1, 0),
(411, 412, 'tele', 1, 0, 8, 1, 0),
(412, 760, 'tele', 1, 0, 3, 1, 0),
(413, 673, 'tele', 1, 0, 8, 1, 0),
(414, 586, 'tele', 1, 0, 8, 1, 0),
(415, 847, 'tele', 0, 0, 2, 5, 0),
(416, 499, 'tele', 0, 0, 5, 1, 0),
(417, 413, 'tele', 1, 0, 4, 2, 0),
(418, 587, 'tele', 0, 0, 3, 2, 0),
(419, 674, 'tele', 0, 0, 1, 5, 0),
(420, 500, 'tele', 0, 0, 7, 1, 0),
(421, 848, 'tele', 0, 0, 1, 1, 0),
(422, 761, 'tele', 1, 0, 3, 1, 0),
(423, 414, 'tele', 0, 0, 1, 1, 0),
(424, 501, 'tele', 1, 0, 3, 2, 0),
(425, 849, 'tele', 1, 0, 5, 1, 0),
(426, 675, 'tele', 1, 0, 1, 1, 0),
(427, 762, 'tele', 0, 0, 1, 1, 0),
(428, 588, 'tele', 0, 19, 4, 1, 1),
(429, 502, 'tele', 0, 0, 5, 1, 0),
(430, 415, 'tele', 1, 0, 6, 1, 0),
(431, 850, 'tele', 0, 0, 8, 1, 0),
(432, 589, 'tele', 1, 0, 6, 1, 0),
(433, 676, 'tele', 0, 0, 5, 1, 0),
(434, 763, 'tele', 0, 0, 4, 2, 0),
(435, 851, 'tele', 0, 0, 1, 1, 0),
(436, 590, 'tele', 1, 0, 4, 1, 0),
(437, 677, 'tele', 0, 0, 2, 1, 0),
(438, 416, 'tele', 0, 0, 1, 1, 0),
(439, 851, 'tele', 0, 0, 5, 1, 0),
(440, 503, 'tele', 0, 0, 1, 1, 0),
(441, 764, 'tele', 0, 0, 1, 1, 0),
(442, 504, 'tele', 0, 0, 2, 1, 0),
(443, 591, 'tele', 0, 0, 4, 3, 0),
(444, 417, 'tele', 0, 0, 5, 1, 0),
(445, 852, 'tele', 0, 0, 1, 1, 0),
(446, 678, 'tele', 1, 0, 4, 3, 0),
(447, 765, 'tele', 1, 0, 2, 1, 0),
(448, 679, 'tele', 1, 0, 3, 1, 0),
(449, 592, 'tele', 0, 0, 1, 1, 0),
(450, 418, 'tele', 0, 0, 5, 2, 0),
(451, 853, 'tele', 0, 0, 1, 1, 0),
(452, 505, 'tele', 1, 0, 5, 1, 0),
(453, 766, 'tele', 0, 0, 1, 1, 0),
(454, 419, 'tele', 0, 0, 1, 1, 0),
(455, 593, 'tele', 0, 0, 1, 3, 0),
(456, 854, 'tele', 1, 0, 5, 1, 0),
(457, 506, 'tele', 0, 0, 1, 1, 0),
(458, 767, 'tele', 1, 0, 3, 3, 0),
(459, 680, 'tele', 0, 0, 1, 1, 0),
(460, 507, 'tele', 1, 0, 9, 1, 0),
(461, 855, 'tele', 1, 0, 2, 1, 0),
(462, 594, 'tele', 0, 0, 5, 2, 0),
(463, 768, 'tele', 1, 0, 3, 1, 0),
(464, 681, 'tele', 1, 0, 3, 1, 0),
(465, 420, 'tele', 0, 0, 1, 1, 0),
(466, 421, 'tele', 1, 0, 5, 1, 0),
(467, 682, 'tele', 1, 0, 5, 1, 0),
(468, 856, 'tele', 0, 0, 5, 4, 0),
(469, 595, 'tele', 0, 0, 5, 2, 0),
(470, 769, 'tele', 0, 0, 1, 1, 0),
(471, 508, 'tele', 1, 0, 10, 1, 0),
(472, 596, 'tele', 0, 0, 4, 1, 0),
(473, 509, 'tele', 1, 0, 4, 1, 0),
(474, 857, 'tele', 1, 0, 3, 1, 0),
(475, 422, 'tele', 1, 0, 6, 1, 0),
(476, 683, 'tele', 1, 0, 7, 1, 0),
(477, 770, 'tele', 1, 0, 7, 1, 0),
(478, 423, 'tele', 0, 0, 1, 1, 0),
(479, 771, 'tele', 0, 0, 6, 2, 0),
(480, 510, 'tele', 1, 0, 5, 1, 0),
(481, 597, 'tele', 0, 0, 1, 1, 0),
(482, 858, 'tele', 1, 0, 2, 1, 0),
(483, 511, 'tele', 1, 0, 3, 1, 0),
(484, 424, 'tele', 0, 0, 1, 1, 0),
(485, 685, 'tele', 0, 0, 1, 1, 0),
(486, 598, 'tele', 1, 0, 3, 1, 0),
(487, 772, 'tele', 1, 0, 6, 1, 0),
(488, 599, 'tele', 1, 0, 1, 5, 0),
(489, 512, 'tele', 0, 0, 1, 1, 0),
(490, 425, 'tele', 0, 0, 5, 1, 0),
(491, 860, 'tele', 1, 0, 3, 1, 0),
(492, 773, 'tele', 0, 0, 3, 1, 0),
(493, 426, 'tele', 0, 0, 3, 1, 0),
(494, 687, 'tele', 0, 0, 4, 2, 0),
(495, 600, 'tele', 1, 0, 3, 1, 0),
(496, 774, 'tele', 0, 21, 8, 1, 0),
(497, 513, 'tele', 0, 0, 1, 1, 0),
(498, 861, 'tele', 1, 0, 4, 1, 0),
(499, 514, 'tele', 0, 0, 2, 5, 0),
(500, 427, 'tele', 0, 0, 1, 1, 0),
(501, 688, 'tele', 0, 0, 1, 1, 0),
(502, 862, 'tele', 0, 0, 4, 1, 0),
(503, 775, 'tele', 1, 0, 2, 1, 0),
(504, 601, 'tele', 0, 0, 1, 1, 0),
(505, 776, 'tele', 0, 0, 6, 1, 0),
(506, 428, 'tele', 0, 0, 1, 1, 0),
(507, 689, 'tele', 0, 0, 3, 1, 0),
(508, 863, 'tele', 0, 0, 4, 1, 0),
(509, 515, 'tele', 0, 0, 1, 1, 0),
(510, 602, 'tele', 0, 0, 1, 1, 0),
(511, 429, 'tele', 0, 0, 1, 1, 0),
(512, 603, 'tele', 0, 0, 3, 1, 0),
(513, 690, 'tele', 0, 0, 3, 1, 0),
(514, 516, 'tele', 0, 0, 1, 1, 0),
(515, 777, 'tele', 1, 0, 4, 1, 0),
(516, 778, 'tele', 0, 0, 6, 1, 0),
(517, 865, 'tele', 1, 0, 5, 1, 0),
(518, 430, 'tele', 1, 0, 6, 1, 0),
(519, 517, 'tele', 1, 0, 5, 1, 0),
(520, 691, 'tele', 1, 0, 4, 2, 0),
(521, 604, 'tele', 0, 0, 1, 1, 0),
(522, 692, 'tele', 1, 0, 3, 1, 0),
(523, 518, 'tele', 1, 0, 3, 4, 0),
(524, 605, 'tele', 0, 0, 3, 2, 0),
(525, 779, 'tele', 1, 0, 7, 1, 0),
(526, 866, 'tele', 1, 0, 7, 1, 0),
(527, 431, 'tele', 1, 0, 5, 3, 0),
(528, 606, 'tele', 0, 0, 1, 1, 0),
(529, 519, 'tele', 0, 0, 1, 1, 0),
(530, 519, 'tele', 0, 0, 1, 1, 0),
(531, 867, 'tele', 1, 0, 7, 1, 0),
(532, 693, 'tele', 1, 0, 2, 6, 0),
(533, 432, 'tele', 1, 0, 2, 1, 0),
(534, 780, 'tele', 1, 0, 5, 1, 0),
(535, 781, 'tele', 0, 0, 1, 1, 0),
(536, 433, 'tele', 1, 0, 2, 1, 0),
(537, 868, 'tele', 1, 0, 4, 1, 0),
(538, 607, 'tele', 0, 0, 1, 1, 0),
(539, 520, 'tele', 0, 0, 1, 1, 0),
(540, 694, 'tele', 1, 0, 4, 1, 0),
(541, 434, 'tele', 1, 0, 4, 1, 0),
(542, 521, 'tele', 0, 0, 7, 1, 0),
(543, 782, 'tele', 1, 0, 5, 1, 0),
(544, 869, 'tele', 1, 0, 5, 1, 0),
(545, 608, 'tele', 1, 4, 6, 1, 1),
(546, 695, 'tele', 1, 0, 4, 1, 0),
(547, 609, 'tele', 1, 0, 2, 1, 0),
(548, 783, 'tele', 0, 0, 1, 1, 0),
(549, 870, 'tele', 0, 0, 3, 1, 0),
(550, 522, 'tele', 1, 0, 4, 1, 0),
(551, 435, 'tele', 1, 0, 5, 1, 0),
(552, 696, 'tele', 1, 0, 5, 1, 0),
(553, 871, 'tele', 1, 0, 1, 1, 0),
(554, 610, 'tele', 0, 0, 1, 1, 0),
(555, 523, 'tele', 0, 0, 1, 1, 0),
(556, 523, 'tele', 0, 0, 1, 1, 0),
(557, 436, 'tele', 1, 0, 1, 1, 0),
(558, 697, 'tele', 1, 0, 5, 1, 0),
(559, 784, 'tele', 0, 0, 4, 1, 0),
(560, 785, 'tele', 0, 0, 3, 1, 0),
(561, 437, 'tele', 0, 0, 1, 1, 0),
(562, 524, 'tele', 0, 0, 1, 1, 0),
(563, 611, 'tele', 0, 0, 1, 1, 0),
(564, 872, 'tele', 0, 0, 7, 1, 0),
(565, 873, 'tele', 0, 0, 1, 1, 0),
(566, 438, 'tele', 0, 0, 1, 2, 0),
(567, 525, 'tele', 1, 0, 6, 4, 0),
(568, 612, 'tele', 0, 0, 8, 1, 0),
(569, 699, 'tele', 0, 0, 1, 1, 0),
(570, 786, 'tele', 0, 0, 6, 1, 0),
(571, 787, 'tele', 0, 0, 3, 1, 0),
(572, 439, 'tele', 0, 0, 1, 1, 0),
(573, 613, 'tele', 1, 0, 3, 3, 0),
(574, 700, 'tele', 1, 0, 2, 1, 0),
(575, 526, 'tele', 1, 0, 6, 1, 0),
(576, 874, 'tele', 0, 0, 6, 1, 0),
(577, 701, 'tele', 1, 0, 8, 1, 0),
(578, 440, 'tele', 0, 0, 1, 1, 0),
(579, 875, 'tele', 1, 1, 8, 1, 0),
(580, 527, 'tele', 0, 0, 6, 1, 0),
(581, 788, 'tele', 1, 0, 5, 4, 0),
(582, 528, 'tele', 0, 0, 1, 1, 0),
(583, 789, 'tele', 1, 0, 6, 1, 0),
(584, 441, 'tele', 0, 0, 3, 1, 0),
(585, 876, 'tele', 0, 0, 6, 1, 0),
(586, 615, 'tele', 1, 0, 1, 1, 0),
(587, 702, 'tele', 0, 0, 6, 1, 0),
(588, 616, 'tele', 0, 0, 1, 1, 0),
(589, 790, 'tele', 0, 0, 2, 1, 0),
(590, 442, 'tele', 1, 0, 4, 1, 0),
(591, 529, 'tele', 1, 0, 3, 1, 0),
(592, 703, 'tele', 0, 0, 4, 6, 0),
(593, 877, 'tele', 1, 0, 6, 3, 0),
(594, 443, 'tele', 0, 0, 1, 1, 0),
(595, 878, 'tele', 1, 0, 4, 1, 0),
(596, 617, 'tele', 0, 0, 1, 1, 0),
(597, 530, 'tele', 0, 5, 1, 1, 0),
(598, 704, 'tele', 0, 0, 6, 1, 0),
(599, 618, 'tele', 1, 0, 7, 1, 0),
(600, 792, 'tele', 1, 0, 4, 2, 0),
(601, 444, 'tele', 0, 0, 3, 1, 0),
(602, 531, 'tele', 0, 0, 5, 1, 0),
(603, 705, 'tele', 0, 0, 1, 1, 0),
(604, 532, 'tele', 1, 0, 4, 1, 0),
(605, 793, 'tele', 1, 0, 4, 1, 0),
(606, 619, 'tele', 1, 0, 6, 1, 0),
(607, 706, 'tele', 1, 0, 6, 4, 0),
(608, 445, 'tele', 0, 57, 6, 1, 0),
(609, 880, 'tele', 1, 0, 6, 1, 0),
(610, 620, 'tele', 1, 8, 6, 1, 0),
(611, 794, 'tele', 0, 0, 7, 1, 0),
(612, 446, 'tele', 1, 0, 4, 1, 0),
(613, 533, 'tele', 1, 0, 3, 1, 0),
(614, 881, 'tele', 0, 0, 5, 1, 0),
(615, 707, 'tele', 1, 7, 5, 3, 0),
(616, 621, 'tele', 1, 0, 3, 1, 0),
(617, 534, 'tele', 1, 0, 3, 1, 0),
(618, 795, 'tele', 0, 0, 5, 1, 0),
(619, 708, 'tele', 0, 0, 1, 1, 0),
(620, 882, 'tele', 1, 0, 3, 1, 0),
(621, 447, 'tele', 0, 0, 1, 1, 0),
(622, 796, 'tele', 0, 0, 1, 1, 0),
(623, 535, 'tele', 0, 0, 4, 1, 0),
(624, 883, 'tele', 0, 0, 2, 1, 0),
(625, 709, 'tele', 1, 0, 8, 1, 0),
(626, 448, 'tele', 1, 4, 8, 8, 1),
(627, 622, 'tele', 1, 0, 5, 1, 0),
(628, 449, 'tele', 0, 0, 1, 1, 0),
(629, 536, 'tele', 1, 0, 5, 1, 0),
(630, 623, 'tele', 0, 0, 1, 1, 0),
(631, 710, 'tele', 0, 0, 1, 1, 0),
(632, 797, 'tele', 1, 0, 6, 1, 0),
(633, 884, 'tele', 0, 6, 7, 1, 0),
(634, 450, 'tele', 0, 0, 1, 1, 0),
(635, 624, 'tele', 0, 34, 2, 7, 1),
(636, 537, 'tele', 1, 6, 6, 1, 0),
(637, 711, 'tele', 0, 0, 2, 1, 0),
(638, 798, 'tele', 1, 0, 5, 1, 0),
(639, 885, 'tele', 0, 0, 3, 2, 0),
(640, 451, 'tele', 1, 0, 7, 1, 0),
(641, 886, 'tele', 0, 0, 2, 1, 0),
(642, 625, 'tele', 0, 0, 2, 1, 0),
(643, 538, 'tele', 1, 0, 4, 1, 0),
(644, 799, 'tele', 0, 0, 6, 1, 0),
(645, 712, 'tele', 1, 0, 4, 3, 0),
(646, 800, 'tele', 1, 0, 5, 1, 0),
(647, 452, 'tele', 1, 0, 5, 1, 0),
(648, 626, 'tele', 1, 0, 4, 1, 0),
(649, 539, 'tele', 1, 0, 3, 1, 0),
(650, 713, 'tele', 0, 0, 5, 1, 0),
(651, 887, 'tele', 1, 0, 7, 1, 0),
(652, 801, 'tele', 0, 0, 1, 1, 0),
(653, 453, 'tele', 0, 0, 3, 1, 0),
(654, 888, 'tele', 0, 0, 5, 1, 0),
(655, 627, 'tele', 1, 0, 2, 1, 0),
(656, 714, 'tele', 1, 0, 8, 4, 0),
(657, 541, 'tele', 1, 0, 6, 1, 0),
(658, 889, 'tele', 1, 0, 5, 1, 0),
(659, 454, 'tele', 1, 0, 7, 1, 0),
(660, 715, 'tele', 0, 0, 3, 1, 0),
(661, 802, 'tele', 0, 0, 1, 1, 0),
(662, 628, 'tele', 0, 0, 1, 1, 0),
(663, 716, 'tele', 1, 0, 4, 1, 0),
(664, 455, 'tele', 1, 0, 5, 1, 0),
(665, 629, 'tele', 1, 1, 6, 1, 0),
(666, 542, 'tele', 0, 0, 6, 1, 0),
(667, 803, 'tele', 1, 0, 2, 4, 0),
(668, 890, 'tele', 1, 0, 3, 1, 0),
(669, 804, 'tele', 1, 0, 2, 1, 0),
(670, 543, 'tele', 0, 0, 2, 1, 0),
(671, 717, 'tele', 0, 0, 5, 1, 0),
(672, 630, 'tele', 1, 0, 3, 5, 0),
(673, 456, 'tele', 1, 0, 8, 1, 0),
(674, 891, 'tele', 0, 0, 1, 1, 0),
(675, 631, 'tele', 1, 0, 1, 1, 0),
(676, 805, 'tele', 1, 0, 4, 1, 0),
(677, 892, 'tele', 0, 0, 2, 3, 0),
(678, 457, 'tele', 0, 0, 1, 1, 0),
(679, 544, 'tele', 0, 0, 6, 1, 0),
(680, 718, 'tele', 1, 0, 5, 1, 0),
(681, 893, 'tele', 1, 0, 6, 1, 0),
(682, 719, 'tele', 1, 0, 4, 5, 0),
(683, 545, 'tele', 0, 0, 6, 1, 0),
(684, 632, 'tele', 0, 0, 1, 1, 0),
(685, 806, 'tele', 0, 0, 1, 1, 0),
(686, 808, 'tele', 1, 0, 1, 1, 0),
(687, 460, 'tele', 1, 0, 7, 1, 0),
(688, 721, 'tele', 1, 9, 4, 1, 0),
(689, 634, 'tele', 1, 0, 3, 1, 0),
(690, 547, 'tele', 1, 0, 8, 1, 0),
(691, 895, 'tele', 0, 0, 1, 1, 0),
(692, 461, 'tele', 0, 0, 1, 1, 0),
(693, 809, 'tele', 0, 21, 7, 1, 1),
(694, 896, 'tele', 1, 0, 5, 1, 0),
(695, 548, 'tele', 1, 0, 4, 1, 0),
(696, 635, 'tele', 0, 0, 2, 1, 0),
(697, 722, 'tele', 1, 0, 1, 1, 0),
(698, 897, 'tele', 1, 0, 6, 1, 0),
(699, 723, 'tele', 0, 0, 1, 1, 0),
(700, 462, 'tele', 0, 0, 6, 1, 0),
(701, 549, 'tele', 0, 0, 1, 1, 0),
(702, 636, 'tele', 1, 0, 5, 1, 0),
(703, 810, 'tele', 0, 0, 1, 1, 0),
(704, 550, 'tele', 1, 0, 5, 3, 0),
(705, 637, 'tele', 1, 0, 3, 1, 0),
(706, 724, 'tele', 1, 0, 4, 1, 0),
(707, 463, 'tele', 1, 0, 6, 1, 0),
(708, 811, 'tele', 0, 0, 1, 1, 0),
(709, 898, 'tele', 0, 0, 1, 1, 0),
(710, 551, 'tele', 1, 0, 6, 4, 0),
(711, 638, 'tele', 0, 0, 1, 1, 0),
(712, 899, 'tele', 1, 0, 6, 1, 0),
(713, 725, 'tele', 1, 0, 6, 1, 0),
(714, 464, 'tele', 1, 0, 5, 2, 0),
(715, 812, 'tele', 0, 0, 1, 1, 0),
(716, 726, 'tele', 1, 6, 8, 7, 0),
(717, 639, 'tele', 0, 0, 4, 1, 0),
(718, 813, 'tele', 1, 0, 5, 6, 0),
(719, 900, 'tele', 1, 0, 6, 3, 0),
(720, 465, 'tele', 1, 0, 6, 5, 0),
(721, 552, 'tele', 1, 0, 4, 1, 0),
(722, 901, 'tele', 1, 0, 4, 1, 0),
(723, 553, 'tele', 0, 0, 6, 1, 0),
(724, 640, 'tele', 1, 0, 3, 5, 0),
(725, 466, 'tele', 0, 0, 1, 1, 0),
(726, 814, 'tele', 1, 0, 9, 1, 0),
(727, 727, 'tele', 1, 0, 4, 1, 0),
(728, 554, 'tele', 0, 0, 1, 1, 0),
(729, 641, 'tele', 1, 0, 7, 1, 0),
(730, 467, 'tele', 1, 0, 6, 1, 0),
(731, 728, 'tele', 1, 0, 3, 5, 0),
(732, 815, 'tele', 0, 0, 1, 1, 0),
(733, 902, 'tele', 1, 2, 2, 6, 0),
(734, 642, 'tele', 1, 0, 3, 1, 0),
(735, 555, 'tele', 0, 0, 1, 1, 0),
(736, 903, 'tele', 1, 0, 1, 1, 0),
(737, 468, 'tele', 1, 5, 4, 1, 0),
(738, 816, 'tele', 1, 0, 4, 1, 0),
(739, 729, 'tele', 1, 3, 3, 6, 0),
(740, 469, 'tele', 0, 0, 6, 5, 0),
(741, 556, 'tele', 1, 0, 4, 1, 0),
(742, 817, 'tele', 1, 0, 7, 3, 0),
(743, 643, 'tele', 0, 0, 2, 1, 0),
(744, 904, 'tele', 0, 0, 1, 1, 0),
(745, 730, 'tele', 0, 0, 1, 8, 0),
(746, 471, 'tele', 0, 0, 1, 1, 0),
(747, 645, 'tele', 1, 6, 8, 7, 1),
(748, 819, 'tele', 0, 0, 1, 1, 0),
(749, 558, 'tele', 1, 0, 2, 1, 0),
(750, 732, 'tele', 0, 0, 1, 1, 0),
(751, 906, 'tele', 1, 0, 10, 1, 0),
(752, 907, 'tele', 1, 0, 4, 4, 0),
(753, 733, 'tele', 1, 0, 8, 1, 0),
(754, 646, 'tele', 1, 0, 4, 5, 0),
(755, 559, 'tele', 1, 0, 8, 1, 0),
(756, 820, 'tele', 1, 0, 7, 1, 0),
(757, 472, 'tele', 1, 0, 2, 1, 0),
(758, 647, 'tele', 1, 0, 4, 1, 0),
(759, 908, 'tele', 0, 0, 1, 1, 0),
(760, 560, 'tele', 1, 0, 6, 1, 0),
(761, 734, 'tele', 0, 0, 1, 1, 0),
(762, 473, 'tele', 1, 0, 3, 6, 0),
(763, 561, 'tele', 0, 0, 1, 1, 0),
(764, 648, 'tele', 0, 0, 1, 1, 0),
(765, 474, 'tele', 1, 0, 5, 6, 0),
(766, 735, 'tele', 0, 0, 3, 1, 0),
(767, 909, 'tele', 1, 0, 5, 1, 0),
(768, 822, 'tele', 0, 0, 6, 1, 0),
(769, 736, 'tele', 0, 0, 1, 1, 0),
(770, 475, 'tele', 0, 0, 7, 1, 0),
(771, 823, 'tele', 1, 0, 5, 5, 0),
(772, 649, 'tele', 1, 0, 3, 1, 0),
(773, 910, 'tele', 0, 0, 1, 3, 0),
(774, 562, 'tele', 0, 0, 4, 1, 0),
(775, 563, 'tele', 1, 5, 8, 1, 1),
(776, 824, 'tele', 1, 0, 5, 4, 0),
(777, 476, 'tele', 1, 0, 2, 5, 0),
(778, 650, 'tele', 0, 2, 6, 1, 1),
(779, 911, 'tele', 1, 0, 3, 1, 0),
(780, 737, 'tele', 0, 0, 2, 5, 0),
(781, 912, 'tele', 0, 0, 1, 1, 0),
(782, 738, 'tele', 0, 0, 1, 1, 0),
(783, 477, 'tele', 1, 0, 4, 1, 0),
(784, 564, 'tele', 0, 0, 1, 1, 0),
(785, 651, 'tele', 0, 0, 2, 5, 0),
(786, 825, 'tele', 1, 0, 3, 5, 0),
(787, 739, 'tele', 1, 0, 4, 1, 0),
(788, 652, 'tele', 1, 0, 1, 2, 0),
(789, 478, 'tele', 1, 0, 5, 1, 0),
(790, 565, 'tele', 1, 0, 5, 1, 0),
(791, 913, 'tele', 0, 0, 1, 1, 0),
(792, 826, 'tele', 1, 0, 6, 5, 0),
(793, 740, 'tele', 1, 0, 2, 1, 0),
(794, 914, 'tele', 1, 0, 4, 4, 0),
(795, 653, 'tele', 0, 0, 2, 2, 0),
(796, 827, 'tele', 0, 0, 1, 1, 0),
(797, 566, 'tele', 0, 0, 5, 1, 0),
(798, 479, 'tele', 0, 0, 4, 1, 0);

-- --------------------------------------------------------

--
-- Table structure for table `matchdefenses`
--

CREATE TABLE IF NOT EXISTS `matchdefenses` (
  `matchID` int(11) NOT NULL,
  `side` enum('red','blue') NOT NULL,
  `slot` tinyint(4) NOT NULL,
  `defenseID` int(11) NOT NULL,
  UNIQUE KEY `unique_defenses` (`matchID`,`side`,`defenseID`)
) ENGINE=InnoDB DEFAULT CHARSET=latin1;

--
-- Dumping data for table `matchdefenses`
--

INSERT INTO `matchdefenses` (`matchID`, `side`, `slot`, `defenseID`) VALUES
(1, 'red', 2, 1),
(1, 'red', 3, 4),
(1, 'red', 4, 6),
(1, 'red', 5, 7),
(1, 'red', 1, 9),
(1, 'blue', 2, 1),
(1, 'blue', 3, 4),
(1, 'blue', 5, 5),
(1, 'blue', 4, 8),
(1, 'blue', 1, 9),
(2, 'red', 2, 2),
(2, 'red', 3, 4),
(2, 'red', 4, 6),
(2, 'red', 5, 7),
(2, 'red', 1, 9),
(2, 'blue', 2, 2),
(2, 'blue', 3, 4),
(2, 'blue', 4, 5),
(2, 'blue', 5, 7),
(2, 'blue', 1, 9),
(3, 'red', 4, 1),
(3, 'red', 3, 4),
(3, 'red', 2, 5),
(3, 'red', 5, 7),
(3, 'red', 1, 9),
(3, 'blue', 5, 2),
(3, 'blue', 3, 4),
(3, 'blue', 2, 5),
(3, 'blue', 4, 7),
(3, 'blue', 1, 9),
(4, 'red', 2, 2),
(4, 'red', 3, 4),
(4, 'red', 4, 6),
(4, 'red', 5, 7),
(4, 'red', 1, 9),
(4, 'blue', 2, 2),
(4, 'blue', 3, 4),
(4, 'blue', 5, 6),
(4, 'blue', 4, 7),
(4, 'blue', 1, 9),
(5, 'red', 4, 2),
(5, 'red', 3, 4),
(5, 'red', 2, 5),
(5, 'red', 5, 7),
(5, 'red', 1, 9),
(5, 'blue', 5, 2),
(5, 'blue', 3, 4),
(5, 'blue', 2, 6),
(5, 'blue', 4, 7),
(5, 'blue', 1, 9),
(6, 'red', 2, 2),
(6, 'red', 3, 4),
(6, 'red', 4, 6),
(6, 'red', 5, 7),
(6, 'red', 1, 9),
(6, 'blue', 5, 1),
(6, 'blue', 3, 4),
(6, 'blue', 4, 6),
(6, 'blue', 2, 7),
(6, 'blue', 1, 9),
(7, 'red', 2, 1),
(7, 'red', 4, 3),
(7, 'red', 3, 5),
(7, 'red', 5, 7),
(7, 'red', 1, 9),
(7, 'blue', 2, 1),
(7, 'blue', 4, 4),
(7, 'blue', 3, 5),
(7, 'blue', 5, 8),
(7, 'blue', 1, 9),
(8, 'red', 2, 1),
(8, 'red', 4, 3),
(8, 'red', 3, 5),
(8, 'red', 5, 7),
(8, 'red', 1, 9),
(8, 'blue', 2, 2),
(8, 'blue', 5, 3),
(8, 'blue', 3, 5),
(8, 'blue', 4, 7),
(8, 'blue', 1, 9),
(9, 'red', 4, 2),
(9, 'red', 2, 4),
(9, 'red', 3, 5),
(9, 'red', 5, 7),
(9, 'red', 1, 9),
(9, 'blue', 2, 2),
(9, 'blue', 5, 3),
(9, 'blue', 3, 5),
(9, 'blue', 4, 7),
(9, 'blue', 1, 9),
(10, 'red', 2, 2),
(10, 'red', 5, 3),
(10, 'red', 3, 5),
(10, 'red', 4, 7),
(10, 'red', 1, 9),
(10, 'blue', 4, 2),
(10, 'blue', 2, 4),
(10, 'blue', 3, 5),
(10, 'blue', 5, 7),
(10, 'blue', 1, 9),
(11, 'red', 2, 2),
(11, 'red', 4, 3),
(11, 'red', 3, 5),
(11, 'red', 5, 7),
(11, 'red', 1, 9),
(11, 'blue', 2, 2),
(11, 'blue', 4, 3),
(11, 'blue', 3, 5),
(11, 'blue', 5, 7),
(11, 'blue', 1, 9),
(12, 'red', 2, 1),
(12, 'red', 5, 4),
(12, 'red', 3, 5),
(12, 'red', 4, 7),
(12, 'red', 1, 9),
(12, 'blue', 2, 2),
(12, 'blue', 5, 4),
(12, 'blue', 3, 5),
(12, 'blue', 4, 7),
(12, 'blue', 1, 9),
(13, 'red', 5, 2),
(13, 'red', 2, 3),
(13, 'red', 4, 6),
(13, 'red', 3, 7),
(13, 'red', 1, 9),
(13, 'blue', 5, 1),
(13, 'blue', 4, 4),
(13, 'blue', 2, 6),
(13, 'blue', 3, 7),
(13, 'blue', 1, 9),
(14, 'red', 2, 1),
(14, 'red', 4, 3),
(14, 'red', 5, 6),
(14, 'red', 3, 7),
(14, 'red', 1, 9),
(14, 'blue', 5, 1),
(14, 'blue', 4, 3),
(14, 'blue', 2, 6),
(14, 'blue', 3, 7),
(14, 'blue', 1, 9),
(15, 'red', 2, 2),
(15, 'red', 4, 3),
(15, 'red', 5, 5),
(15, 'red', 3, 7),
(15, 'red', 1, 9),
(15, 'blue', 4, 2),
(15, 'blue', 5, 3),
(15, 'blue', 2, 6),
(15, 'blue', 3, 7),
(15, 'blue', 1, 9),
(16, 'red', 5, 1),
(16, 'red', 2, 3),
(16, 'red', 4, 6),
(16, 'red', 3, 7),
(16, 'red', 1, 9),
(16, 'blue', 2, 2),
(16, 'blue', 4, 4),
(16, 'blue', 5, 5),
(16, 'blue', 3, 7),
(16, 'blue', 1, 9),
(17, 'red', 2, 2),
(17, 'red', 5, 4),
(17, 'red', 4, 6),
(17, 'red', 3, 7),
(17, 'red', 1, 9),
(17, 'blue', 2, 2),
(17, 'blue', 5, 4),
(17, 'blue', 4, 6),
(17, 'blue', 3, 7),
(17, 'blue', 1, 9),
(18, 'red', 2, 2),
(18, 'red', 4, 3),
(18, 'red', 5, 6),
(18, 'red', 3, 7),
(18, 'red', 1, 9),
(18, 'blue', 4, 2),
(18, 'blue', 2, 3),
(18, 'blue', 5, 6),
(18, 'blue', 3, 7),
(18, 'blue', 1, 9),
(19, 'red', 3, 2),
(19, 'red', 5, 4),
(19, 'red', 2, 6),
(19, 'red', 4, 7),
(19, 'red', 1, 9),
(19, 'blue', 3, 2),
(19, 'blue', 5, 3),
(19, 'blue', 2, 6),
(19, 'blue', 4, 7),
(19, 'blue', 1, 9),
(20, 'red', 3, 2),
(20, 'red', 2, 4),
(20, 'red', 4, 6),
(20, 'red', 5, 7),
(20, 'red', 1, 9),
(20, 'blue', 3, 2),
(20, 'blue', 2, 3),
(20, 'blue', 4, 5),
(20, 'blue', 5, 7),
(20, 'blue', 1, 9),
(21, 'red', 3, 2),
(21, 'red', 2, 4),
(21, 'red', 5, 5),
(21, 'red', 4, 7),
(21, 'red', 1, 9),
(21, 'blue', 3, 2),
(21, 'blue', 2, 3),
(21, 'blue', 4, 6),
(21, 'blue', 5, 7),
(21, 'blue', 1, 9),
(22, 'red', 3, 2),
(22, 'red', 5, 3),
(22, 'red', 2, 6),
(22, 'red', 4, 7),
(22, 'red', 1, 9),
(22, 'blue', 3, 2),
(22, 'blue', 4, 4),
(22, 'blue', 2, 6),
(22, 'blue', 5, 7),
(22, 'blue', 1, 9),
(23, 'red', 3, 2),
(23, 'red', 4, 4),
(23, 'red', 5, 5),
(23, 'red', 2, 8),
(23, 'red', 1, 9),
(23, 'blue', 3, 2),
(23, 'blue', 2, 4),
(23, 'blue', 4, 5),
(23, 'blue', 5, 7),
(23, 'blue', 1, 9),
(24, 'red', 3, 2),
(24, 'red', 5, 3),
(24, 'red', 2, 6),
(24, 'red', 4, 7),
(24, 'red', 1, 9),
(24, 'blue', 3, 2),
(24, 'blue', 2, 4),
(24, 'blue', 5, 6),
(24, 'blue', 4, 7),
(24, 'blue', 1, 9),
(25, 'red', 5, 2),
(25, 'red', 3, 4),
(25, 'red', 4, 6),
(25, 'red', 2, 8),
(25, 'red', 1, 9),
(25, 'blue', 2, 1),
(25, 'blue', 3, 4),
(25, 'blue', 5, 6),
(25, 'blue', 4, 7),
(25, 'blue', 1, 9),
(26, 'red', 2, 2),
(26, 'red', 3, 4),
(26, 'red', 4, 6),
(26, 'red', 5, 7),
(26, 'red', 1, 9),
(26, 'blue', 2, 2),
(26, 'blue', 3, 4),
(26, 'blue', 4, 6),
(26, 'blue', 5, 7),
(26, 'blue', 1, 9),
(27, 'red', 2, 1),
(27, 'red', 3, 4),
(27, 'red', 4, 6),
(27, 'red', 5, 7),
(27, 'red', 1, 9),
(27, 'blue', 4, 1),
(27, 'blue', 3, 4),
(27, 'blue', 2, 6),
(27, 'blue', 5, 8),
(27, 'blue', 1, 9),
(28, 'red', 2, 1),
(28, 'red', 3, 4),
(28, 'red', 4, 6),
(28, 'red', 5, 7),
(28, 'red', 1, 9),
(28, 'blue', 4, 2),
(28, 'blue', 3, 4),
(28, 'blue', 2, 6),
(28, 'blue', 5, 7),
(28, 'blue', 1, 9),
(29, 'red', 4, 1),
(29, 'red', 3, 4),
(29, 'red', 5, 5),
(29, 'red', 2, 7),
(29, 'red', 1, 9),
(29, 'blue', 2, 2),
(29, 'blue', 3, 4),
(29, 'blue', 4, 6),
(29, 'blue', 5, 7),
(29, 'blue', 1, 9),
(30, 'red', 5, 2),
(30, 'red', 3, 4),
(30, 'red', 4, 5),
(30, 'red', 2, 7),
(30, 'red', 1, 9),
(30, 'blue', 5, 2),
(30, 'blue', 3, 4),
(30, 'blue', 2, 6),
(30, 'blue', 4, 7),
(30, 'blue', 1, 9),
(31, 'red', 2, 2),
(31, 'red', 4, 3),
(31, 'red', 3, 6),
(31, 'red', 5, 7),
(31, 'red', 1, 9),
(31, 'blue', 2, 2),
(31, 'blue', 5, 4),
(31, 'blue', 3, 6),
(31, 'blue', 4, 7),
(31, 'blue', 1, 9),
(32, 'red', 5, 2),
(32, 'red', 4, 3),
(32, 'red', 3, 6),
(32, 'red', 2, 8),
(32, 'red', 1, 9),
(32, 'blue', 2, 1),
(32, 'blue', 4, 4),
(32, 'blue', 3, 6),
(32, 'blue', 5, 7),
(32, 'blue', 1, 9),
(33, 'red', 4, 2),
(33, 'red', 2, 4),
(33, 'red', 3, 6),
(33, 'red', 5, 7),
(33, 'red', 1, 9),
(33, 'blue', 2, 1),
(33, 'blue', 4, 3),
(33, 'blue', 3, 6),
(33, 'blue', 5, 7),
(33, 'blue', 1, 9),
(34, 'red', 4, 2),
(34, 'red', 2, 3),
(34, 'red', 3, 6),
(34, 'red', 5, 7),
(34, 'red', 1, 9),
(34, 'blue', 2, 2),
(34, 'blue', 4, 3),
(34, 'blue', 3, 6),
(34, 'blue', 5, 7),
(34, 'blue', 1, 9),
(35, 'red', 4, 2),
(35, 'red', 5, 3),
(35, 'red', 3, 6),
(35, 'red', 2, 8),
(35, 'red', 1, 9),
(35, 'blue', 5, 2),
(35, 'blue', 2, 4),
(35, 'blue', 3, 6),
(35, 'blue', 4, 7),
(35, 'blue', 1, 9),
(36, 'red', 2, 1),
(36, 'red', 4, 3),
(36, 'red', 3, 6),
(36, 'red', 5, 7),
(36, 'red', 1, 9),
(36, 'blue', 2, 1),
(36, 'blue', 4, 4),
(36, 'blue', 3, 6),
(36, 'blue', 5, 7),
(36, 'blue', 1, 9),
(37, 'red', 5, 2),
(37, 'red', 4, 4),
(37, 'red', 2, 6),
(37, 'red', 3, 8),
(37, 'red', 1, 9),
(37, 'blue', 4, 2),
(37, 'blue', 5, 4),
(37, 'blue', 2, 6),
(37, 'blue', 3, 8),
(37, 'blue', 1, 9),
(38, 'red', 2, 2),
(38, 'red', 5, 4),
(38, 'red', 4, 6),
(38, 'red', 3, 8),
(38, 'red', 1, 9),
(38, 'blue', 2, 1),
(38, 'blue', 4, 3),
(38, 'blue', 5, 6),
(38, 'blue', 3, 8),
(38, 'blue', 1, 9),
(39, 'red', 4, 2),
(39, 'red', 2, 3),
(39, 'red', 5, 6),
(39, 'red', 3, 8),
(39, 'red', 1, 9),
(39, 'blue', 2, 2),
(39, 'blue', 4, 3),
(39, 'blue', 5, 6),
(39, 'blue', 3, 8),
(39, 'blue', 1, 9),
(40, 'red', 5, 1),
(40, 'red', 4, 3),
(40, 'red', 2, 5),
(40, 'red', 3, 8),
(40, 'red', 1, 9),
(40, 'blue', 4, 2),
(40, 'blue', 5, 3),
(40, 'blue', 2, 6),
(40, 'blue', 3, 8),
(40, 'blue', 1, 9),
(41, 'red', 2, 1),
(41, 'red', 4, 4),
(41, 'red', 5, 6),
(41, 'red', 3, 8),
(41, 'red', 1, 9),
(41, 'blue', 4, 2),
(41, 'blue', 2, 3),
(41, 'blue', 5, 6),
(41, 'blue', 3, 8),
(41, 'blue', 1, 9),
(42, 'red', 2, 2),
(42, 'red', 4, 4),
(42, 'red', 5, 6),
(42, 'red', 3, 8),
(42, 'red', 1, 9),
(42, 'blue', 5, 2),
(42, 'blue', 4, 3),
(42, 'blue', 2, 6),
(42, 'blue', 3, 8),
(42, 'blue', 1, 9),
(43, 'red', 3, 1),
(43, 'red', 2, 3),
(43, 'red', 4, 6),
(43, 'red', 5, 8),
(43, 'red', 1, 9),
(43, 'blue', 3, 1),
(43, 'blue', 2, 3),
(43, 'blue', 5, 6),
(43, 'blue', 4, 7),
(43, 'blue', 1, 9),
(44, 'red', 3, 1),
(44, 'red', 2, 4),
(44, 'red', 4, 6),
(44, 'red', 5, 8),
(44, 'red', 1, 9),
(44, 'blue', 3, 1),
(44, 'blue', 2, 3),
(44, 'blue', 4, 6),
(44, 'blue', 5, 8),
(44, 'blue', 1, 9),
(45, 'red', 3, 1),
(45, 'red', 5, 3),
(45, 'red', 2, 6),
(45, 'red', 4, 7),
(45, 'red', 1, 9),
(45, 'blue', 3, 1),
(45, 'blue', 2, 3),
(45, 'blue', 5, 6),
(45, 'blue', 4, 7),
(45, 'blue', 1, 9),
(46, 'red', 3, 1),
(46, 'red', 5, 3),
(46, 'red', 2, 6),
(46, 'red', 4, 7),
(46, 'red', 1, 9),
(46, 'blue', 3, 1),
(46, 'blue', 4, 3),
(46, 'blue', 5, 6),
(46, 'blue', 2, 7),
(46, 'blue', 1, 9),
(47, 'red', 3, 1),
(47, 'red', 5, 3),
(47, 'red', 2, 5),
(47, 'red', 4, 7),
(47, 'red', 1, 9),
(47, 'blue', 3, 1),
(47, 'blue', 2, 4),
(47, 'blue', 5, 6),
(47, 'blue', 4, 8),
(47, 'blue', 1, 9),
(48, 'red', 3, 1),
(48, 'red', 2, 4),
(48, 'red', 5, 5),
(48, 'red', 4, 8),
(48, 'red', 1, 9),
(48, 'blue', 3, 1),
(48, 'blue', 2, 3),
(48, 'blue', 5, 6),
(48, 'blue', 4, 8),
(48, 'blue', 1, 9),
(49, 'red', 5, 1),
(49, 'red', 3, 3),
(49, 'red', 2, 6),
(49, 'red', 4, 7),
(49, 'red', 1, 9),
(49, 'blue', 2, 2),
(49, 'blue', 3, 3),
(49, 'blue', 5, 6),
(49, 'blue', 4, 7),
(49, 'blue', 1, 9),
(50, 'red', 2, 2),
(50, 'red', 3, 3),
(50, 'red', 5, 5),
(50, 'red', 4, 7),
(50, 'red', 1, 9),
(50, 'blue', 5, 1),
(50, 'blue', 3, 3),
(50, 'blue', 2, 5),
(50, 'blue', 4, 7),
(50, 'blue', 1, 9),
(51, 'red', 4, 2),
(51, 'red', 3, 3),
(51, 'red', 2, 6),
(51, 'red', 5, 7),
(51, 'red', 1, 9),
(51, 'blue', 4, 1),
(51, 'blue', 3, 3),
(51, 'blue', 2, 6),
(51, 'blue', 5, 8),
(51, 'blue', 1, 9),
(52, 'red', 2, 2),
(52, 'red', 3, 3),
(52, 'red', 4, 6),
(52, 'red', 5, 7),
(52, 'red', 1, 9),
(52, 'blue', 4, 2),
(52, 'blue', 3, 3),
(52, 'blue', 2, 6),
(52, 'blue', 5, 7),
(52, 'blue', 1, 9),
(53, 'red', 2, 1),
(53, 'red', 3, 3),
(53, 'red', 4, 5),
(53, 'red', 5, 7),
(53, 'red', 1, 9),
(53, 'blue', 2, 1),
(53, 'blue', 3, 3),
(53, 'blue', 4, 5),
(53, 'blue', 5, 7),
(53, 'blue', 1, 9),
(54, 'red', 4, 1),
(54, 'red', 3, 3),
(54, 'red', 5, 5),
(54, 'red', 2, 7),
(54, 'red', 1, 9),
(54, 'blue', 2, 2),
(54, 'blue', 3, 3),
(54, 'blue', 4, 6),
(54, 'blue', 5, 7),
(54, 'blue', 1, 9),
(55, 'red', 2, 1),
(55, 'red', 5, 3),
(55, 'red', 3, 6),
(55, 'red', 4, 8),
(55, 'red', 1, 9),
(55, 'blue', 2, 2),
(55, 'blue', 4, 3),
(55, 'blue', 3, 6),
(55, 'blue', 5, 7),
(55, 'blue', 1, 9),
(56, 'red', 2, 1),
(56, 'red', 5, 3),
(56, 'red', 3, 6),
(56, 'red', 4, 8),
(56, 'red', 1, 9),
(56, 'blue', 2, 2),
(56, 'blue', 4, 3),
(56, 'blue', 3, 6),
(56, 'blue', 5, 7),
(56, 'blue', 1, 9),
(57, 'red', 2, 1),
(57, 'red', 5, 3),
(57, 'red', 3, 6),
(57, 'red', 4, 7),
(57, 'red', 1, 9),
(57, 'blue', 2, 2),
(57, 'blue', 5, 4),
(57, 'blue', 3, 6),
(57, 'blue', 4, 7),
(57, 'blue', 1, 9),
(58, 'red', 2, 1),
(58, 'red', 5, 3),
(58, 'red', 3, 6),
(58, 'red', 4, 7),
(58, 'red', 1, 9),
(58, 'blue', 2, 2),
(58, 'blue', 4, 3),
(58, 'blue', 3, 6),
(58, 'blue', 5, 7),
(58, 'blue', 1, 9),
(59, 'red', 4, 2),
(59, 'red', 2, 3),
(59, 'red', 3, 6),
(59, 'red', 5, 7),
(59, 'red', 1, 9),
(59, 'blue', 2, 1),
(59, 'blue', 4, 3),
(59, 'blue', 3, 6),
(59, 'blue', 5, 7),
(59, 'blue', 1, 9),
(60, 'red', 2, 2),
(60, 'red', 4, 3),
(60, 'red', 3, 6),
(60, 'red', 5, 7),
(60, 'red', 1, 9),
(60, 'blue', 2, 2),
(60, 'blue', 4, 3),
(60, 'blue', 3, 6),
(60, 'blue', 5, 7),
(60, 'blue', 1, 9),
(61, 'red', 2, 2),
(61, 'red', 4, 3),
(61, 'red', 3, 5),
(61, 'red', 5, 7),
(61, 'red', 1, 9),
(61, 'blue', 5, 1),
(61, 'blue', 4, 4),
(61, 'blue', 3, 5),
(61, 'blue', 2, 8),
(61, 'blue', 1, 9),
(68, 'red', 4, 1),
(68, 'red', 3, 4),
(68, 'red', 5, 6),
(68, 'red', 2, 7),
(68, 'red', 1, 9),
(68, 'blue', 5, 2),
(68, 'blue', 3, 4),
(68, 'blue', 2, 6),
(68, 'blue', 4, 7),
(68, 'blue', 1, 9),
(69, 'red', 2, 2),
(69, 'red', 3, 4),
(69, 'red', 4, 5),
(69, 'red', 5, 7),
(69, 'red', 1, 9),
(69, 'blue', 2, 2),
(69, 'blue', 3, 4),
(69, 'blue', 4, 5),
(69, 'blue', 5, 7),
(69, 'blue', 1, 9),
(70, 'red', 4, 2),
(70, 'red', 3, 4),
(70, 'red', 2, 6),
(70, 'red', 5, 7),
(70, 'red', 1, 9),
(70, 'blue', 2, 1),
(70, 'blue', 3, 4),
(70, 'blue', 4, 6),
(70, 'blue', 5, 8),
(70, 'blue', 1, 9),
(71, 'red', 5, 2),
(71, 'red', 3, 4),
(71, 'red', 2, 6),
(71, 'red', 4, 7),
(71, 'red', 1, 9),
(71, 'blue', 2, 2),
(71, 'blue', 3, 4),
(71, 'blue', 5, 6),
(71, 'blue', 4, 7),
(71, 'blue', 1, 9),
(72, 'red', 2, 2),
(72, 'red', 3, 4),
(72, 'red', 5, 6),
(72, 'red', 4, 7),
(72, 'red', 1, 9),
(72, 'blue', 2, 2),
(72, 'blue', 3, 4),
(72, 'blue', 5, 6),
(72, 'blue', 4, 7),
(72, 'blue', 1, 9),
(73, 'red', 2, 2),
(73, 'red', 3, 4),
(73, 'red', 4, 6),
(73, 'red', 5, 7),
(73, 'red', 1, 9),
(73, 'blue', 4, 2),
(73, 'blue', 3, 4),
(73, 'blue', 5, 6),
(73, 'blue', 2, 7),
(73, 'blue', 1, 9),
(74, 'red', 2, 2),
(74, 'red', 3, 4),
(74, 'red', 5, 6),
(74, 'red', 4, 7),
(74, 'red', 1, 9),
(74, 'blue', 2, 2),
(74, 'blue', 3, 4),
(74, 'blue', 4, 6),
(74, 'blue', 5, 7),
(74, 'blue', 1, 9),
(75, 'red', 2, 2),
(75, 'red', 3, 4),
(75, 'red', 5, 6),
(75, 'red', 4, 7),
(75, 'red', 1, 9),
(75, 'blue', 2, 2),
(75, 'blue', 3, 4),
(75, 'blue', 5, 6),
(75, 'blue', 4, 7),
(75, 'blue', 1, 9),
(76, 'red', 4, 2),
(76, 'red', 5, 3),
(76, 'red', 3, 6),
(76, 'red', 2, 7),
(76, 'red', 1, 9),
(76, 'blue', 2, 2),
(76, 'blue', 4, 4),
(76, 'blue', 3, 6),
(76, 'blue', 5, 7),
(76, 'blue', 1, 9),
(77, 'red', 2, 2),
(77, 'red', 4, 4),
(77, 'red', 3, 6),
(77, 'red', 5, 7),
(77, 'red', 1, 9),
(77, 'blue', 2, 2),
(77, 'blue', 4, 4),
(77, 'blue', 3, 6),
(77, 'blue', 5, 7),
(77, 'blue', 1, 9),
(78, 'red', 2, 2),
(78, 'red', 4, 3),
(78, 'red', 3, 6),
(78, 'red', 5, 7),
(78, 'red', 1, 9),
(78, 'blue', 5, 1),
(78, 'blue', 2, 4),
(78, 'blue', 3, 6),
(78, 'blue', 4, 7),
(78, 'blue', 1, 9),
(79, 'red', 2, 2),
(79, 'red', 4, 4),
(79, 'red', 3, 6),
(79, 'red', 5, 7),
(79, 'red', 1, 9),
(79, 'blue', 2, 2),
(79, 'blue', 4, 4),
(79, 'blue', 3, 6),
(79, 'blue', 5, 7),
(79, 'blue', 1, 9),
(80, 'red', 2, 2),
(80, 'red', 5, 3),
(80, 'red', 3, 6),
(80, 'red', 4, 7),
(80, 'red', 1, 9),
(80, 'blue', 2, 2),
(80, 'blue', 4, 3),
(80, 'blue', 3, 6),
(80, 'blue', 5, 7),
(80, 'blue', 1, 9),
(81, 'red', 4, 1),
(81, 'red', 5, 3),
(81, 'red', 3, 6),
(81, 'red', 2, 7),
(81, 'red', 1, 9),
(81, 'blue', 2, 1),
(81, 'blue', 4, 4),
(81, 'blue', 3, 6),
(81, 'blue', 5, 8),
(81, 'blue', 1, 9),
(82, 'red', 2, 2),
(82, 'red', 4, 3),
(82, 'red', 3, 6),
(82, 'red', 5, 7),
(82, 'red', 1, 9),
(82, 'blue', 2, 2),
(82, 'blue', 4, 3),
(82, 'blue', 3, 6),
(82, 'blue', 5, 7),
(82, 'blue', 1, 9),
(83, 'red', 2, 2),
(83, 'red', 4, 3),
(83, 'red', 3, 6),
(83, 'red', 5, 7),
(83, 'red', 1, 9),
(83, 'blue', 5, 1),
(83, 'blue', 2, 3),
(83, 'blue', 3, 6),
(83, 'blue', 4, 7),
(83, 'blue', 1, 9),
(84, 'red', 2, 1),
(84, 'red', 4, 4),
(84, 'red', 5, 5),
(84, 'red', 3, 8),
(84, 'red', 1, 9),
(84, 'blue', 4, 2),
(84, 'blue', 5, 4),
(84, 'blue', 2, 6),
(84, 'blue', 3, 8),
(84, 'blue', 1, 9),
(85, 'red', 2, 1),
(85, 'red', 4, 4),
(85, 'red', 5, 6),
(85, 'red', 3, 8),
(85, 'red', 1, 9),
(85, 'blue', 4, 2),
(85, 'blue', 5, 3),
(85, 'blue', 2, 5),
(85, 'blue', 3, 8),
(85, 'blue', 1, 9),
(86, 'red', 2, 2),
(86, 'red', 4, 3),
(86, 'red', 5, 6),
(86, 'red', 3, 8),
(86, 'red', 1, 9),
(86, 'blue', 4, 2),
(86, 'blue', 5, 4),
(86, 'blue', 2, 6),
(86, 'blue', 3, 8),
(86, 'blue', 1, 9),
(87, 'red', 2, 2),
(87, 'red', 5, 3),
(87, 'red', 4, 5),
(87, 'red', 3, 8),
(87, 'red', 1, 9),
(87, 'blue', 5, 1),
(87, 'blue', 4, 4),
(87, 'blue', 2, 6),
(87, 'blue', 3, 8),
(87, 'blue', 1, 9),
(88, 'red', 2, 1),
(88, 'red', 4, 4),
(88, 'red', 5, 5),
(88, 'red', 3, 8),
(88, 'red', 1, 9),
(88, 'blue', 2, 1),
(88, 'blue', 4, 3),
(88, 'blue', 5, 5),
(88, 'blue', 3, 8),
(88, 'blue', 1, 9),
(89, 'red', 2, 1),
(89, 'red', 4, 4),
(89, 'red', 5, 6),
(89, 'red', 3, 8),
(89, 'red', 1, 9),
(89, 'blue', 2, 1),
(89, 'blue', 5, 4),
(89, 'blue', 4, 6),
(89, 'blue', 3, 8),
(89, 'blue', 1, 9),
(90, 'red', 4, 2),
(90, 'red', 5, 3),
(90, 'red', 2, 6),
(90, 'red', 3, 8),
(90, 'red', 1, 9),
(90, 'blue', 2, 2),
(90, 'blue', 5, 4),
(90, 'blue', 4, 6),
(90, 'blue', 3, 8),
(90, 'blue', 1, 9),
(91, 'red', 2, 2),
(91, 'red', 4, 3),
(91, 'red', 5, 6),
(91, 'red', 3, 8),
(91, 'red', 1, 9),
(91, 'blue', 2, 2),
(91, 'blue', 5, 4),
(91, 'blue', 4, 6),
(91, 'blue', 3, 8),
(91, 'blue', 1, 9),
(92, 'red', 3, 2),
(92, 'red', 4, 3),
(92, 'red', 2, 5),
(92, 'red', 5, 7),
(92, 'red', 1, 9),
(92, 'blue', 3, 2),
(92, 'blue', 2, 4),
(92, 'blue', 4, 6),
(92, 'blue', 5, 7),
(92, 'blue', 1, 9),
(93, 'red', 3, 2),
(93, 'red', 4, 4),
(93, 'red', 2, 6),
(93, 'red', 5, 7),
(93, 'red', 1, 9),
(93, 'blue', 3, 2),
(93, 'blue', 2, 3),
(93, 'blue', 5, 6),
(93, 'blue', 4, 7),
(93, 'blue', 1, 9),
(94, 'red', 3, 2),
(94, 'red', 2, 3),
(94, 'red', 4, 5),
(94, 'red', 5, 7),
(94, 'red', 1, 9),
(94, 'blue', 3, 2),
(94, 'blue', 2, 3),
(94, 'blue', 4, 6),
(94, 'blue', 5, 7),
(94, 'blue', 1, 9),
(95, 'red', 3, 2),
(95, 'red', 4, 3),
(95, 'red', 2, 6),
(95, 'red', 5, 7),
(95, 'red', 1, 9),
(95, 'blue', 3, 2),
(95, 'blue', 4, 3),
(95, 'blue', 5, 6),
(95, 'blue', 2, 7),
(95, 'blue', 1, 9),
(96, 'red', 3, 2),
(96, 'red', 2, 3),
(96, 'red', 4, 6),
(96, 'red', 5, 7),
(96, 'red', 1, 9),
(96, 'blue', 3, 2),
(96, 'blue', 4, 4),
(96, 'blue', 2, 6),
(96, 'blue', 5, 7),
(96, 'blue', 1, 9),
(97, 'red', 3, 2),
(97, 'red', 4, 3),
(97, 'red', 2, 6),
(97, 'red', 5, 7),
(97, 'red', 1, 9),
(97, 'blue', 3, 2),
(97, 'blue', 2, 3),
(97, 'blue', 5, 6),
(97, 'blue', 4, 7),
(97, 'blue', 1, 9),
(98, 'red', 3, 2),
(98, 'red', 2, 3),
(98, 'red', 5, 6),
(98, 'red', 4, 7),
(98, 'red', 1, 9),
(98, 'blue', 3, 2),
(98, 'blue', 4, 3),
(98, 'blue', 2, 6),
(98, 'blue', 5, 7),
(98, 'blue', 1, 9),
(99, 'red', 3, 2),
(99, 'red', 4, 3),
(99, 'red', 2, 6),
(99, 'red', 5, 7),
(99, 'red', 1, 9),
(99, 'blue', 3, 2),
(99, 'blue', 2, 4),
(99, 'blue', 4, 5),
(99, 'blue', 5, 7),
(99, 'blue', 1, 9),
(100, 'red', 2, 2),
(100, 'red', 3, 4),
(100, 'red', 5, 6),
(100, 'red', 4, 8),
(100, 'red', 1, 9),
(100, 'blue', 2, 2),
(100, 'blue', 3, 4),
(100, 'blue', 5, 6),
(100, 'blue', 4, 7),
(100, 'blue', 1, 9),
(101, 'red', 2, 1),
(101, 'red', 3, 4),
(101, 'red', 5, 6),
(101, 'red', 4, 7),
(101, 'red', 1, 9),
(101, 'blue', 2, 1),
(101, 'blue', 3, 4),
(101, 'blue', 5, 5),
(101, 'blue', 4, 7),
(101, 'blue', 1, 9),
(102, 'red', 2, 1),
(102, 'red', 3, 4),
(102, 'red', 4, 5),
(102, 'red', 5, 7),
(102, 'red', 1, 9),
(102, 'blue', 2, 2),
(102, 'blue', 3, 4),
(102, 'blue', 5, 6),
(102, 'blue', 4, 7),
(102, 'blue', 1, 9),
(103, 'red', 5, 2),
(103, 'red', 3, 4),
(103, 'red', 2, 5),
(103, 'red', 4, 7),
(103, 'red', 1, 9),
(103, 'blue', 2, 2),
(103, 'blue', 3, 4),
(103, 'blue', 4, 5),
(103, 'blue', 5, 7),
(103, 'blue', 1, 9),
(104, 'red', 4, 2),
(104, 'red', 3, 4),
(104, 'red', 5, 6),
(104, 'red', 2, 7),
(104, 'red', 1, 9),
(104, 'blue', 4, 2),
(104, 'blue', 3, 4),
(104, 'blue', 2, 6),
(104, 'blue', 5, 7),
(104, 'blue', 1, 9),
(105, 'red', 4, 2),
(105, 'red', 3, 4),
(105, 'red', 2, 6),
(105, 'red', 5, 7),
(105, 'red', 1, 9),
(105, 'blue', 5, 2),
(105, 'blue', 3, 4),
(105, 'blue', 4, 6),
(105, 'blue', 2, 7),
(105, 'blue', 1, 9),
(106, 'red', 4, 1),
(106, 'red', 3, 4),
(106, 'red', 5, 6),
(106, 'red', 2, 7),
(106, 'red', 1, 9),
(106, 'blue', 4, 2),
(106, 'blue', 3, 4),
(106, 'blue', 2, 6),
(106, 'blue', 5, 7),
(106, 'blue', 1, 9),
(107, 'red', 2, 2),
(107, 'red', 3, 4),
(107, 'red', 5, 5),
(107, 'red', 4, 8),
(107, 'red', 1, 9),
(107, 'blue', 2, 1),
(107, 'blue', 3, 4),
(107, 'blue', 4, 5),
(107, 'blue', 5, 7),
(107, 'blue', 1, 9),
(108, 'red', 2, 1),
(108, 'red', 4, 3),
(108, 'red', 3, 5),
(108, 'red', 5, 7),
(108, 'red', 1, 9),
(108, 'blue', 2, 2),
(108, 'blue', 4, 4),
(108, 'blue', 3, 5),
(108, 'blue', 5, 7),
(108, 'blue', 1, 9),
(109, 'red', 2, 2),
(109, 'red', 4, 4),
(109, 'red', 3, 5),
(109, 'red', 5, 7),
(109, 'red', 1, 9),
(109, 'blue', 2, 2),
(109, 'blue', 4, 3),
(109, 'blue', 3, 5),
(109, 'blue', 5, 7),
(109, 'blue', 1, 9),
(110, 'red', 4, 2),
(110, 'red', 2, 4),
(110, 'red', 3, 5),
(110, 'red', 5, 7),
(110, 'red', 1, 9),
(110, 'blue', 2, 1),
(110, 'blue', 4, 3),
(110, 'blue', 3, 5),
(110, 'blue', 5, 7),
(110, 'blue', 1, 9),
(111, 'red', 2, 2),
(111, 'red', 5, 3),
(111, 'red', 3, 5),
(111, 'red', 4, 7),
(111, 'red', 1, 9),
(111, 'blue', 2, 2),
(111, 'blue', 4, 4),
(111, 'blue', 3, 5),
(111, 'blue', 5, 7),
(111, 'blue', 1, 9),
(112, 'red', 2, 2),
(112, 'red', 4, 3),
(112, 'red', 3, 5),
(112, 'red', 5, 7),
(112, 'red', 1, 9),
(112, 'blue', 2, 2),
(112, 'blue', 4, 4),
(112, 'blue', 3, 5),
(112, 'blue', 5, 7),
(112, 'blue', 1, 9),
(113, 'red', 2, 2),
(113, 'red', 4, 3),
(113, 'red', 3, 5),
(113, 'red', 5, 8),
(113, 'red', 1, 9),
(113, 'blue', 2, 2),
(113, 'blue', 4, 4),
(113, 'blue', 3, 5),
(113, 'blue', 5, 7),
(113, 'blue', 1, 9),
(114, 'red', 2, 1),
(114, 'red', 4, 3),
(114, 'red', 3, 5),
(114, 'red', 5, 7),
(114, 'red', 1, 9),
(114, 'blue', 2, 2),
(114, 'blue', 4, 3),
(114, 'blue', 3, 5),
(114, 'blue', 5, 7),
(114, 'blue', 1, 9),
(115, 'red', 2, 2),
(115, 'red', 4, 3),
(115, 'red', 3, 5),
(115, 'red', 5, 7),
(115, 'red', 1, 9),
(115, 'blue', 5, 2),
(115, 'blue', 2, 3),
(115, 'blue', 3, 5),
(115, 'blue', 4, 7),
(115, 'blue', 1, 9),
(116, 'red', 4, 1),
(116, 'red', 5, 3),
(116, 'red', 2, 6),
(116, 'red', 3, 8),
(116, 'red', 1, 9),
(116, 'blue', 2, 2),
(116, 'blue', 4, 3),
(116, 'blue', 5, 6),
(116, 'blue', 3, 8),
(116, 'blue', 1, 9),
(117, 'red', 2, 2),
(117, 'red', 4, 4),
(117, 'red', 5, 6),
(117, 'red', 3, 8),
(117, 'red', 1, 9),
(117, 'blue', 2, 2),
(117, 'blue', 5, 4),
(117, 'blue', 4, 6),
(117, 'blue', 3, 8),
(117, 'blue', 1, 9),
(118, 'red', 2, 2),
(118, 'red', 4, 3),
(118, 'red', 5, 5),
(118, 'red', 3, 8),
(118, 'red', 1, 9),
(118, 'blue', 4, 2),
(118, 'blue', 2, 3),
(118, 'blue', 5, 6),
(118, 'blue', 3, 8),
(118, 'blue', 1, 9),
(119, 'red', 5, 1),
(119, 'red', 4, 3),
(119, 'red', 2, 6),
(119, 'red', 3, 8),
(119, 'red', 1, 9),
(119, 'blue', 5, 2),
(119, 'blue', 2, 4),
(119, 'blue', 4, 6),
(119, 'blue', 3, 8),
(119, 'blue', 1, 9),
(120, 'red', 4, 2),
(120, 'red', 2, 3),
(120, 'red', 5, 6),
(120, 'red', 3, 8),
(120, 'red', 1, 9),
(120, 'blue', 2, 1),
(120, 'blue', 5, 3),
(120, 'blue', 4, 5),
(120, 'blue', 3, 8),
(120, 'blue', 1, 9),
(121, 'red', 2, 1),
(121, 'red', 4, 4),
(121, 'red', 5, 5),
(121, 'red', 3, 8),
(121, 'red', 1, 9),
(121, 'blue', 2, 2),
(121, 'blue', 5, 3),
(121, 'blue', 4, 6),
(121, 'blue', 3, 8),
(121, 'blue', 1, 9),
(122, 'red', 2, 1),
(122, 'red', 4, 4),
(122, 'red', 5, 5),
(122, 'red', 3, 8),
(122, 'red', 1, 9),
(122, 'blue', 2, 1),
(122, 'blue', 4, 3),
(122, 'blue', 5, 6),
(122, 'blue', 3, 8),
(122, 'blue', 1, 9),
(123, 'red', 2, 2),
(123, 'red', 4, 4),
(123, 'red', 5, 6),
(123, 'red', 3, 8),
(123, 'red', 1, 9),
(123, 'blue', 2, 1),
(123, 'blue', 5, 3),
(123, 'blue', 4, 6),
(123, 'blue', 3, 8),
(123, 'blue', 1, 9),
(124, 'red', 3, 2),
(124, 'red', 4, 4),
(124, 'red', 5, 6),
(124, 'red', 2, 7),
(124, 'red', 1, 9),
(124, 'blue', 3, 2),
(124, 'blue', 2, 4),
(124, 'blue', 4, 5),
(124, 'blue', 5, 7),
(124, 'blue', 1, 9),
(125, 'red', 3, 2),
(125, 'red', 4, 4),
(125, 'red', 2, 5),
(125, 'red', 5, 7),
(125, 'red', 1, 9),
(125, 'blue', 3, 2),
(125, 'blue', 4, 3),
(125, 'blue', 2, 6),
(125, 'blue', 5, 7),
(125, 'blue', 1, 9),
(126, 'red', 3, 2),
(126, 'red', 5, 4),
(126, 'red', 4, 6),
(126, 'red', 2, 7),
(126, 'red', 1, 9),
(126, 'blue', 3, 2),
(126, 'blue', 4, 3),
(126, 'blue', 2, 6),
(126, 'blue', 5, 7),
(126, 'blue', 1, 9),
(127, 'red', 3, 2),
(127, 'red', 2, 3),
(127, 'red', 4, 6),
(127, 'red', 5, 7),
(127, 'red', 1, 9),
(127, 'blue', 3, 2),
(127, 'blue', 4, 3),
(127, 'blue', 5, 5),
(127, 'blue', 2, 7),
(127, 'blue', 1, 9),
(128, 'red', 3, 2),
(128, 'red', 2, 4),
(128, 'red', 4, 6),
(128, 'red', 5, 7),
(128, 'red', 1, 9),
(128, 'blue', 3, 2),
(128, 'blue', 2, 4),
(128, 'blue', 4, 6),
(128, 'blue', 5, 7),
(128, 'blue', 1, 9),
(129, 'red', 3, 2),
(129, 'red', 2, 3),
(129, 'red', 5, 6),
(129, 'red', 4, 7),
(129, 'red', 1, 9),
(129, 'blue', 3, 2),
(129, 'blue', 4, 3),
(129, 'blue', 2, 6),
(129, 'blue', 5, 7),
(129, 'blue', 1, 9),
(130, 'red', 3, 2),
(130, 'red', 2, 3),
(130, 'red', 5, 6),
(130, 'red', 4, 8),
(130, 'red', 1, 9),
(130, 'blue', 3, 2),
(130, 'blue', 5, 4),
(130, 'blue', 2, 6),
(130, 'blue', 4, 7),
(130, 'blue', 1, 9),
(131, 'red', 3, 2),
(131, 'red', 2, 3),
(131, 'red', 5, 6),
(131, 'red', 4, 7),
(131, 'red', 1, 9),
(131, 'blue', 3, 2),
(131, 'blue', 4, 4),
(131, 'blue', 2, 5),
(131, 'blue', 5, 7),
(131, 'blue', 1, 9),
(132, 'red', 4, 1),
(132, 'red', 3, 4),
(132, 'red', 5, 6),
(132, 'red', 2, 7),
(132, 'red', 1, 9),
(132, 'blue', 3, 2),
(132, 'blue', 2, 4),
(132, 'blue', 4, 6),
(132, 'blue', 5, 7),
(132, 'blue', 1, 9),
(133, 'red', 5, 2),
(133, 'red', 3, 4),
(133, 'red', 2, 6),
(133, 'red', 4, 7),
(133, 'red', 1, 9),
(133, 'blue', 4, 2),
(133, 'blue', 3, 4),
(133, 'blue', 2, 6),
(133, 'blue', 5, 7),
(133, 'blue', 1, 9),
(134, 'red', 2, 2),
(134, 'red', 3, 4),
(134, 'red', 4, 6),
(134, 'red', 5, 7),
(134, 'red', 1, 9),
(134, 'blue', 4, 2),
(134, 'blue', 3, 4),
(134, 'blue', 2, 6),
(134, 'blue', 5, 7),
(134, 'blue', 1, 9),
(135, 'red', 2, 2),
(135, 'red', 3, 4),
(135, 'red', 4, 6),
(135, 'red', 5, 8),
(135, 'red', 1, 9),
(135, 'blue', 5, 1),
(135, 'blue', 3, 4),
(135, 'blue', 2, 6),
(135, 'blue', 4, 7),
(135, 'blue', 1, 9),
(136, 'red', 2, 2),
(136, 'red', 3, 4),
(136, 'red', 5, 5),
(136, 'red', 4, 7),
(136, 'red', 1, 9),
(136, 'blue', 2, 1),
(136, 'blue', 3, 4),
(136, 'blue', 4, 6),
(136, 'blue', 5, 7),
(136, 'blue', 1, 9),
(137, 'red', 5, 1),
(137, 'red', 3, 4),
(137, 'red', 2, 5),
(137, 'red', 4, 8),
(137, 'red', 1, 9),
(137, 'blue', 4, 1),
(137, 'blue', 3, 4),
(137, 'blue', 2, 6),
(137, 'blue', 5, 7),
(137, 'blue', 1, 9),
(138, 'red', 5, 2),
(138, 'red', 3, 4),
(138, 'red', 2, 6),
(138, 'red', 4, 7),
(138, 'red', 1, 9),
(138, 'blue', 3, 1),
(138, 'blue', 4, 4),
(138, 'blue', 5, 6),
(138, 'blue', 2, 7),
(138, 'blue', 1, 9),
(139, 'red', 2, 2),
(139, 'red', 3, 4),
(139, 'red', 4, 6),
(139, 'red', 5, 7),
(139, 'red', 1, 9),
(139, 'blue', 2, 2),
(139, 'blue', 3, 4),
(139, 'blue', 4, 6),
(139, 'blue', 5, 7),
(139, 'blue', 1, 9),
(140, 'red', 2, 2),
(140, 'red', 4, 3),
(140, 'red', 3, 6),
(140, 'red', 5, 7),
(140, 'red', 1, 9),
(140, 'blue', 2, 2),
(140, 'blue', 4, 4),
(140, 'blue', 3, 6),
(140, 'blue', 5, 7),
(140, 'blue', 1, 9),
(141, 'red', 2, 2),
(141, 'red', 4, 3),
(141, 'red', 3, 6),
(141, 'red', 5, 7),
(141, 'red', 1, 9),
(141, 'blue', 4, 2),
(141, 'blue', 2, 3),
(141, 'blue', 3, 6),
(141, 'blue', 5, 7),
(141, 'blue', 1, 9),
(142, 'red', 2, 1),
(142, 'red', 5, 4),
(142, 'red', 3, 6),
(142, 'red', 4, 7),
(142, 'red', 1, 9),
(142, 'blue', 2, 2),
(142, 'blue', 4, 3),
(142, 'blue', 3, 6),
(142, 'blue', 5, 7),
(142, 'blue', 1, 9),
(143, 'red', 2, 1),
(143, 'red', 5, 3),
(143, 'red', 3, 6),
(143, 'red', 4, 8),
(143, 'red', 1, 9),
(143, 'blue', 4, 2),
(143, 'blue', 5, 4),
(143, 'blue', 3, 6),
(143, 'blue', 2, 7),
(143, 'blue', 1, 9),
(144, 'red', 2, 1),
(144, 'red', 5, 4),
(144, 'red', 3, 6),
(144, 'red', 4, 7),
(144, 'red', 1, 9),
(144, 'blue', 2, 2),
(144, 'blue', 4, 4),
(144, 'blue', 3, 6),
(144, 'blue', 5, 7),
(144, 'blue', 1, 9);

-- --------------------------------------------------------

--
-- Table structure for table `matches`
--

CREATE TABLE IF NOT EXISTS `matches` (
  `id` int(11) NOT NULL AUTO_INCREMENT,
  `matchNumber` int(11) NOT NULL,
  `compID` int(11) NOT NULL,
  `lastUpdated` int(11) NOT NULL,
  `lastExported` int(11) NOT NULL,
  PRIMARY KEY (`id`),
  KEY `fk_compID` (`compID`)
) ENGINE=InnoDB  DEFAULT CHARSET=latin1 AUTO_INCREMENT=155 ;

--
-- Dumping data for table `matches`
--

INSERT INTO `matches` (`id`, `matchNumber`, `compID`, `lastUpdated`, `lastExported`) VALUES
(1, 1, 1, 1458309648, 0),
(2, 2, 1, 1458310336, 0),
(3, 3, 1, 1458311010, 0),
(4, 4, 1, 1458311493, 0),
(5, 5, 1, 1458312095, 0),
(6, 6, 1, 1458312557, 0),
(7, 7, 1, 1458313579, 0),
(8, 8, 1, 1458313807, 0),
(9, 9, 1, 1458314270, 0),
(10, 10, 1, 1458314698, 0),
(11, 11, 1, 1458315596, 0),
(12, 12, 1, 1458316297, 0),
(13, 13, 1, 1458316790, 0),
(14, 14, 1, 1458317190, 0),
(15, 15, 1, 1458317725, 0),
(16, 16, 1, 1458318131, 0),
(17, 17, 1, 1458318583, 0),
(18, 18, 1, 1458319359, 0),
(19, 19, 1, 1458319990, 0),
(20, 20, 1, 1458320420, 0),
(21, 21, 1, 1458320760, 0),
(22, 22, 1, 1458324198, 0),
(23, 23, 1, 1458324977, 0),
(24, 24, 1, 1458325389, 0),
(25, 25, 1, 1458325843, 0),
(26, 26, 1, 1458326314, 0),
(27, 27, 1, 1458326911, 0),
(28, 28, 1, 1458327411, 0),
(29, 29, 1, 1458327877, 0),
(30, 30, 1, 1458328282, 0),
(31, 31, 1, 1458328809, 0),
(32, 32, 1, 1458329248, 0),
(33, 33, 1, 1458329828, 0),
(34, 34, 1, 1458330435, 0),
(35, 35, 1, 1458330954, 0),
(36, 36, 1, 1458331399, 0),
(37, 37, 1, 1458331883, 0),
(38, 38, 1, 1458332404, 0),
(39, 39, 1, 1458332904, 0),
(40, 40, 1, 1458333410, 0),
(41, 41, 1, 1458333873, 0),
(42, 42, 1, 1458334365, 0),
(43, 43, 1, 1458335395, 0),
(44, 44, 1, 1458335719, 0),
(45, 45, 1, 1458336384, 0),
(46, 46, 1, 1458336795, 0),
(47, 47, 1, 1458337400, 0),
(48, 48, 1, 1458337839, 0),
(49, 49, 1, 1458338284, 0),
(50, 50, 1, 1458338744, 0),
(51, 51, 1, 1458396018, 0),
(52, 52, 1, 1458396370, 0),
(53, 53, 1, 1458396961, 0),
(54, 54, 1, 1458397474, 0),
(55, 55, 1, 1458397964, 0),
(56, 56, 1, 1458398649, 0),
(57, 57, 1, 1458399706, 0),
(58, 58, 1, 1458400033, 0),
(59, 59, 1, 1458400495, 0),
(60, 60, 1, 1458401130, 0),
(61, 61, 1, 1458414205, 0),
(62, 62, 1, 0, 0),
(63, 63, 1, 0, 0),
(64, 64, 1, 0, 0),
(65, 65, 1, 0, 0),
(66, 66, 1, 0, 0),
(67, 67, 1, 0, 0),
(68, 1, 2, 1459520068, 0),
(69, 2, 2, 1459520714, 0),
(70, 3, 2, 1459521325, 0),
(71, 4, 2, 1459521898, 0),
(72, 5, 2, 1459522468, 0),
(73, 6, 2, 1459522821, 0),
(74, 7, 2, 1459523404, 0),
(75, 8, 2, 1459523866, 0),
(76, 9, 2, 1459524209, 0),
(77, 10, 2, 1459524756, 0),
(78, 11, 2, 1459525282, 0),
(79, 12, 2, 1459525621, 0),
(80, 13, 2, 1459526026, 0),
(81, 14, 2, 1459526558, 0),
(82, 15, 2, 1459527007, 0),
(83, 16, 2, 1459527462, 0),
(84, 17, 2, 1459527908, 0),
(85, 18, 2, 1459528384, 0),
(86, 19, 2, 1459528942, 0),
(87, 20, 2, 1459529207, 0),
(88, 21, 2, 1459529747, 0),
(89, 22, 2, 1459530153, 0),
(90, 23, 2, 1459533829, 0),
(91, 24, 2, 1459534426, 0),
(92, 25, 2, 1459534881, 0),
(93, 26, 2, 1459535463, 0),
(94, 27, 2, 1459535776, 0),
(95, 28, 2, 1459536164, 0),
(96, 29, 2, 1459536531, 0),
(97, 30, 2, 1459537035, 0),
(98, 31, 2, 1459537441, 0),
(99, 32, 2, 1459537937, 0),
(100, 33, 2, 1459538289, 0),
(101, 34, 2, 1459539083, 0),
(102, 35, 2, 1459539389, 0),
(103, 36, 2, 1459539796, 0),
(104, 37, 2, 1459540202, 0),
(105, 38, 2, 1459540698, 0),
(106, 39, 2, 1459541311, 0),
(107, 40, 2, 1459541580, 0),
(108, 41, 2, 1459542102, 0),
(109, 42, 2, 1459542500, 0),
(110, 43, 2, 1459543014, 0),
(111, 44, 2, 1459543390, 0),
(112, 45, 2, 1459543744, 0),
(113, 46, 2, 1459544160, 0),
(114, 47, 2, 1459544593, 0),
(115, 48, 2, 1459544969, 0),
(116, 49, 2, 1459545422, 0),
(117, 50, 2, 1459545912, 0),
(118, 51, 2, 1459546272, 0),
(119, 52, 2, 1459546667, 0),
(120, 53, 2, 1459547154, 0),
(121, 54, 2, 1459547659, 0),
(122, 55, 2, 1459548029, 0),
(123, 56, 2, 1459548507, 0),
(124, 57, 2, 1459548794, 0),
(125, 58, 2, 1459549302, 0),
(126, 59, 2, 1459549663, 0),
(127, 60, 2, 1459550032, 0),
(128, 61, 2, 1459605791, 0),
(129, 62, 2, 1459606393, 0),
(130, 63, 2, 1459606848, 0),
(131, 64, 2, 1459607235, 0),
(132, 65, 2, 1459607623, 0),
(133, 66, 2, 1459607995, 0),
(134, 67, 2, 1459608433, 0),
(135, 68, 2, 1459608595, 0),
(136, 69, 2, 1459609510, 0),
(137, 70, 2, 1459609744, 0),
(138, 71, 2, 1459610114, 0),
(139, 72, 2, 1459610704, 0),
(140, 73, 2, 1459611045, 0),
(141, 74, 2, 1459611496, 0),
(142, 75, 2, 1459611931, 0),
(143, 76, 2, 1459612312, 0),
(144, 77, 2, 1459612717, 0),
(145, 78, 2, 0, 0),
(146, 79, 2, 0, 0),
(147, 80, 2, 0, 0),
(148, 81, 2, 0, 0),
(149, 82, 2, 0, 0),
(150, 83, 2, 0, 0),
(151, 84, 2, 0, 0),
(152, 85, 2, 0, 0),
(153, 86, 2, 0, 0),
(154, 87, 2, 0, 0);

-- --------------------------------------------------------

--
-- Table structure for table `matchfeeds`
--

CREATE TABLE IF NOT EXISTS `matchfeeds` (
  `id` int(11) NOT NULL AUTO_INCREMENT,
  `teamMatchID` int(11) NOT NULL,
  `orderID` int(11) NOT NULL,
  `mode` enum('tele','auto') NOT NULL,
  `zoneID` int(11) NOT NULL,
  PRIMARY KEY (`id`),
  KEY `teamMatchID` (`teamMatchID`),
  KEY `zoneID` (`zoneID`)
) ENGINE=InnoDB  DEFAULT CHARSET=latin1 AUTO_INCREMENT=1362 ;

--
-- Dumping data for table `matchfeeds`
--

INSERT INTO `matchfeeds` (`id`, `teamMatchID`, `orderID`, `mode`, `zoneID`) VALUES
(1, 1, 5, 'tele', 7),
(2, 5, 7, 'tele', 7),
(3, 12, 2, 'tele', 4),
(4, 7, 12, 'tele', 5),
(5, 7, 10, 'tele', 5),
(6, 7, 6, 'tele', 7),
(7, 7, 3, 'tele', 7),
(8, 10, 7, 'tele', 2),
(9, 10, 3, 'tele', 7),
(10, 8, 10, 'tele', 1),
(11, 8, 8, 'tele', 1),
(12, 8, 4, 'tele', 1),
(13, 8, 2, 'tele', 7),
(14, 15, 3, 'auto', 4),
(15, 18, 10, 'tele', 7),
(16, 18, 5, 'tele', 7),
(17, 17, 8, 'tele', 4),
(18, 17, 6, 'tele', 4),
(19, 17, 4, 'tele', 4),
(20, 17, 2, 'tele', 4),
(21, 16, 5, 'tele', 7),
(22, 14, 1, 'tele', 7),
(23, 13, 15, 'tele', 1),
(24, 13, 12, 'tele', 7),
(25, 13, 9, 'tele', 1),
(26, 13, 6, 'tele', 7),
(27, 13, 3, 'tele', 7),
(28, 20, 8, 'tele', 7),
(29, 20, 4, 'tele', 7),
(30, 21, 15, 'tele', 1),
(31, 21, 11, 'tele', 1),
(32, 21, 9, 'tele', 1),
(33, 21, 7, 'tele', 1),
(34, 21, 4, 'tele', 7),
(35, 19, 13, 'tele', 5),
(36, 19, 9, 'tele', 7),
(37, 19, 4, 'tele', 7),
(38, 22, 9, 'tele', 4),
(39, 22, 7, 'tele', 4),
(40, 22, 4, 'tele', 7),
(41, 24, 3, 'tele', 7),
(42, 29, 9, 'tele', 7),
(43, 29, 5, 'tele', 7),
(44, 29, 2, 'tele', 4),
(45, 27, 4, 'tele', 7),
(46, 28, 4, 'tele', 7),
(47, 25, 10, 'tele', 2),
(48, 25, 7, 'tele', 7),
(49, 25, 5, 'tele', 7),
(50, 33, 10, 'tele', 7),
(51, 33, 5, 'tele', 7),
(52, 33, 3, 'tele', 1),
(53, 35, 8, 'tele', 4),
(54, 35, 5, 'tele', 7),
(55, 32, 11, 'tele', 7),
(56, 32, 7, 'tele', 7),
(57, 32, 3, 'tele', 7),
(58, 31, 3, 'tele', 1),
(59, 42, 2, 'tele', 7),
(60, 40, 6, 'tele', 4),
(61, 41, 4, 'tele', 4),
(62, 38, 8, 'tele', 5),
(63, 38, 4, 'tele', 7),
(64, 44, 4, 'tele', 7),
(65, 47, 1, 'tele', 7),
(66, 43, 8, 'tele', 5),
(67, 43, 5, 'tele', 7),
(68, 43, 2, 'tele', 7),
(69, 48, 11, 'tele', 5),
(70, 48, 6, 'tele', 7),
(71, 45, 5, 'tele', 7),
(72, 45, 1, 'tele', 7),
(73, 49, 3, 'tele', 1),
(74, 52, 5, 'tele', 7),
(75, 50, 19, 'tele', 7),
(76, 50, 12, 'tele', 7),
(77, 50, 8, 'tele', 7),
(78, 50, 4, 'tele', 7),
(79, 56, 5, 'tele', 1),
(80, 56, 2, 'tele', 7),
(81, 60, 8, 'tele', 7),
(82, 60, 3, 'tele', 7),
(83, 57, 12, 'tele', 7),
(84, 57, 11, 'tele', 7),
(85, 57, 7, 'tele', 7),
(86, 57, 3, 'tele', 7),
(87, 58, 5, 'auto', 7),
(88, 55, 8, 'tele', 7),
(89, 55, 3, 'tele', 1),
(90, 62, 7, 'tele', 1),
(91, 64, 4, 'tele', 7),
(92, 61, 16, 'tele', 2),
(93, 61, 12, 'tele', 7),
(94, 61, 8, 'tele', 7),
(95, 61, 4, 'tele', 7),
(96, 65, 3, 'auto', 7),
(97, 71, 2, 'tele', 7),
(98, 68, 9, 'tele', 7),
(99, 67, 12, 'tele', 7),
(100, 67, 8, 'tele', 7),
(101, 67, 4, 'tele', 7),
(102, 67, 1, 'tele', 7),
(103, 70, 10, 'tele', 7),
(104, 70, 5, 'tele', 7),
(105, 70, 2, 'tele', 7),
(106, 73, 5, 'tele', 1),
(107, 73, 2, 'tele', 7),
(108, 75, 9, 'tele', 7),
(109, 78, 6, 'tele', 4),
(110, 78, 4, 'tele', 4),
(111, 78, 1, 'tele', 7),
(112, 77, 5, 'tele', 4),
(113, 77, 4, 'tele', 7),
(114, 74, 13, 'tele', 7),
(115, 74, 10, 'tele', 7),
(116, 74, 6, 'tele', 7),
(117, 74, 2, 'tele', 7),
(118, 83, 3, 'tele', 4),
(119, 79, 13, 'tele', 7),
(120, 79, 6, 'tele', 7),
(121, 79, 3, 'tele', 7),
(122, 80, 12, 'tele', 7),
(123, 80, 9, 'tele', 7),
(124, 80, 7, 'tele', 1),
(125, 80, 4, 'tele', 7),
(126, 80, 1, 'tele', 7),
(127, 81, 6, 'tele', 1),
(128, 81, 3, 'tele', 1),
(129, 90, 13, 'tele', 7),
(130, 90, 8, 'tele', 7),
(131, 90, 3, 'tele', 7),
(132, 90, 13, 'tele', 7),
(133, 90, 8, 'tele', 7),
(134, 90, 3, 'tele', 7),
(135, 89, 12, 'tele', 7),
(136, 89, 8, 'tele', 7),
(137, 89, 5, 'tele', 4),
(138, 89, 2, 'tele', 7),
(139, 88, 14, 'tele', 4),
(140, 88, 11, 'tele', 7),
(141, 88, 7, 'tele', 7),
(142, 88, 3, 'tele', 7),
(143, 85, 7, 'tele', 1),
(144, 85, 4, 'tele', 7),
(145, 86, 4, 'tele', 7),
(146, 95, 13, 'tele', 4),
(147, 95, 9, 'tele', 4),
(148, 95, 6, 'tele', 7),
(149, 95, 1, 'tele', 4),
(150, 96, 9, 'tele', 4),
(151, 96, 5, 'tele', 7),
(152, 96, 2, 'tele', 7),
(153, 91, 4, 'tele', 7),
(154, 92, 12, 'tele', 7),
(155, 92, 8, 'tele', 7),
(156, 92, 4, 'tele', 5),
(157, 92, 1, 'tele', 1),
(158, 97, 2, 'tele', 7),
(159, 98, 2, 'tele', 7),
(160, 102, 2, 'tele', 7),
(161, 99, 11, 'tele', 7),
(162, 99, 8, 'tele', 1),
(163, 99, 6, 'tele', 1),
(164, 99, 3, 'tele', 7),
(165, 106, 15, 'tele', 7),
(166, 106, 11, 'tele', 7),
(167, 106, 8, 'tele', 7),
(168, 106, 4, 'tele', 7),
(169, 103, 9, 'tele', 1),
(170, 103, 7, 'tele', 7),
(171, 105, 7, 'tele', 7),
(172, 105, 3, 'tele', 7),
(173, 110, 13, 'tele', 7),
(174, 110, 9, 'tele', 7),
(175, 110, 4, 'tele', 1),
(176, 114, 14, 'tele', 4),
(177, 114, 9, 'tele', 7),
(178, 114, 5, 'tele', 7),
(179, 109, 8, 'tele', 1),
(180, 109, 5, 'tele', 7),
(181, 113, 10, 'tele', 7),
(182, 113, 8, 'tele', 4),
(183, 113, 5, 'tele', 7),
(184, 115, 4, 'tele', 1),
(185, 115, 1, 'tele', 7),
(186, 118, 10, 'tele', 4),
(187, 118, 7, 'tele', 7),
(188, 118, 4, 'tele', 4),
(189, 118, 2, 'tele', 4),
(190, 121, 7, 'tele', 7),
(191, 121, 3, 'tele', 7),
(192, 122, 4, 'tele', 7),
(193, 125, 11, 'tele', 4),
(194, 125, 9, 'tele', 4),
(195, 125, 4, 'tele', 4),
(196, 125, 2, 'tele', 4),
(197, 123, 3, 'tele', 7),
(198, 124, 8, 'tele', 7),
(199, 124, 4, 'tele', 7),
(200, 127, 12, 'tele', 2),
(201, 127, 9, 'tele', 7),
(202, 127, 5, 'tele', 7),
(203, 127, 2, 'tele', 7),
(204, 132, 7, 'tele', 2),
(205, 132, 3, 'tele', 7),
(206, 130, 12, 'tele', 2),
(207, 130, 8, 'tele', 7),
(208, 130, 5, 'tele', 4),
(209, 130, 3, 'tele', 4),
(210, 130, 1, 'tele', 7),
(211, 128, 9, 'tele', 1),
(212, 128, 6, 'tele', 7),
(213, 128, 2, 'tele', 7),
(214, 129, 11, 'tele', 1),
(215, 129, 6, 'tele', 7),
(216, 129, 2, 'tele', 7),
(217, 137, 12, 'tele', 7),
(218, 137, 11, 'tele', 7),
(219, 137, 7, 'tele', 4),
(220, 137, 4, 'tele', 7),
(221, 133, 9, 'tele', 1),
(222, 133, 4, 'tele', 7),
(223, 138, 13, 'tele', 7),
(224, 138, 10, 'tele', 7),
(225, 140, 11, 'tele', 7),
(226, 140, 8, 'tele', 7),
(227, 140, 4, 'tele', 7),
(228, 142, 12, 'tele', 7),
(229, 142, 10, 'tele', 5),
(230, 142, 8, 'tele', 4),
(231, 142, 6, 'tele', 4),
(232, 142, 3, 'tele', 7),
(233, 139, 9, 'tele', 7),
(234, 139, 3, 'tele', 7),
(235, 143, 8, 'tele', 4),
(236, 143, 3, 'tele', 7),
(237, 145, 14, 'tele', 7),
(238, 145, 8, 'tele', 7),
(239, 145, 4, 'tele', 7),
(240, 146, 7, 'tele', 7),
(241, 146, 4, 'tele', 1),
(242, 146, 2, 'tele', 1),
(243, 148, 11, 'auto', 7),
(244, 148, 10, 'tele', 1),
(245, 148, 9, 'tele', 1),
(246, 155, 12, 'tele', 7),
(247, 155, 8, 'tele', 7),
(248, 155, 2, 'tele', 7),
(249, 156, 6, 'tele', 4),
(250, 158, 3, 'tele', 1),
(251, 160, 1, 'tele', 7),
(252, 162, 7, 'tele', 7),
(253, 162, 3, 'tele', 7),
(254, 157, 2, 'tele', 7),
(255, 159, 2, 'tele', 7),
(256, 161, 1, 'tele', 4),
(257, 168, 6, 'tele', 7),
(258, 166, 7, 'tele', 4),
(259, 166, 5, 'tele', 4),
(260, 166, 3, 'tele', 7),
(261, 163, 10, 'tele', 1),
(262, 163, 8, 'tele', 1),
(263, 163, 6, 'tele', 1),
(264, 163, 3, 'tele', 7),
(265, 167, 11, 'tele', 7),
(266, 167, 7, 'tele', 7),
(267, 167, 4, 'tele', 4),
(268, 167, 2, 'tele', 4),
(269, 173, 5, 'tele', 4),
(270, 173, 3, 'tele', 4),
(271, 174, 4, 'tele', 7),
(272, 170, 15, 'tele', 7),
(273, 170, 12, 'tele', 7),
(274, 170, 8, 'tele', 7),
(275, 170, 6, 'tele', 7),
(276, 170, 3, 'tele', 7),
(277, 172, 9, 'tele', 1),
(278, 180, 7, 'tele', 7),
(279, 180, 3, 'tele', 7),
(280, 178, 6, 'tele', 7),
(281, 179, 15, 'tele', 7),
(282, 179, 11, 'tele', 7),
(283, 179, 7, 'tele', 7),
(284, 179, 6, 'tele', 7),
(285, 175, 6, 'tele', 7),
(286, 177, 3, 'tele', 5),
(287, 185, 16, 'tele', 4),
(288, 185, 13, 'tele', 2),
(289, 185, 9, 'tele', 7),
(290, 185, 6, 'tele', 7),
(291, 185, 2, 'tele', 7),
(292, 181, 10, 'tele', 7),
(293, 181, 6, 'tele', 7),
(294, 181, 2, 'tele', 7),
(295, 182, 14, 'tele', 7),
(296, 182, 10, 'tele', 7),
(297, 182, 7, 'tele', 1),
(298, 182, 4, 'tele', 7),
(299, 184, 11, 'tele', 7),
(300, 189, 14, 'tele', 7),
(301, 189, 8, 'tele', 7),
(302, 189, 4, 'tele', 7),
(303, 187, 3, 'tele', 5),
(304, 194, 7, 'tele', 1),
(305, 195, 3, 'auto', 7),
(306, 197, 7, 'tele', 7),
(307, 197, 3, 'tele', 7),
(308, 204, 13, 'auto', 7),
(309, 204, 10, 'tele', 2),
(310, 204, 6, 'tele', 7),
(311, 200, 7, 'tele', 6),
(312, 200, 4, 'tele', 6),
(313, 201, 10, 'tele', 1),
(314, 201, 8, 'tele', 2),
(315, 201, 7, 'tele', 1),
(316, 201, 5, 'tele', 7),
(317, 201, 2, 'tele', 7),
(318, 199, 11, 'tele', 2),
(319, 199, 9, 'tele', 1),
(320, 199, 6, 'tele', 7),
(321, 199, 4, 'tele', 2),
(322, 199, 2, 'tele', 2),
(323, 206, 7, 'tele', 7),
(324, 206, 3, 'tele', 7),
(325, 207, 15, 'tele', 7),
(326, 207, 11, 'tele', 7),
(327, 207, 8, 'tele', 1),
(328, 207, 6, 'tele', 1),
(329, 207, 3, 'tele', 7),
(330, 209, 12, 'tele', 4),
(331, 209, 6, 'tele', 7),
(332, 209, 2, 'tele', 7),
(333, 205, 5, 'tele', 7),
(334, 216, 4, 'tele', 7),
(335, 211, 12, 'tele', 1),
(336, 211, 9, 'tele', 7),
(337, 211, 6, 'tele', 1),
(338, 211, 3, 'tele', 7),
(339, 212, 5, 'tele', 7),
(340, 213, 13, 'tele', 2),
(341, 213, 11, 'tele', 1),
(342, 213, 9, 'tele', 3),
(343, 215, 12, 'auto', 4),
(344, 215, 9, 'tele', 7),
(345, 221, 1, 'tele', 7),
(346, 220, 8, 'tele', 4),
(347, 220, 7, 'tele', 7),
(348, 220, 4, 'tele', 7),
(349, 222, 12, 'tele', 5),
(350, 222, 6, 'tele', 7),
(351, 222, 2, 'tele', 7),
(352, 218, 4, 'tele', 1),
(353, 218, 1, 'tele', 7),
(354, 226, 10, 'tele', 5),
(355, 226, 8, 'tele', 5),
(356, 226, 6, 'tele', 4),
(357, 226, 3, 'tele', 7),
(358, 224, 4, 'auto', 1),
(359, 228, 9, 'tele', 7),
(360, 228, 6, 'tele', 7),
(361, 227, 12, 'tele', 2),
(362, 227, 8, 'tele', 7),
(363, 227, 4, 'tele', 7),
(364, 227, 1, 'tele', 4),
(365, 225, 8, 'tele', 7),
(366, 229, 9, 'tele', 1),
(367, 229, 7, 'tele', 1),
(368, 229, 5, 'tele', 1),
(369, 229, 3, 'tele', 1),
(370, 229, 1, 'tele', 1),
(371, 231, 8, 'tele', 2),
(372, 230, 11, 'tele', 7),
(373, 230, 7, 'tele', 7),
(374, 230, 3, 'tele', 7),
(375, 235, 9, 'tele', 1),
(376, 235, 6, 'tele', 7),
(377, 235, 2, 'tele', 7),
(378, 236, 3, 'tele', 7),
(379, 236, 1, 'tele', 1),
(380, 240, 12, 'tele', 7),
(381, 240, 9, 'tele', 7),
(382, 240, 7, 'tele', 7),
(383, 240, 3, 'tele', 7),
(384, 237, 9, 'tele', 2),
(385, 239, 6, 'tele', 4),
(386, 239, 3, 'tele', 7),
(387, 241, 15, 'tele', 7),
(388, 241, 10, 'tele', 1),
(389, 241, 8, 'tele', 1),
(390, 241, 3, 'tele', 1),
(391, 243, 9, 'tele', 7),
(392, 243, 6, 'tele', 1),
(393, 245, 8, 'tele', 7),
(394, 246, 14, 'tele', 7),
(395, 246, 11, 'tele', 4),
(396, 246, 9, 'tele', 4),
(397, 246, 6, 'tele', 7),
(398, 246, 2, 'tele', 7),
(399, 244, 13, 'tele', 7),
(400, 244, 10, 'tele', 4),
(401, 244, 7, 'tele', 2),
(402, 244, 4, 'tele', 4),
(403, 244, 2, 'tele', 4),
(404, 251, 11, 'auto', 4),
(405, 251, 8, 'tele', 3),
(406, 252, 13, 'tele', 4),
(407, 252, 10, 'tele', 7),
(408, 252, 6, 'tele', 7),
(409, 252, 2, 'tele', 7),
(410, 247, 7, 'tele', 7),
(411, 247, 3, 'tele', 7),
(412, 248, 4, 'tele', 7),
(413, 257, 6, 'tele', 4),
(414, 257, 4, 'tele', 7),
(415, 257, 1, 'tele', 4),
(416, 253, 8, 'tele', 1),
(417, 253, 2, 'tele', 7),
(418, 262, 12, 'tele', 7),
(419, 262, 9, 'tele', 4),
(420, 262, 7, 'tele', 4),
(421, 262, 4, 'tele', 7),
(422, 262, 1, 'tele', 4),
(423, 260, 14, 'tele', 7),
(424, 260, 10, 'tele', 7),
(425, 260, 7, 'tele', 1),
(426, 260, 5, 'tele', 1),
(427, 260, 2, 'tele', 7),
(428, 261, 15, 'tele', 2),
(429, 261, 11, 'tele', 7),
(430, 261, 7, 'tele', 7),
(431, 261, 3, 'tele', 7),
(432, 264, 8, 'tele', 7),
(433, 267, 17, 'tele', 2),
(434, 267, 15, 'tele', 2),
(435, 267, 12, 'tele', 7),
(436, 267, 9, 'tele', 1),
(437, 267, 6, 'tele', 7),
(438, 267, 3, 'tele', 1),
(439, 266, 13, 'tele', 1),
(440, 266, 10, 'tele', 7),
(441, 266, 7, 'tele', 1),
(442, 266, 4, 'tele', 7),
(443, 270, 11, 'tele', 7),
(444, 270, 4, 'tele', 4),
(445, 270, 1, 'tele', 7),
(446, 265, 6, 'tele', 7),
(447, 268, 9, 'tele', 7),
(448, 268, 5, 'tele', 7),
(449, 268, 2, 'tele', 7),
(450, 273, 4, 'tele', 7),
(451, 273, 2, 'tele', 7),
(452, 272, 5, 'tele', 7),
(453, 276, 7, 'tele', 7),
(454, 276, 5, 'tele', 4),
(455, 275, 15, 'tele', 7),
(456, 275, 11, 'tele', 7),
(457, 275, 7, 'tele', 7),
(458, 275, 3, 'tele', 7),
(459, 274, 7, 'tele', 4),
(460, 280, 6, 'tele', 7),
(461, 280, 2, 'tele', 7),
(462, 278, 10, 'tele', 1),
(463, 278, 2, 'tele', 7),
(464, 281, 14, 'tele', 7),
(465, 281, 11, 'tele', 4),
(466, 281, 8, 'tele', 7),
(467, 281, 4, 'tele', 7),
(468, 277, 11, 'tele', 1),
(469, 277, 8, 'tele', 1),
(470, 287, 9, 'tele', 7),
(471, 287, 6, 'tele', 4),
(472, 285, 4, 'tele', 1),
(473, 288, 14, 'tele', 7),
(474, 288, 10, 'tele', 7),
(475, 288, 6, 'tele', 7),
(476, 288, 2, 'tele', 7),
(477, 293, 3, 'tele', 7),
(478, 294, 7, 'tele', 5),
(479, 294, 4, 'tele', 4),
(480, 294, 2, 'tele', 7),
(481, 289, 4, 'tele', 1),
(482, 289, 1, 'tele', 7),
(483, 291, 3, 'tele', 7),
(484, 300, 10, 'tele', 5),
(485, 300, 8, 'tele', 4),
(486, 300, 3, 'tele', 7),
(487, 298, 15, 'tele', 7),
(488, 298, 11, 'tele', 7),
(489, 298, 4, 'tele', 7),
(490, 297, 7, 'tele', 7),
(491, 295, 4, 'tele', 1),
(492, 295, 2, 'tele', 7),
(493, 306, 14, 'tele', 7),
(494, 306, 10, 'tele', 7),
(495, 306, 2, 'tele', 7),
(496, 301, 9, 'tele', 2),
(497, 301, 3, 'tele', 7),
(498, 301, 1, 'tele', 1),
(499, 303, 2, 'tele', 7),
(500, 304, 9, 'tele', 7),
(501, 304, 6, 'tele', 4),
(502, 304, 3, 'tele', 5),
(503, 304, 2, 'tele', 1),
(504, 304, 1, 'auto', 1),
(505, 312, 6, 'tele', 7),
(506, 312, 2, 'tele', 7),
(507, 310, 12, 'tele', 2),
(508, 310, 8, 'tele', 7),
(509, 310, 3, 'tele', 4),
(510, 310, 1, 'tele', 4),
(511, 311, 12, 'tele', 4),
(512, 311, 9, 'tele', 2),
(513, 311, 6, 'tele', 7),
(514, 311, 2, 'tele', 7),
(515, 308, 13, 'tele', 7),
(516, 308, 10, 'tele', 2),
(517, 308, 7, 'tele', 7),
(518, 308, 3, 'tele', 7),
(519, 313, 15, 'tele', 7),
(520, 313, 12, 'tele', 7),
(521, 313, 8, 'tele', 5),
(522, 313, 4, 'tele', 7),
(523, 316, 8, 'tele', 7),
(524, 317, 7, 'tele', 4),
(525, 317, 4, 'tele', 7),
(526, 317, 3, 'tele', 7),
(527, 314, 10, 'tele', 7),
(528, 314, 6, 'tele', 7),
(529, 322, 9, 'tele', 4),
(530, 322, 6, 'tele', 2),
(531, 324, 6, 'tele', 7),
(532, 321, 8, 'tele', 7),
(533, 320, 3, 'tele', 7),
(534, 323, 4, 'tele', 7),
(535, 329, 16, 'tele', 7),
(536, 329, 12, 'tele', 7),
(537, 329, 8, 'tele', 7),
(538, 329, 4, 'tele', 7),
(539, 330, 8, 'tele', 7),
(540, 325, 15, 'tele', 1),
(541, 325, 13, 'tele', 2),
(542, 325, 11, 'tele', 1),
(543, 325, 9, 'tele', 1),
(544, 325, 7, 'tele', 1),
(545, 325, 4, 'tele', 7),
(546, 325, 1, 'tele', 7),
(547, 328, 17, 'tele', 4),
(548, 328, 15, 'tele', 4),
(549, 328, 13, 'tele', 4),
(550, 328, 8, 'tele', 7),
(551, 328, 4, 'tele', 7),
(552, 327, 8, 'tele', 7),
(553, 334, 5, 'tele', 7),
(554, 334, 2, 'tele', 7),
(555, 333, 14, 'tele', 1),
(556, 333, 11, 'tele', 7),
(557, 333, 7, 'tele', 7),
(558, 333, 3, 'tele', 1),
(559, 336, 5, 'tele', 4),
(560, 336, 2, 'tele', 7),
(561, 331, 11, 'tele', 7),
(562, 331, 6, 'tele', 7),
(563, 331, 2, 'tele', 7),
(564, 332, 15, 'tele', 1),
(565, 332, 12, 'tele', 7),
(566, 332, 8, 'tele', 7),
(567, 332, 5, 'tele', 1),
(568, 332, 2, 'tele', 7),
(569, 335, 8, 'tele', 7),
(570, 335, 5, 'tele', 7),
(571, 338, 3, 'tele', 1),
(572, 342, 12, 'tele', 4),
(573, 342, 9, 'tele', 7),
(574, 342, 4, 'tele', 7),
(575, 342, 1, 'tele', 7),
(576, 339, 8, 'tele', 7),
(577, 339, 4, 'tele', 7),
(578, 337, 5, 'tele', 7),
(579, 337, 2, 'tele', 1),
(580, 344, 1, 'tele', 7),
(581, 348, 6, 'tele', 4),
(582, 348, 4, 'tele', 5),
(583, 348, 2, 'tele', 4),
(584, 347, 9, 'tele', 4),
(585, 347, 4, 'tele', 7),
(586, 353, 8, 'tele', 7),
(587, 351, 3, 'tele', 7),
(588, 354, 14, 'tele', 5),
(589, 354, 12, 'tele', 4),
(590, 354, 9, 'tele', 7),
(591, 354, 5, 'tele', 7),
(592, 354, 2, 'tele', 4),
(593, 349, 4, 'tele', 7),
(594, 357, 10, 'tele', 7),
(595, 360, 6, 'tele', 4),
(596, 360, 2, 'tele', 7),
(597, 359, 16, 'tele', 5),
(598, 359, 14, 'tele', 4),
(599, 359, 11, 'tele', 7),
(600, 359, 7, 'tele', 2),
(601, 359, 3, 'tele', 7),
(602, 358, 15, 'tele', 2),
(603, 358, 8, 'tele', 7),
(604, 358, 4, 'tele', 7),
(605, 490, 12, 'tele', 1),
(606, 490, 6, 'tele', 7),
(607, 490, 2, 'tele', 7),
(608, 664, 10, 'tele', 7),
(609, 664, 7, 'tele', 5),
(610, 577, 9, 'tele', 7),
(611, 577, 6, 'tele', 7),
(628, 665, 1, 'tele', 7),
(629, 491, 4, 'tele', 7),
(630, 491, 4, 'tele', 7),
(631, 839, 3, 'tele', 7),
(632, 578, 16, 'tele', 1),
(633, 578, 13, 'tele', 7),
(634, 578, 9, 'tele', 7),
(635, 578, 5, 'tele', 7),
(636, 578, 2, 'tele', 1),
(637, 752, 4, 'auto', 7),
(638, 840, 4, 'tele', 4),
(639, 579, 13, 'tele', 7),
(640, 579, 11, 'tele', 7),
(641, 579, 4, 'tele', 1),
(642, 405, 5, 'tele', 2),
(643, 405, 1, 'tele', 7),
(644, 492, 14, 'tele', 2),
(645, 492, 12, 'tele', 1),
(646, 492, 10, 'tele', 1),
(647, 492, 7, 'tele', 7),
(648, 492, 5, 'tele', 7),
(649, 493, 4, 'tele', 7),
(650, 580, 7, 'tele', 2),
(651, 668, 15, 'tele', 4),
(652, 668, 13, 'tele', 4),
(653, 668, 11, 'tele', 7),
(654, 668, 7, 'tele', 7),
(655, 668, 3, 'tele', 7),
(656, 755, 12, 'tele', 7),
(657, 755, 7, 'tele', 7),
(658, 842, 12, 'tele', 7),
(659, 842, 8, 'tele', 7),
(660, 842, 2, 'tele', 7),
(661, 408, 15, 'tele', 1),
(662, 408, 13, 'tele', 1),
(663, 408, 10, 'tele', 5),
(664, 408, 6, 'tele', 7),
(665, 408, 2, 'tele', 7),
(666, 756, 3, 'tele', 7),
(667, 583, 13, 'tele', 7),
(668, 583, 9, 'tele', 7),
(669, 583, 3, 'tele', 7),
(670, 757, 13, 'auto', 4),
(671, 757, 10, 'auto', 7),
(672, 757, 7, 'auto', 4),
(673, 757, 4, 'auto', 7),
(674, 496, 7, 'tele', 5),
(675, 409, 6, 'tele', 7),
(676, 409, 2, 'tele', 7),
(677, 844, 13, 'tele', 5),
(678, 844, 11, 'tele', 5),
(679, 844, 9, 'tele', 5),
(680, 844, 6, 'tele', 7),
(681, 844, 2, 'tele', 7),
(682, 670, 12, 'tele', 7),
(683, 670, 9, 'tele', 7),
(684, 670, 5, 'tele', 7),
(685, 670, 1, 'tele', 7),
(686, 845, 14, 'tele', 7),
(687, 845, 10, 'tele', 7),
(688, 845, 7, 'tele', 7),
(689, 845, 3, 'tele', 7),
(690, 410, 9, 'tele', 2),
(691, 410, 6, 'tele', 7),
(692, 497, 8, 'tele', 1),
(693, 497, 6, 'tele', 1),
(694, 497, 3, 'tele', 7),
(695, 584, 17, 'tele', 2),
(696, 584, 15, 'tele', 1),
(697, 584, 12, 'tele', 7),
(698, 584, 7, 'tele', 1),
(699, 584, 2, 'tele', 7),
(700, 758, 8, 'tele', 5),
(701, 759, 1, 'tele', 4),
(702, 846, 1, 'tele', 7),
(703, 411, 6, 'tele', 1),
(704, 585, 10, 'tele', 1),
(705, 585, 7, 'tele', 7),
(706, 585, 3, 'tele', 7),
(707, 412, 15, 'tele', 2),
(708, 412, 13, 'tele', 2),
(709, 412, 11, 'tele', 2),
(710, 412, 8, 'tele', 7),
(711, 412, 4, 'tele', 7),
(712, 673, 14, 'tele', 5),
(713, 673, 3, 'tele', 7),
(714, 586, 13, 'tele', 7),
(715, 586, 10, 'tele', 7),
(716, 586, 7, 'tele', 7),
(717, 586, 3, 'tele', 7),
(718, 499, 12, 'tele', 1),
(719, 499, 8, 'tele', 7),
(720, 499, 6, 'tele', 1),
(721, 499, 4, 'tele', 2),
(722, 499, 1, 'tele', 7),
(723, 587, 4, 'tele', 7),
(724, 500, 12, 'tele', 7),
(725, 500, 9, 'tele', 7),
(726, 500, 5, 'tele', 5),
(727, 500, 2, 'tele', 7),
(728, 848, 14, 'tele', 7),
(729, 848, 10, 'tele', 7),
(730, 848, 4, 'tele', 7),
(731, 761, 12, 'tele', 4),
(732, 761, 10, 'tele', 7),
(733, 761, 6, 'tele', 7),
(734, 761, 1, 'tele', 7),
(735, 501, 5, 'tele', 1),
(736, 501, 4, 'tele', 1),
(737, 501, 1, 'tele', 1),
(738, 675, 3, 'tele', 7),
(739, 502, 7, 'tele', 2),
(740, 502, 5, 'tele', 1),
(741, 502, 3, 'tele', 7),
(742, 415, 11, 'tele', 5),
(743, 415, 8, 'tele', 1),
(744, 415, 5, 'tele', 7),
(745, 415, 2, 'tele', 1),
(746, 850, 10, 'tele', 4),
(747, 850, 7, 'tele', 7),
(748, 850, 4, 'tele', 4),
(749, 850, 2, 'tele', 4),
(750, 676, 8, 'tele', 7),
(751, 676, 5, 'tele', 7),
(752, 763, 12, 'tele', 7),
(753, 763, 8, 'tele', 7),
(754, 763, 2, 'tele', 4),
(755, 590, 3, 'tele', 2),
(756, 416, 20, 'tele', 7),
(757, 416, 17, 'tele', 1),
(758, 416, 15, 'tele', 7),
(759, 416, 11, 'tele', 1),
(760, 416, 6, 'tele', 7),
(761, 416, 2, 'tele', 7),
(762, 851, 8, 'auto', 4),
(763, 851, 2, 'auto', 7),
(764, 503, 16, 'tele', 1),
(765, 503, 13, 'tele', 7),
(766, 503, 10, 'tele', 7),
(767, 503, 6, 'tele', 7),
(768, 503, 2, 'tele', 7),
(769, 764, 16, 'tele', 4),
(770, 764, 13, 'tele', 7),
(771, 764, 8, 'tele', 4),
(772, 764, 4, 'tele', 4),
(773, 591, 5, 'tele', 1),
(774, 591, 2, 'tele', 7),
(775, 417, 4, 'tele', 7),
(776, 678, 3, 'tele', 7),
(777, 765, 3, 'tele', 4),
(778, 765, 2, 'tele', 4),
(779, 418, 8, 'tele', 1),
(780, 418, 3, 'tele', 7),
(781, 853, 15, 'tele', 7),
(782, 853, 11, 'tele', 7),
(783, 853, 7, 'tele', 7),
(784, 853, 3, 'tele', 7),
(785, 766, 13, 'tele', 7),
(786, 766, 9, 'tele', 7),
(787, 766, 5, 'tele', 7),
(788, 766, 1, 'tele', 4),
(789, 854, 7, 'tele', 7),
(790, 854, 3, 'tele', 7),
(791, 767, 1, 'tele', 1),
(792, 680, 16, 'tele', 5),
(793, 680, 13, 'tele', 7),
(794, 680, 9, 'tele', 7),
(795, 680, 6, 'tele', 4),
(796, 680, 3, 'tele', 7),
(797, 507, 13, 'tele', 2),
(798, 507, 11, 'tele', 1),
(799, 507, 9, 'tele', 1),
(800, 507, 6, 'tele', 7),
(801, 507, 2, 'tele', 7),
(802, 594, 3, 'tele', 7),
(803, 420, 15, 'tele', 7),
(804, 420, 10, 'tele', 1),
(805, 420, 7, 'tele', 7),
(806, 420, 4, 'tele', 1),
(807, 421, 13, 'tele', 1),
(808, 421, 7, 'tele', 7),
(809, 421, 2, 'tele', 7),
(810, 682, 9, 'tele', 4),
(811, 682, 7, 'tele', 4),
(812, 682, 4, 'tele', 7),
(813, 595, 8, 'tele', 7),
(814, 595, 6, 'tele', 1),
(815, 595, 1, 'tele', 7),
(816, 769, 14, 'tele', 7),
(817, 769, 11, 'tele', 4),
(818, 769, 9, 'tele', 4),
(819, 769, 6, 'tele', 7),
(820, 508, 14, 'auto', 1),
(821, 508, 13, 'tele', 1),
(822, 508, 10, 'tele', 7),
(823, 508, 7, 'tele', 7),
(824, 508, 3, 'tele', 7),
(825, 509, 5, 'tele', 1),
(826, 509, 3, 'tele', 1),
(827, 509, 1, 'tele', 1),
(828, 422, 2, 'tele', 7),
(829, 770, 11, 'tele', 5),
(830, 770, 6, 'tele', 7),
(831, 770, 2, 'tele', 7),
(832, 771, 3, 'tele', 7),
(833, 597, 2, 'tele', 7),
(834, 424, 15, 'tele', 5),
(835, 424, 8, 'tele', 1),
(836, 424, 5, 'tele', 7),
(837, 598, 9, 'tele', 1),
(838, 598, 7, 'tele', 1),
(839, 598, 1, 'tele', 7),
(840, 772, 5, 'tele', 7),
(841, 512, 15, 'tele', 5),
(842, 512, 11, 'tele', 7),
(843, 512, 7, 'tele', 7),
(844, 512, 3, 'tele', 7),
(845, 860, 4, 'tele', 7),
(846, 687, 9, 'tele', 7),
(847, 600, 7, 'tele', 1),
(848, 600, 5, 'tele', 1),
(849, 600, 2, 'tele', 7),
(850, 774, 13, 'tele', 7),
(851, 774, 10, 'tele', 4),
(852, 774, 7, 'tele', 7),
(853, 774, 4, 'tele', 4),
(854, 774, 2, 'tele', 7),
(855, 513, 14, 'tele', 1),
(856, 513, 11, 'tele', 7),
(857, 513, 7, 'tele', 7),
(858, 513, 2, 'tele', 7),
(859, 688, 17, 'auto', 7),
(860, 688, 15, 'auto', 4),
(861, 688, 11, 'auto', 7),
(862, 688, 8, 'auto', 7),
(863, 688, 7, 'auto', 7),
(864, 688, 3, 'auto', 7),
(865, 862, 3, 'tele', 4),
(866, 601, 11, 'tele', 7),
(867, 776, 7, 'auto', 7),
(868, 776, 4, 'auto', 7),
(869, 428, 11, 'tele', 7),
(870, 428, 8, 'tele', 1),
(871, 428, 5, 'tele', 7),
(872, 428, 2, 'tele', 1),
(873, 689, 9, 'tele', 1),
(874, 689, 7, 'tele', 4),
(875, 689, 3, 'tele', 4),
(876, 863, 10, 'tele', 7),
(877, 863, 4, 'tele', 7),
(878, 602, 13, 'tele', 7),
(879, 602, 9, 'tele', 7),
(880, 602, 8, 'tele', 1),
(881, 602, 6, 'tele', 7),
(882, 602, 2, 'tele', 7),
(883, 429, 16, 'tele', 7),
(884, 429, 12, 'tele', 7),
(885, 429, 8, 'tele', 7),
(886, 429, 5, 'tele', 1),
(887, 429, 2, 'tele', 7),
(888, 516, 15, 'tele', 7),
(889, 516, 11, 'tele', 7),
(890, 516, 7, 'tele', 7),
(891, 516, 3, 'tele', 7),
(892, 777, 7, 'tele', 7),
(893, 777, 3, 'tele', 7),
(894, 778, 6, 'tele', 7),
(895, 778, 1, 'tele', 4),
(896, 865, 12, 'tele', 4),
(897, 865, 9, 'tele', 7),
(898, 865, 5, 'tele', 7),
(899, 430, 7, 'tele', 7),
(900, 430, 3, 'tele', 7),
(901, 517, 6, 'tele', 1),
(902, 691, 6, 'tele', 4),
(903, 691, 2, 'tele', 4),
(904, 604, 14, 'tele', 1),
(905, 604, 12, 'tele', 2),
(906, 604, 9, 'tele', 7),
(907, 604, 5, 'tele', 7),
(908, 604, 1, 'tele', 7),
(909, 779, 11, 'tele', 7),
(910, 779, 8, 'tele', 4),
(911, 866, 9, 'tele', 7),
(912, 866, 6, 'tele', 4),
(913, 866, 3, 'tele', 5),
(914, 606, 3, 'tele', 7),
(915, 867, 15, 'tele', 5),
(916, 867, 13, 'tele', 4),
(917, 867, 10, 'tele', 5),
(918, 867, 7, 'tele', 7),
(919, 867, 3, 'tele', 7),
(920, 780, 11, 'tele', 5),
(921, 780, 9, 'tele', 5),
(922, 780, 6, 'tele', 7),
(923, 780, 2, 'tele', 7),
(924, 868, 4, 'tele', 7),
(925, 694, 13, 'tele', 4),
(926, 694, 11, 'tele', 7),
(927, 694, 4, 'tele', 4),
(928, 434, 10, 'tele', 1),
(929, 434, 5, 'tele', 7),
(930, 434, 2, 'tele', 1),
(931, 521, 11, 'tele', 1),
(932, 869, 10, 'auto', 4),
(933, 869, 8, 'tele', 4),
(934, 869, 6, 'tele', 4),
(935, 869, 3, 'tele', 7),
(936, 869, 2, 'tele', 7),
(937, 608, 7, 'tele', 1),
(938, 608, 5, 'tele', 1),
(939, 608, 3, 'tele', 7),
(940, 695, 4, 'tele', 7),
(941, 609, 8, 'tele', 1),
(942, 609, 6, 'tele', 1),
(943, 783, 13, 'tele', 7),
(944, 783, 9, 'tele', 7),
(945, 783, 5, 'tele', 7),
(946, 870, 6, 'tele', 4),
(947, 870, 4, 'tele', 7),
(948, 870, 2, 'tele', 4),
(949, 522, 7, 'tele', 1),
(950, 522, 6, 'tele', 1),
(951, 522, 4, 'tele', 1),
(952, 522, 2, 'tele', 1),
(953, 435, 4, 'tele', 7),
(954, 610, 3, 'tele', 7),
(955, 697, 12, 'tele', 7),
(956, 697, 9, 'tele', 4),
(957, 697, 4, 'tele', 4),
(958, 784, 3, 'tele', 7),
(959, 785, 1, 'tele', 5),
(960, 611, 3, 'tele', 7),
(961, 872, 11, 'tele', 7),
(962, 872, 7, 'tele', 7),
(963, 872, 3, 'tele', 7),
(964, 873, 13, 'tele', 7),
(965, 873, 10, 'tele', 4),
(966, 525, 9, 'tele', 5),
(967, 612, 15, 'tele', 1),
(968, 612, 13, 'tele', 1),
(969, 612, 11, 'tele', 7),
(970, 612, 7, 'tele', 5),
(971, 612, 4, 'tele', 1),
(972, 612, 2, 'tele', 1),
(973, 699, 14, 'tele', 7),
(974, 699, 10, 'tele', 7),
(975, 699, 6, 'tele', 7),
(976, 699, 3, 'tele', 4),
(977, 786, 4, 'tele', 4),
(978, 786, 2, 'tele', 4),
(979, 787, 1, 'tele', 4),
(980, 439, 14, 'tele', 1),
(981, 439, 11, 'tele', 7),
(982, 439, 7, 'tele', 7),
(983, 439, 3, 'tele', 7),
(984, 526, 11, 'tele', 1),
(985, 526, 5, 'tele', 7),
(986, 874, 3, 'tele', 7),
(987, 701, 16, 'tele', 4),
(988, 701, 9, 'tele', 7),
(989, 701, 5, 'tele', 7),
(990, 440, 14, 'tele', 7),
(991, 440, 9, 'tele', 7),
(992, 875, 10, 'tele', 4),
(993, 875, 8, 'tele', 5),
(994, 875, 6, 'tele', 5),
(995, 875, 4, 'tele', 4),
(996, 875, 2, 'tele', 7),
(997, 527, 10, 'tele', 7),
(998, 527, 9, 'tele', 7),
(999, 527, 5, 'tele', 7),
(1000, 528, 15, 'tele', 2),
(1001, 528, 13, 'tele', 2),
(1002, 528, 10, 'tele', 7),
(1003, 528, 7, 'tele', 2),
(1004, 528, 5, 'tele', 2),
(1005, 528, 2, 'tele', 7),
(1006, 876, 14, 'tele', 7),
(1007, 876, 9, 'tele', 7),
(1008, 876, 6, 'tele', 7),
(1009, 876, 3, 'tele', 4),
(1010, 615, 8, 'tele', 7),
(1011, 615, 1, 'tele', 7),
(1012, 702, 8, 'tele', 4),
(1013, 702, 5, 'tele', 7),
(1014, 702, 2, 'tele', 7),
(1015, 616, 8, 'tele', 7),
(1016, 616, 5, 'tele', 1),
(1017, 616, 1, 'tele', 1),
(1018, 790, 3, 'tele', 7),
(1019, 442, 5, 'tele', 1),
(1020, 529, 4, 'tele', 7),
(1021, 877, 2, 'tele', 5),
(1022, 878, 8, 'tele', 7),
(1023, 878, 5, 'tele', 7),
(1024, 878, 3, 'tele', 7),
(1025, 617, 2, 'tele', 7),
(1026, 530, 13, 'tele', 7),
(1027, 530, 9, 'tele', 7),
(1028, 530, 5, 'tele', 7),
(1029, 530, 1, 'tele', 7),
(1030, 704, 4, 'tele', 7),
(1031, 618, 6, 'tele', 2),
(1032, 618, 3, 'tele', 7),
(1033, 444, 5, 'tele', 1),
(1034, 531, 9, 'tele', 7),
(1035, 531, 5, 'tele', 7),
(1036, 531, 2, 'tele', 7),
(1037, 705, 15, 'tele', 4),
(1038, 705, 11, 'tele', 7),
(1039, 705, 7, 'tele', 7),
(1040, 705, 3, 'tele', 7),
(1041, 532, 5, 'tele', 7),
(1042, 793, 12, 'tele', 7),
(1043, 793, 7, 'tele', 7),
(1044, 793, 3, 'tele', 7),
(1045, 619, 6, 'tele', 7),
(1046, 619, 3, 'tele', 1),
(1047, 706, 5, 'tele', 7),
(1048, 706, 1, 'tele', 5),
(1049, 880, 7, 'tele', 7),
(1050, 880, 3, 'tele', 7),
(1051, 620, 13, 'tele', 5),
(1052, 620, 9, 'tele', 7),
(1053, 794, 10, 'tele', 4),
(1054, 794, 7, 'tele', 7),
(1055, 794, 3, 'tele', 7),
(1056, 446, 2, 'tele', 7),
(1057, 533, 7, 'tele', 1),
(1058, 533, 2, 'tele', 7),
(1059, 881, 13, 'tele', 7),
(1060, 881, 10, 'tele', 4),
(1061, 881, 7, 'tele', 7),
(1062, 881, 3, 'tele', 7),
(1063, 707, 7, 'tele', 7),
(1064, 621, 2, 'tele', 7),
(1065, 534, 6, 'tele', 1),
(1066, 534, 3, 'tele', 7),
(1067, 795, 6, 'tele', 7),
(1068, 708, 14, 'tele', 7),
(1069, 708, 10, 'tele', 7),
(1070, 708, 6, 'tele', 7),
(1071, 708, 2, 'tele', 7),
(1072, 882, 2, 'tele', 7),
(1073, 796, 13, 'tele', 7),
(1074, 796, 9, 'tele', 7),
(1075, 796, 3, 'tele', 7),
(1076, 709, 10, 'tele', 4),
(1077, 709, 3, 'tele', 7),
(1078, 448, 12, 'tele', 1),
(1079, 448, 10, 'tele', 1),
(1080, 448, 7, 'tele', 7),
(1081, 448, 3, 'tele', 7),
(1082, 622, 4, 'tele', 7),
(1083, 622, 3, 'tele', 7),
(1084, 449, 14, 'tele', 7),
(1085, 449, 10, 'tele', 7),
(1086, 449, 6, 'tele', 7),
(1087, 449, 2, 'tele', 7),
(1088, 536, 8, 'tele', 7),
(1089, 536, 4, 'tele', 7),
(1090, 710, 15, 'tele', 4),
(1091, 710, 12, 'tele', 7),
(1092, 710, 8, 'tele', 7),
(1093, 710, 2, 'tele', 7),
(1094, 797, 5, 'tele', 4),
(1095, 884, 10, 'tele', 2),
(1096, 884, 8, 'tele', 4),
(1097, 884, 5, 'tele', 7),
(1098, 884, 2, 'tele', 4),
(1099, 450, 11, 'tele', 7),
(1100, 537, 4, 'tele', 7),
(1101, 798, 10, 'tele', 7),
(1102, 451, 11, 'tele', 7),
(1103, 451, 8, 'tele', 2),
(1104, 451, 6, 'tele', 1),
(1105, 451, 3, 'tele', 7),
(1106, 886, 2, 'tele', 4),
(1107, 538, 9, 'auto', 1),
(1108, 799, 16, 'tele', 5),
(1109, 799, 14, 'tele', 5),
(1110, 799, 11, 'tele', 4),
(1111, 799, 8, 'tele', 7),
(1112, 799, 4, 'tele', 7),
(1113, 712, 7, 'tele', 4),
(1114, 800, 7, 'tele', 7),
(1115, 800, 3, 'tele', 7),
(1116, 452, 10, 'tele', 7),
(1117, 452, 7, 'tele', 1),
(1118, 713, 11, 'tele', 7),
(1119, 713, 7, 'tele', 7),
(1120, 713, 3, 'tele', 7),
(1121, 887, 10, 'tele', 4),
(1122, 887, 3, 'tele', 7),
(1123, 801, 12, 'tele', 7),
(1124, 801, 8, 'tele', 7),
(1125, 801, 5, 'tele', 7),
(1126, 801, 2, 'tele', 7),
(1127, 453, 4, 'tele', 5),
(1128, 888, 8, 'tele', 4),
(1129, 888, 6, 'tele', 4),
(1130, 888, 4, 'tele', 4),
(1131, 888, 2, 'tele', 4),
(1132, 714, 8, 'tele', 4),
(1133, 454, 12, 'tele', 2),
(1134, 454, 8, 'tele', 7),
(1135, 454, 3, 'tele', 7),
(1136, 715, 4, 'tele', 4),
(1137, 715, 3, 'tele', 4),
(1138, 628, 14, 'tele', 7),
(1139, 628, 10, 'tele', 7),
(1140, 628, 6, 'tele', 7),
(1141, 628, 2, 'tele', 7),
(1142, 455, 8, 'tele', 7),
(1143, 455, 5, 'tele', 7),
(1144, 455, 1, 'tele', 1),
(1145, 629, 7, 'tele', 1),
(1146, 629, 3, 'tele', 7),
(1147, 542, 10, 'tele', 1),
(1148, 542, 7, 'tele', 7),
(1149, 542, 3, 'tele', 7),
(1150, 803, 7, 'tele', 7),
(1151, 890, 4, 'tele', 4),
(1152, 717, 8, 'tele', 7),
(1153, 717, 5, 'tele', 4),
(1154, 717, 4, 'tele', 4),
(1155, 456, 13, 'tele', 2),
(1156, 456, 10, 'tele', 7),
(1157, 456, 6, 'tele', 7),
(1158, 456, 2, 'tele', 7),
(1159, 891, 15, 'tele', 7),
(1160, 891, 11, 'tele', 7),
(1161, 891, 7, 'tele', 7),
(1162, 891, 3, 'tele', 7),
(1163, 457, 15, 'tele', 7),
(1164, 457, 11, 'tele', 7),
(1165, 457, 7, 'tele', 7),
(1166, 457, 3, 'tele', 7),
(1167, 544, 13, 'tele', 7),
(1168, 544, 9, 'tele', 7),
(1169, 544, 5, 'tele', 7),
(1170, 893, 10, 'tele', 5),
(1171, 893, 8, 'tele', 5),
(1172, 893, 6, 'tele', 4),
(1173, 545, 13, 'tele', 1),
(1174, 545, 10, 'tele', 7),
(1175, 545, 7, 'tele', 1),
(1176, 545, 5, 'tele', 1),
(1177, 545, 2, 'tele', 7),
(1178, 806, 14, 'tele', 7),
(1179, 806, 10, 'tele', 7),
(1180, 806, 5, 'tele', 4),
(1181, 806, 2, 'tele', 7),
(1182, 460, 13, 'tele', 7),
(1183, 460, 11, 'tele', 1),
(1184, 460, 9, 'tele', 1),
(1185, 460, 8, 'tele', 2),
(1186, 460, 5, 'tele', 7),
(1187, 460, 2, 'tele', 1),
(1188, 547, 9, 'tele', 1),
(1189, 547, 7, 'tele', 1),
(1190, 547, 3, 'tele', 7),
(1191, 461, 15, 'tele', 2),
(1192, 461, 13, 'tele', 1),
(1193, 461, 10, 'tele', 7),
(1194, 461, 6, 'tele', 7),
(1195, 461, 2, 'tele', 7),
(1196, 809, 10, 'tele', 7),
(1197, 809, 6, 'tele', 7),
(1198, 896, 6, 'tele', 4),
(1199, 896, 4, 'tele', 4),
(1200, 896, 2, 'tele', 4),
(1201, 635, 4, 'tele', 7),
(1202, 897, 6, 'tele', 5),
(1203, 897, 4, 'tele', 4),
(1204, 897, 2, 'tele', 4),
(1205, 723, 11, 'tele', 7),
(1206, 723, 8, 'tele', 4),
(1207, 723, 5, 'tele', 7),
(1208, 462, 12, 'tele', 7),
(1209, 462, 3, 'tele', 7),
(1210, 636, 14, 'tele', 2),
(1211, 636, 12, 'tele', 1),
(1212, 636, 9, 'tele', 2),
(1213, 636, 6, 'tele', 7),
(1214, 810, 1, 'tele', 7),
(1215, 550, 11, 'tele', 7),
(1216, 550, 1, 'tele', 7),
(1217, 637, 8, 'tele', 1),
(1218, 463, 14, 'tele', 1),
(1219, 463, 12, 'tele', 1),
(1220, 463, 6, 'tele', 1),
(1221, 638, 14, 'tele', 7),
(1222, 638, 8, 'tele', 7),
(1223, 899, 6, 'tele', 7),
(1224, 899, 2, 'tele', 7),
(1225, 725, 8, 'tele', 4),
(1226, 464, 8, 'tele', 7),
(1227, 464, 4, 'tele', 7),
(1228, 812, 15, 'tele', 7),
(1229, 812, 11, 'tele', 7),
(1230, 812, 7, 'tele', 7),
(1231, 812, 3, 'tele', 7),
(1232, 726, 11, 'tele', 7),
(1233, 726, 7, 'tele', 7),
(1234, 726, 6, 'tele', 7),
(1235, 726, 2, 'tele', 7),
(1236, 813, 5, 'tele', 4),
(1237, 813, 1, 'tele', 4),
(1238, 465, 5, 'tele', 1),
(1239, 465, 3, 'tele', 7),
(1240, 552, 12, 'tele', 7),
(1241, 552, 8, 'tele', 1),
(1242, 552, 3, 'tele', 7),
(1243, 553, 14, 'tele', 7),
(1244, 553, 11, 'tele', 7),
(1245, 553, 7, 'tele', 7),
(1246, 553, 3, 'tele', 7),
(1247, 466, 13, 'tele', 7),
(1248, 466, 9, 'tele', 7),
(1249, 466, 5, 'tele', 7),
(1250, 814, 16, 'tele', 7),
(1251, 814, 13, 'tele', 4),
(1252, 814, 10, 'tele', 7),
(1253, 814, 6, 'tele', 7),
(1254, 814, 2, 'tele', 7),
(1255, 554, 15, 'tele', 7),
(1256, 554, 11, 'tele', 7),
(1257, 554, 7, 'tele', 7),
(1258, 554, 3, 'tele', 7),
(1259, 641, 9, 'tele', 7),
(1260, 641, 3, 'tele', 7),
(1261, 467, 10, 'tele', 5),
(1262, 467, 7, 'tele', 1),
(1263, 467, 4, 'tele', 7),
(1264, 467, 1, 'tele', 7),
(1265, 815, 11, 'tele', 7),
(1266, 815, 3, 'tele', 7),
(1267, 642, 3, 'tele', 7),
(1268, 555, 10, 'tele', 1),
(1269, 555, 8, 'tele', 2),
(1270, 555, 6, 'tele', 1),
(1271, 555, 3, 'tele', 7),
(1272, 903, 2, 'tele', 4),
(1273, 468, 3, 'tele', 7),
(1274, 816, 9, 'tele', 7),
(1275, 816, 1, 'tele', 4),
(1276, 469, 12, 'tele', 7),
(1277, 556, 8, 'tele', 1),
(1278, 556, 6, 'tele', 1),
(1279, 556, 5, 'tele', 1),
(1280, 556, 3, 'tele', 1),
(1281, 817, 11, 'tele', 4),
(1282, 817, 9, 'tele', 5),
(1283, 817, 6, 'tele', 5),
(1284, 904, 6, 'tele', 7),
(1285, 904, 2, 'tele', 7),
(1286, 730, 1, 'tele', 7),
(1287, 471, 18, 'tele', 7),
(1288, 471, 14, 'tele', 7),
(1289, 471, 10, 'tele', 7),
(1290, 471, 6, 'tele', 7),
(1291, 471, 3, 'tele', 1),
(1292, 645, 10, 'tele', 1),
(1293, 645, 8, 'tele', 1),
(1294, 645, 6, 'tele', 1),
(1295, 645, 3, 'tele', 7),
(1296, 819, 13, 'tele', 4),
(1297, 819, 7, 'tele', 7),
(1298, 906, 12, 'tele', 7),
(1299, 906, 8, 'tele', 7),
(1300, 906, 4, 'tele', 7),
(1301, 907, 4, 'tele', 4),
(1302, 733, 10, 'tele', 7),
(1303, 733, 6, 'tele', 7),
(1304, 646, 4, 'tele', 7),
(1305, 559, 13, 'tele', 1),
(1306, 559, 11, 'tele', 1),
(1307, 559, 5, 'tele', 7),
(1308, 820, 10, 'tele', 4),
(1309, 820, 7, 'tele', 7),
(1310, 820, 3, 'tele', 7),
(1311, 647, 13, 'tele', 1),
(1312, 647, 7, 'tele', 1),
(1313, 560, 10, 'tele', 1),
(1314, 560, 6, 'tele', 1),
(1315, 560, 3, 'tele', 7),
(1316, 473, 3, 'tele', 7),
(1317, 561, 14, 'tele', 7),
(1318, 561, 11, 'tele', 1),
(1319, 474, 6, 'tele', 7),
(1320, 735, 8, 'tele', 7),
(1321, 735, 5, 'tele', 7),
(1322, 909, 12, 'tele', 4),
(1323, 909, 9, 'tele', 4),
(1324, 822, 13, 'tele', 4),
(1325, 822, 10, 'tele', 7),
(1326, 822, 6, 'tele', 7),
(1327, 822, 2, 'tele', 7),
(1328, 475, 6, 'tele', 7),
(1329, 475, 2, 'tele', 7),
(1330, 823, 7, 'tele', 7),
(1331, 823, 3, 'tele', 7),
(1332, 649, 6, 'tele', 7),
(1333, 649, 3, 'tele', 1),
(1334, 563, 10, 'tele', 7),
(1335, 563, 6, 'tele', 7),
(1336, 563, 2, 'tele', 7),
(1337, 650, 9, 'tele', 7),
(1338, 650, 6, 'tele', 1),
(1339, 650, 3, 'tele', 7),
(1340, 911, 3, 'tele', 4),
(1341, 912, 15, 'tele', 4),
(1342, 912, 12, 'tele', 7),
(1343, 912, 8, 'tele', 7),
(1344, 912, 7, 'tele', 7),
(1345, 912, 1, 'tele', 4),
(1346, 738, 15, 'tele', 7),
(1347, 738, 11, 'tele', 7),
(1348, 738, 7, 'tele', 7),
(1349, 738, 3, 'tele', 7),
(1350, 477, 6, 'tele', 7),
(1351, 739, 2, 'tele', 4),
(1352, 478, 9, 'tele', 1),
(1353, 565, 8, 'tele', 2),
(1354, 565, 6, 'tele', 2),
(1355, 565, 3, 'tele', 7),
(1356, 826, 10, 'tele', 7),
(1357, 826, 5, 'tele', 7),
(1358, 826, 2, 'tele', 4),
(1359, 914, 8, 'tele', 7),
(1360, 827, 2, 'tele', 4),
(1361, 566, 2, 'tele', 7);

-- --------------------------------------------------------

--
-- Table structure for table `matchshoots`
--

CREATE TABLE IF NOT EXISTS `matchshoots` (
  `id` int(11) NOT NULL AUTO_INCREMENT,
  `teamMatchID` int(11) NOT NULL,
  `orderID` int(11) NOT NULL,
  `mode` enum('tele','auto') NOT NULL,
  `coordX` decimal(7,3) NOT NULL,
  `coordY` decimal(7,3) NOT NULL,
  `highLow` tinyint(1) NOT NULL,
  `scoreMiss` tinyint(1) NOT NULL,
  PRIMARY KEY (`id`),
  KEY `teamMatchID` (`teamMatchID`)
) ENGINE=InnoDB  DEFAULT CHARSET=latin1 AUTO_INCREMENT=1606 ;

--
-- Dumping data for table `matchshoots`
--

INSERT INTO `matchshoots` (`id`, `teamMatchID`, `orderID`, `mode`, `coordX`, `coordY`, `highLow`, `scoreMiss`) VALUES
(1, 6, 5, 'tele', '116.644', '165.937', 1, 1),
(2, 6, 2, 'tele', '108.024', '159.647', 1, 0),
(3, 4, 1, 'tele', '102.084', '201.748', 1, 0),
(4, 5, 5, 'tele', '174.862', '171.748', 1, 0),
(5, 5, 1, 'tele', '176.983', '161.814', 1, 1),
(6, 12, 3, 'tele', '112.522', '10.896', 1, 1),
(7, 12, 1, 'tele', '101.280', '21.340', 1, 0),
(8, 9, 2, 'tele', '86.468', '209.362', 0, 0),
(9, 7, 8, 'tele', '70.209', '76.257', 1, 1),
(10, 7, 5, 'tele', '97.750', '54.150', 1, 1),
(11, 7, 2, 'tele', '107.543', '166.529', 1, 0),
(12, 10, 9, 'auto', '26.407', '130.599', 0, 1),
(13, 10, 5, 'tele', '21.729', '125.052', 0, 1),
(14, 10, 1, 'tele', '26.832', '122.919', 0, 1),
(15, 8, 11, 'tele', '37.307', '115.474', 0, 1),
(16, 8, 9, 'tele', '50.406', '167.476', 1, 1),
(17, 8, 5, 'tele', '56.102', '169.762', 1, 1),
(18, 8, 3, 'tele', '25.347', '124.617', 1, 1),
(19, 18, 1, 'tele', '24.546', '219.471', 0, 1),
(20, 17, 7, 'tele', '26.751', '123.694', 0, 1),
(21, 17, 5, 'tele', '46.736', '91.526', 0, 1),
(22, 17, 3, 'tele', '49.651', '99.881', 0, 1),
(23, 17, 1, 'tele', '58.811', '73.979', 1, 0),
(24, 14, 2, 'tele', '35.340', '168.581', 1, 0),
(25, 13, 17, 'auto', '5.850', '19.909', 1, 1),
(26, 13, 14, 'tele', '143.750', '173.174', 1, 0),
(27, 13, 10, 'tele', '114.755', '65.321', 1, 0),
(28, 13, 8, 'tele', '118.998', '94.413', 1, 0),
(29, 13, 4, 'tele', '114.048', '47.582', 1, 0),
(30, 20, 10, 'tele', '27.625', '134.903', 0, 1),
(31, 20, 6, 'tele', '34.460', '228.050', 0, 1),
(32, 21, 16, 'tele', '17.594', '150.439', 0, 1),
(33, 21, 12, 'tele', '17.594', '147.932', 0, 1),
(34, 21, 10, 'tele', '20.093', '153.363', 0, 1),
(35, 21, 8, 'tele', '18.011', '140.830', 0, 1),
(36, 21, 6, 'tele', '21.758', '150.439', 0, 1),
(37, 21, 2, 'tele', '11.349', '148.350', 0, 1),
(38, 19, 11, 'tele', '21.733', '212.956', 0, 1),
(39, 19, 1, 'tele', '22.158', '206.129', 0, 1),
(40, 22, 10, 'tele', '30.154', '108.946', 0, 0),
(41, 22, 8, 'tele', '25.847', '117.933', 0, 0),
(42, 22, 6, 'tele', '105.749', '80.206', 0, 0),
(43, 22, 2, 'tele', '129.250', '110.523', 1, 0),
(44, 23, 1, 'tele', '63.128', '249.091', 0, 1),
(45, 29, 12, 'tele', '70.469', '137.481', 1, 0),
(46, 29, 7, 'tele', '115.437', '165.054', 1, 0),
(47, 29, 3, 'tele', '94.202', '151.685', 1, 0),
(48, 29, 1, 'tele', '23.836', '138.734', 0, 0),
(49, 27, 2, 'tele', '89.638', '210.913', 1, 1),
(50, 28, 6, 'tele', '14.656', '213.147', 0, 1),
(51, 28, 2, 'tele', '18.184', '210.788', 0, 1),
(52, 25, 9, 'tele', '145.055', '140.420', 1, 1),
(53, 25, 6, 'tele', '170.995', '164.741', 1, 0),
(54, 25, 4, 'tele', '172.696', '158.767', 1, 1),
(55, 25, 2, 'tele', '167.593', '158.341', 1, 1),
(56, 33, 8, 'tele', '27.431', '128.566', 0, 1),
(57, 33, 7, 'tele', '33.706', '127.597', 0, 1),
(58, 33, 2, 'tele', '32.258', '127.597', 0, 1),
(59, 35, 9, 'tele', '19.283', '130.593', 0, 1),
(60, 35, 7, 'tele', '70.907', '171.039', 1, 0),
(61, 35, 1, 'tele', '73.028', '168.910', 1, 0),
(62, 32, 9, 'tele', '40.911', '170.074', 1, 1),
(63, 32, 5, 'tele', '14.680', '213.104', 1, 1),
(64, 32, 1, 'tele', '35.498', '165.896', 1, 0),
(65, 42, 5, 'auto', '124.652', '229.223', 1, 1),
(66, 40, 7, 'tele', '90.871', '47.660', 1, 0),
(67, 40, 5, 'tele', '94.202', '48.913', 1, 0),
(68, 41, 2, 'tele', '115.568', '163.431', 1, 0),
(69, 38, 10, 'tele', '94.481', '165.426', 1, 1),
(70, 38, 6, 'tele', '109.110', '162.405', 1, 1),
(71, 38, 2, 'tele', '91.652', '170.490', 1, 1),
(72, 44, 6, 'tele', '32.016', '225.682', 0, 1),
(73, 44, 2, 'tele', '41.209', '107.894', 0, 0),
(74, 43, 12, 'auto', '112.386', '58.339', 1, 0),
(75, 43, 10, 'tele', '172.240', '152.782', 1, 1),
(76, 43, 7, 'tele', '160.173', '171.671', 1, 0),
(77, 43, 3, 'tele', '167.896', '176.999', 1, 1),
(78, 48, 8, 'tele', '19.804', '216.969', 1, 1),
(79, 48, 1, 'tele', '53.376', '171.830', 1, 1),
(80, 45, 8, 'tele', '103.805', '164.741', 1, 1),
(81, 49, 4, 'tele', '103.067', '223.713', 0, 0),
(82, 49, 2, 'tele', '84.938', '233.819', 1, 0),
(83, 52, 7, 'tele', '101.250', '101.585', 1, 1),
(84, 52, 3, 'tele', '137.822', '170.707', 1, 1),
(85, 50, 14, 'tele', '49.225', '95.080', 0, 1),
(86, 50, 10, 'tele', '48.831', '93.700', 0, 1),
(87, 50, 6, 'tele', '43.342', '99.908', 0, 1),
(88, 50, 2, 'tele', '47.655', '108.956', 0, 1),
(89, 56, 6, 'tele', '98.367', '36.421', 1, 1),
(90, 56, 4, 'tele', '155.440', '165.100', 1, 1),
(91, 59, 2, 'tele', '48.724', '172.573', 1, 1),
(92, 60, 6, 'tele', '38.377', '111.435', 0, 1),
(93, 60, 5, 'tele', '36.255', '108.597', 0, 0),
(94, 60, 1, 'tele', '53.935', '94.406', 1, 1),
(95, 57, 14, 'tele', '49.238', '173.416', 1, 1),
(96, 57, 9, 'tele', '42.993', '172.998', 1, 0),
(97, 57, 5, 'tele', '55.484', '171.745', 1, 1),
(98, 57, 1, 'tele', '58.398', '170.909', 1, 1),
(99, 55, 4, 'tele', '33.929', '112.496', 1, 0),
(100, 62, 8, 'tele', '55.261', '64.604', 1, 1),
(101, 62, 6, 'tele', '57.951', '90.441', 1, 0),
(102, 64, 5, 'tele', '35.044', '129.212', 0, 1),
(103, 64, 2, 'tele', '23.283', '135.699', 0, 1),
(104, 61, 14, 'tele', '121.283', '109.625', 1, 0),
(105, 61, 10, 'tele', '156.783', '112.551', 1, 1),
(106, 61, 6, 'tele', '137.982', '192.049', 1, 1),
(107, 61, 2, 'auto', '120.524', '183.290', 1, 1),
(108, 65, 4, 'auto', '25.131', '212.949', 0, 1),
(109, 65, 2, 'auto', '24.280', '214.656', 0, 1),
(110, 71, 5, 'tele', '31.237', '233.130', 0, 1),
(111, 71, 4, 'tele', '27.299', '229.837', 0, 0),
(112, 68, 6, 'tele', '62.978', '170.074', 1, 1),
(113, 67, 15, 'auto', '148.054', '188.006', 1, 0),
(114, 67, 10, 'tele', '131.333', '238.034', 1, 1),
(115, 67, 6, 'tele', '55.394', '104.466', 1, 1),
(116, 67, 2, 'tele', '153.425', '173.185', 1, 1),
(117, 70, 14, 'tele', '52.293', '96.303', 1, 1),
(118, 70, 12, 'tele', '53.863', '74.368', 1, 0),
(119, 70, 8, 'tele', '40.143', '107.393', 0, 1),
(120, 70, 6, 'tele', '38.967', '96.778', 1, 1),
(121, 70, 4, 'tele', '65.624', '86.947', 1, 1),
(122, 73, 6, 'tele', '20.925', '213.940', 0, 0),
(123, 73, 4, 'tele', '162.073', '166.732', 1, 0),
(124, 76, 3, 'tele', '28.612', '218.644', 0, 0),
(125, 75, 11, 'tele', '134.683', '156.014', 1, 1),
(126, 78, 7, 'tele', '44.454', '103.459', 0, 0),
(127, 78, 5, 'tele', '47.588', '103.070', 0, 0),
(128, 78, 3, 'tele', '44.848', '89.306', 0, 1),
(129, 74, 15, 'tele', '42.160', '98.635', 1, 0),
(130, 74, 11, 'tele', '46.740', '88.608', 1, 1),
(131, 74, 8, 'tele', '65.893', '63.542', 1, 1),
(132, 74, 4, 'tele', '36.747', '107.826', 1, 1),
(133, 83, 5, 'auto', '33.233', '15.529', 1, 1),
(134, 83, 4, 'tele', '75.534', '74.816', 1, 0),
(135, 79, 9, 'tele', '14.263', '138.741', 0, 1),
(136, 79, 5, 'tele', '56.316', '77.328', 0, 1),
(137, 79, 1, 'tele', '75.469', '51.427', 1, 0),
(138, 84, 11, 'tele', '63.393', '170.576', 1, 0),
(139, 80, 14, 'tele', '142.503', '151.514', 1, 0),
(140, 80, 11, 'tele', '177.799', '235.144', 1, 1),
(141, 80, 8, 'tele', '163.340', '149.807', 1, 1),
(142, 80, 6, 'tele', '159.938', '150.660', 1, 1),
(143, 80, 3, 'tele', '116.563', '109.272', 1, 1),
(144, 81, 5, 'tele', '176.695', '180.918', 1, 0),
(145, 81, 2, 'tele', '77.071', '166.762', 1, 0),
(146, 90, 15, 'tele', '59.227', '169.649', 1, 1),
(147, 90, 11, 'tele', '44.238', '166.725', 1, 1),
(148, 90, 6, 'tele', '46.736', '167.978', 1, 1),
(149, 90, 5, 'tele', '47.153', '167.142', 1, 0),
(150, 90, 1, 'tele', '47.153', '164.218', 1, 0),
(151, 90, 15, 'tele', '59.227', '169.649', 1, 1),
(152, 90, 11, 'tele', '44.238', '166.725', 1, 1),
(153, 90, 6, 'tele', '46.736', '167.978', 1, 1),
(154, 90, 5, 'tele', '47.153', '167.142', 1, 0),
(155, 90, 1, 'tele', '47.153', '164.218', 1, 0),
(156, 89, 16, 'auto', '119.333', '44.098', 1, 0),
(157, 89, 14, 'tele', '77.780', '84.509', 1, 1),
(158, 89, 10, 'tele', '93.069', '95.908', 1, 1),
(159, 89, 6, 'tele', '95.810', '84.199', 0, 1),
(160, 89, 4, 'tele', '126.389', '147.494', 1, 1),
(161, 88, 15, 'tele', '28.612', '218.644', 0, 1),
(162, 88, 13, 'tele', '27.955', '218.644', 0, 0),
(163, 88, 9, 'tele', '24.674', '214.693', 0, 1),
(164, 88, 5, 'tele', '28.612', '219.961', 0, 1),
(165, 88, 1, 'tele', '24.674', '217.327', 0, 1),
(166, 87, 2, 'tele', '86.281', '218.323', 0, 0),
(167, 86, 2, 'tele', '32.167', '114.092', 0, 0),
(168, 95, 16, 'auto', '137.088', '30.113', 1, 0),
(169, 95, 14, 'tele', '151.661', '164.636', 1, 1),
(170, 95, 10, 'tele', '120.850', '40.975', 1, 1),
(171, 95, 8, 'tele', '132.508', '38.469', 1, 1),
(172, 95, 2, 'tele', '120.433', '55.180', 1, 1),
(173, 96, 15, 'auto', '27.190', '16.203', 1, 0),
(174, 91, 1, 'tele', '25.560', '216.796', 0, 1),
(175, 92, 16, 'auto', '39.088', '103.637', 0, 0),
(176, 92, 14, 'tele', '36.259', '114.280', 0, 1),
(177, 92, 10, 'tele', '25.651', '123.505', 0, 1),
(178, 92, 6, 'tele', '27.066', '117.119', 0, 1),
(179, 92, 2, 'tele', '27.066', '127.053', 0, 1),
(180, 97, 3, 'tele', '40.443', '231.304', 0, 1),
(181, 98, 4, 'tele', '150.740', '154.321', 1, 0),
(182, 99, 9, 'tele', '73.387', '119.106', 1, 0),
(183, 99, 7, 'tele', '85.046', '79.417', 1, 0),
(184, 99, 5, 'tele', '77.135', '96.546', 1, 1),
(185, 99, 1, 'tele', '99.619', '61.453', 1, 0),
(186, 100, 1, 'tele', '39.084', '108.597', 1, 1),
(187, 108, 3, 'tele', '30.234', '121.639', 0, 1),
(188, 106, 13, 'tele', '32.197', '120.899', 0, 1),
(189, 106, 6, 'tele', '31.429', '127.840', 0, 1),
(190, 106, 2, 'tele', '43.343', '98.532', 0, 1),
(191, 103, 10, 'tele', '55.497', '247.061', 1, 0),
(192, 103, 8, 'tele', '70.794', '238.328', 1, 1),
(193, 103, 4, 'tele', '71.582', '246.981', 1, 1),
(194, 105, 8, 'tele', '22.115', '132.020', 1, 1),
(195, 105, 5, 'tele', '34.137', '170.336', 1, 1),
(196, 105, 1, 'tele', '36.259', '167.498', 1, 1),
(197, 110, 15, 'auto', '80.909', '82.234', 1, 0),
(198, 110, 11, 'tele', '19.437', '127.777', 0, 1),
(199, 110, 5, 'tele', '64.123', '105.140', 1, 0),
(200, 110, 3, 'tele', '57.409', '97.729', 1, 0),
(201, 114, 11, 'tele', '31.578', '231.236', 0, 1),
(202, 114, 7, 'tele', '50.404', '69.955', 1, 0),
(203, 109, 7, 'tele', '103.353', '166.367', 1, 1),
(204, 109, 2, 'tele', '46.478', '228.891', 0, 1),
(205, 113, 13, 'tele', '36.255', '106.468', 1, 1),
(206, 113, 9, 'tele', '46.863', '102.921', 1, 1),
(207, 113, 7, 'tele', '43.327', '100.792', 1, 1),
(208, 113, 3, 'tele', '41.205', '98.663', 1, 1),
(209, 115, 5, 'tele', '24.508', '130.741', 0, 1),
(210, 115, 3, 'tele', '35.251', '121.983', 0, 1),
(211, 118, 11, 'tele', '29.905', '126.551', 1, 1),
(212, 118, 9, 'tele', '24.806', '123.760', 1, 1),
(213, 118, 5, 'tele', '22.488', '129.807', 1, 1),
(214, 118, 3, 'tele', '32.223', '117.248', 1, 0),
(215, 118, 1, 'tele', '24.342', '124.690', 1, 0),
(216, 117, 3, 'tele', '162.490', '160.047', 1, 0),
(217, 121, 9, 'tele', '25.468', '126.432', 0, 1),
(218, 121, 5, 'tele', '22.493', '129.393', 0, 1),
(219, 121, 1, 'tele', '25.851', '125.351', 0, 1),
(220, 125, 12, 'tele', '26.660', '216.322', 1, 1),
(221, 125, 10, 'tele', '53.547', '229.346', 1, 0),
(222, 125, 8, 'tele', '30.832', '228.880', 1, 0),
(223, 125, 3, 'tele', '27.124', '222.368', 1, 1),
(224, 125, 1, 'tele', '28.514', '219.113', 1, 1),
(225, 123, 5, 'tele', '132.297', '208.689', 1, 0),
(226, 124, 10, 'tele', '33.426', '176.715', 1, 0),
(227, 124, 6, 'tele', '36.255', '172.458', 1, 0),
(228, 124, 2, 'tele', '27.769', '176.715', 1, 0),
(229, 127, 16, 'auto', '35.935', '117.255', 0, 1),
(230, 127, 13, 'tele', '22.492', '210.747', 0, 1),
(231, 127, 11, 'tele', '31.763', '131.674', 0, 1),
(232, 127, 7, 'tele', '100.371', '113.534', 0, 0),
(233, 132, 9, 'tele', '49.585', '171.469', 1, 0),
(234, 132, 5, 'tele', '43.976', '172.504', 1, 1),
(235, 132, 1, 'tele', '25.176', '215.622', 1, 1),
(236, 130, 10, 'tele', '46.736', '90.272', 1, 1),
(237, 130, 6, 'tele', '55.064', '90.690', 1, 0),
(238, 130, 4, 'tele', '49.235', '76.068', 1, 0),
(239, 128, 14, 'auto', '169.915', '168.207', 1, 1),
(240, 128, 10, 'tele', '51.817', '40.486', 1, 1),
(241, 128, 8, 'tele', '53.938', '64.611', 1, 1),
(242, 128, 4, 'tele', '123.242', '12.103', 1, 1),
(243, 129, 14, 'auto', '148.066', '226.926', 1, 0),
(244, 129, 12, 'tele', '28.045', '128.112', 0, 1),
(245, 129, 8, 'tele', '40.989', '239.903', 0, 1),
(246, 129, 4, 'tele', '157.086', '183.667', 1, 1),
(247, 137, 9, 'tele', '72.135', '243.177', 0, 1),
(248, 137, 8, 'tele', '71.302', '249.443', 0, 1),
(249, 137, 6, 'tele', '47.153', '106.983', 0, 1),
(250, 137, 2, 'tele', '53.815', '93.615', 0, 1),
(251, 133, 6, 'tele', '28.536', '129.326', 0, 1),
(252, 133, 2, 'tele', '129.320', '162.607', 1, 0),
(253, 138, 15, 'tele', '39.556', '113.928', 0, 1),
(254, 140, 6, 'tele', '167.486', '169.656', 1, 0),
(255, 140, 2, 'tele', '144.586', '157.958', 1, 0),
(256, 142, 11, 'tele', '25.131', '213.376', 0, 1),
(257, 142, 9, 'tele', '26.832', '214.656', 0, 1),
(258, 142, 7, 'tele', '23.430', '209.962', 0, 0),
(259, 142, 5, 'tele', '81.264', '224.043', 0, 0),
(260, 142, 1, 'tele', '147.177', '157.907', 1, 1),
(261, 139, 11, 'tele', '177.755', '165.098', 1, 1),
(262, 139, 5, 'tele', '96.884', '24.808', 1, 0),
(263, 139, 1, 'tele', '72.525', '36.050', 1, 0),
(264, 143, 9, 'tele', '166.378', '159.683', 1, 0),
(265, 143, 4, 'tele', '134.622', '29.945', 1, 1),
(266, 143, 1, 'tele', '153.835', '24.048', 1, 1),
(267, 144, 5, 'tele', '72.135', '83.170', 1, 0),
(268, 145, 10, 'tele', '24.709', '212.529', 0, 1),
(269, 145, 6, 'tele', '26.836', '218.503', 0, 1),
(270, 145, 2, 'tele', '18.331', '128.899', 0, 1),
(271, 146, 9, 'tele', '40.495', '112.421', 1, 0),
(272, 146, 5, 'tele', '40.911', '108.661', 1, 1),
(273, 146, 3, 'tele', '35.082', '113.257', 0, 0),
(274, 146, 1, 'tele', '32.167', '114.928', 1, 0),
(275, 149, 2, 'tele', '38.094', '233.200', 0, 1),
(276, 148, 8, 'tele', '14.260', '144.165', 0, 1),
(277, 148, 5, 'tele', '20.089', '130.796', 0, 1),
(278, 147, 1, 'tele', '145.713', '199.003', 1, 0),
(279, 155, 15, 'auto', '142.084', '51.420', 1, 0),
(280, 155, 10, 'tele', '152.077', '84.424', 1, 1),
(281, 155, 6, 'tele', '127.928', '50.166', 1, 1),
(282, 153, 3, 'auto', '13.412', '10.919', 1, 0),
(283, 156, 7, 'tele', '60.920', '70.830', 1, 1),
(284, 156, 5, 'tele', '50.334', '83.409', 1, 1),
(285, 158, 4, 'tele', '17.055', '212.956', 0, 1),
(286, 158, 2, 'tele', '23.859', '209.969', 0, 0),
(287, 162, 9, 'tele', '79.991', '47.938', 1, 0),
(288, 162, 5, 'tele', '83.889', '31.318', 1, 1),
(289, 162, 1, 'tele', '94.607', '59.670', 1, 0),
(290, 157, 8, 'tele', '43.409', '98.217', 0, 0),
(291, 159, 14, 'auto', '103.741', '221.812', 1, 0),
(292, 159, 10, 'tele', '21.768', '128.307', 0, 1),
(293, 161, 2, 'tele', '11.762', '197.640', 0, 0),
(294, 166, 6, 'tele', '25.085', '124.948', 0, 1),
(295, 166, 1, 'tele', '30.498', '115.339', 0, 1),
(296, 163, 11, 'tele', '46.084', '107.562', 1, 1),
(297, 163, 9, 'tele', '46.084', '96.764', 1, 0),
(298, 163, 7, 'tele', '64.522', '116.424', 1, 0),
(299, 163, 5, 'tele', '60.992', '104.238', 1, 1),
(300, 163, 1, 'tele', '64.911', '96.369', 1, 1),
(301, 167, 13, 'tele', '23.420', '125.783', 1, 0),
(302, 167, 9, 'tele', '17.174', '134.556', 1, 1),
(303, 167, 5, 'tele', '20.089', '200.982', 1, 1),
(304, 167, 3, 'tele', '15.509', '216.440', 1, 0),
(305, 167, 1, 'tele', '56.313', '174.662', 1, 1),
(306, 173, 6, 'tele', '69.822', '168.689', 1, 1),
(307, 173, 4, 'tele', '65.943', '169.554', 1, 1),
(308, 173, 2, 'tele', '39.652', '115.930', 1, 0),
(309, 174, 8, 'tele', '17.299', '217.424', 0, 0),
(310, 174, 2, 'tele', '136.504', '152.545', 1, 0),
(311, 170, 10, 'tele', '135.699', '63.617', 1, 1),
(312, 172, 11, 'tele', '28.000', '127.872', 0, 1),
(313, 172, 1, 'tele', '20.505', '203.071', 0, 0),
(314, 180, 9, 'tele', '26.751', '211.844', 1, 1),
(315, 180, 5, 'tele', '23.003', '220.617', 1, 1),
(316, 180, 1, 'tele', '47.985', '167.560', 1, 1),
(317, 178, 7, 'tele', '19.603', '125.052', 0, 1),
(318, 178, 1, 'tele', '23.005', '114.812', 0, 1),
(319, 179, 13, 'tele', '22.784', '217.858', 0, 1),
(320, 179, 9, 'tele', '22.114', '123.736', 0, 1),
(321, 179, 4, 'tele', '25.176', '207.537', 0, 1),
(322, 179, 1, 'tele', '33.904', '213.600', 0, 1),
(323, 175, 10, 'auto', '23.695', '20.374', 1, 1),
(324, 175, 9, 'tele', '139.981', '163.459', 1, 1),
(325, 176, 8, 'auto', '83.187', '49.773', 1, 0),
(326, 185, 15, 'tele', '44.824', '102.957', 1, 0),
(327, 185, 11, 'tele', '52.151', '105.119', 1, 1),
(328, 185, 8, 'tele', '59.478', '96.470', 1, 0),
(329, 185, 4, 'tele', '43.962', '101.660', 1, 1),
(330, 181, 14, 'auto', '131.728', '178.141', 1, 1),
(331, 181, 12, 'tele', '85.761', '169.626', 1, 1),
(332, 181, 8, 'tele', '161.429', '172.465', 1, 1),
(333, 181, 4, 'tele', '165.672', '169.626', 1, 0),
(334, 182, 16, 'tele', '22.471', '118.630', 0, 1),
(335, 182, 12, 'tele', '22.471', '122.314', 0, 1),
(336, 182, 8, 'tele', '29.815', '125.385', 0, 1),
(337, 182, 6, 'tele', '21.859', '132.754', 0, 1),
(338, 182, 2, 'tele', '21.247', '133.368', 0, 1),
(339, 184, 13, 'tele', '18.562', '206.829', 1, 0),
(340, 184, 9, 'tele', '50.801', '176.214', 1, 1),
(341, 189, 10, 'tele', '27.773', '119.247', 0, 1),
(342, 189, 6, 'tele', '22.823', '131.310', 0, 1),
(343, 189, 2, 'tele', '18.579', '212.200', 0, 1),
(344, 187, 5, 'tele', '140.839', '171.327', 1, 1),
(345, 187, 1, 'tele', '114.191', '171.745', 1, 1),
(346, 194, 9, 'tele', '82.932', '58.225', 0, 1),
(347, 194, 8, 'tele', '157.893', '51.839', 1, 0),
(348, 196, 5, 'tele', '122.938', '79.824', 1, 1),
(349, 196, 2, 'tele', '125.489', '158.334', 1, 1),
(350, 197, 10, 'tele', '23.003', '217.275', 0, 1),
(351, 197, 5, 'tele', '21.754', '207.666', 0, 1),
(352, 198, 2, 'tele', '52.184', '99.518', 0, 1),
(353, 204, 12, 'tele', '40.083', '91.281', 0, 1),
(354, 204, 8, 'tele', '34.050', '93.443', 0, 1),
(355, 204, 4, 'tele', '38.791', '86.091', 0, 1),
(356, 204, 1, 'tele', '31.464', '87.821', 0, 1),
(357, 201, 11, 'tele', '23.786', '206.160', 0, 1),
(358, 201, 9, 'tele', '21.262', '205.803', 0, 0),
(359, 201, 3, 'tele', '22.125', '132.824', 0, 1),
(360, 199, 14, 'auto', '122.519', '165.478', 1, 1),
(361, 199, 12, 'tele', '159.992', '150.021', 0, 1),
(362, 199, 10, 'tele', '167.486', '154.616', 1, 1),
(363, 199, 8, 'tele', '153.330', '156.287', 1, 0),
(364, 199, 5, 'tele', '140.839', '159.212', 1, 1),
(365, 199, 3, 'tele', '140.006', '168.403', 1, 1),
(366, 199, 1, 'tele', '140.839', '161.301', 1, 1),
(367, 202, 7, 'tele', '29.891', '220.708', 0, 1),
(368, 206, 12, 'tele', '145.602', '78.933', 1, 0),
(369, 206, 5, 'tele', '141.726', '31.153', 1, 0),
(370, 206, 1, 'tele', '147.817', '31.153', 1, 0),
(371, 208, 14, 'auto', '14.923', '16.701', 1, 1),
(372, 207, 13, 'tele', '29.387', '126.766', 0, 1),
(373, 207, 9, 'tele', '25.560', '134.446', 0, 1),
(374, 207, 7, 'tele', '30.663', '208.689', 0, 1),
(375, 207, 5, 'tele', '31.088', '218.076', 0, 1),
(376, 207, 1, 'tele', '20.882', '125.913', 0, 1),
(377, 209, 15, 'auto', '139.643', '239.179', 1, 0),
(378, 209, 13, 'tele', '70.684', '236.584', 1, 1),
(379, 209, 11, 'tele', '101.716', '235.719', 1, 1),
(380, 209, 8, 'tele', '156.021', '176.473', 1, 1),
(381, 209, 4, 'tele', '141.367', '164.797', 1, 0),
(382, 211, 13, 'tele', '24.919', '133.982', 1, 0),
(383, 211, 11, 'tele', '24.307', '133.368', 1, 0),
(384, 211, 7, 'tele', '24.307', '132.754', 1, 0),
(385, 211, 5, 'tele', '8.394', '110.032', 1, 0),
(386, 211, 1, 'tele', '29.815', '127.841', 1, 1),
(387, 213, 14, 'tele', '24.579', '238.525', 1, 0),
(388, 213, 12, 'tele', '72.668', '171.417', 1, 1),
(389, 213, 10, 'tele', '69.744', '164.492', 1, 1),
(390, 213, 8, 'tele', '66.421', '170.603', 1, 1),
(391, 215, 11, 'tele', '68.098', '214.529', 0, 1),
(392, 215, 3, 'tele', '45.255', '101.227', 0, 0),
(393, 220, 9, 'tele', '36.327', '171.320', 1, 1),
(394, 220, 6, 'tele', '53.398', '167.978', 1, 0),
(395, 220, 2, 'tele', '56.313', '169.649', 1, 1),
(396, 222, 13, 'tele', '39.840', '238.377', 1, 1),
(397, 222, 11, 'tele', '70.847', '178.374', 1, 0),
(398, 222, 8, 'tele', '84.136', '177.819', 1, 1),
(399, 222, 4, 'tele', '95.764', '175.597', 1, 1),
(400, 218, 9, 'tele', '48.276', '121.992', 0, 1),
(401, 218, 7, 'tele', '41.811', '83.071', 1, 0),
(402, 218, 5, 'tele', '28.019', '115.072', 1, 1),
(403, 218, 3, 'tele', '32.760', '62.314', 1, 1),
(404, 226, 11, 'tele', '142.499', '151.080', 1, 1),
(405, 226, 9, 'tele', '156.107', '159.614', 1, 0),
(406, 226, 7, 'tele', '164.187', '154.493', 1, 1),
(407, 226, 5, 'tele', '152.705', '164.734', 1, 1),
(408, 226, 1, 'tele', '105.078', '213.803', 1, 0),
(409, 228, 13, 'auto', '102.962', '22.257', 1, 1),
(410, 228, 11, 'tele', '45.580', '119.831', 1, 0),
(411, 228, 8, 'tele', '73.616', '33.369', 1, 1),
(412, 227, 16, 'auto', '118.466', '165.041', 1, 1),
(413, 227, 14, 'tele', '95.210', '22.257', 1, 1),
(414, 227, 10, 'tele', '94.103', '172.819', 1, 1),
(415, 227, 6, 'tele', '93.549', '166.707', 1, 1),
(416, 227, 2, 'tele', '94.103', '163.374', 1, 1),
(417, 234, 2, 'tele', '55.245', '229.706', 0, 1),
(418, 229, 10, 'tele', '38.182', '108.379', 1, 0),
(419, 229, 8, 'tele', '21.571', '133.380', 0, 1),
(420, 229, 6, 'tele', '38.182', '106.156', 1, 1),
(421, 229, 4, 'tele', '37.628', '103.934', 1, 0),
(422, 229, 2, 'tele', '35.414', '107.267', 1, 0),
(423, 231, 9, 'tele', '44.827', '234.495', 0, 1),
(424, 232, 8, 'tele', '157.073', '162.965', 1, 1),
(425, 230, 13, 'tele', '19.830', '114.208', 0, 1),
(426, 230, 9, 'tele', '46.552', '238.321', 0, 1),
(427, 230, 5, 'tele', '56.034', '239.186', 0, 1),
(428, 230, 1, 'tele', '48.276', '232.699', 0, 1),
(429, 238, 2, 'tele', '152.077', '166.307', 1, 1),
(430, 235, 8, 'tele', '144.204', '97.325', 1, 0),
(431, 235, 4, 'tele', '128.470', '113.539', 1, 0),
(432, 236, 9, 'auto', '10.230', '22.831', 1, 0),
(433, 236, 6, 'tele', '156.505', '168.986', 1, 0),
(434, 236, 2, 'tele', '165.686', '175.741', 1, 1),
(435, 240, 1, 'tele', '40.945', '112.471', 0, 1),
(436, 237, 8, 'tele', '33.752', '233.939', 0, 1),
(437, 239, 7, 'tele', '43.716', '172.819', 1, 1),
(438, 239, 1, 'tele', '94.103', '169.485', 1, 1),
(439, 241, 16, 'auto', '17.480', '19.242', 1, 1),
(440, 241, 13, 'tele', '129.320', '155.354', 1, 1),
(441, 241, 11, 'tele', '105.506', '58.070', 1, 1),
(442, 241, 9, 'tele', '95.301', '57.216', 1, 0),
(443, 241, 7, 'tele', '102.955', '61.910', 1, 0),
(444, 241, 4, 'tele', '88.922', '77.697', 1, 1),
(445, 243, 11, 'tele', '20.634', '130.912', 1, 1),
(446, 243, 7, 'tele', '12.066', '140.737', 0, 1),
(447, 243, 1, 'tele', '146.101', '165.301', 1, 0),
(448, 246, 17, 'auto', '95.251', '191.609', 1, 0),
(449, 246, 12, 'tele', '110.336', '170.852', 1, 1),
(450, 246, 10, 'tele', '102.578', '168.257', 1, 1),
(451, 246, 8, 'tele', '74.132', '173.446', 1, 1),
(452, 246, 4, 'tele', '112.060', '180.366', 1, 0),
(453, 244, 15, 'tele', '46.132', '173.074', 1, 0),
(454, 244, 11, 'tele', '21.811', '126.486', 1, 1),
(455, 244, 9, 'tele', '25.443', '130.039', 1, 1),
(456, 244, 5, 'tele', '16.584', '143.929', 1, 1),
(457, 244, 3, 'tele', '30.980', '129.484', 1, 1),
(458, 244, 1, 'tele', '25.443', '128.928', 1, 1),
(459, 251, 10, 'tele', '24.568', '226.638', 0, 1),
(460, 251, 1, 'tele', '28.447', '225.340', 0, 1),
(461, 252, 16, 'auto', '99.640', '28.368', 1, 1),
(462, 252, 14, 'tele', '120.127', '14.479', 1, 0),
(463, 252, 12, 'tele', '108.499', '46.702', 1, 0),
(464, 252, 8, 'tele', '94.103', '28.368', 1, 1),
(465, 252, 4, 'tele', '112.929', '18.368', 1, 1),
(466, 247, 9, 'tele', '20.925', '213.940', 0, 1),
(467, 247, 5, 'tele', '22.174', '211.433', 0, 0),
(468, 247, 2, 'tele', '27.587', '219.789', 0, 1),
(469, 248, 2, 'tele', '27.194', '132.762', 0, 1),
(470, 255, 2, 'tele', '28.004', '213.940', 0, 0),
(471, 257, 13, 'auto', '123.207', '64.710', 0, 0),
(472, 257, 7, 'tele', '17.118', '211.579', 1, 0),
(473, 257, 2, 'tele', '23.161', '129.386', 0, 0),
(474, 253, 11, 'auto', '37.075', '36.709', 1, 0),
(475, 253, 9, 'tele', '130.652', '188.937', 1, 0),
(476, 253, 7, 'tele', '55.347', '101.156', 1, 1),
(477, 253, 4, 'tele', '49.810', '86.155', 1, 1),
(478, 262, 17, 'auto', '14.851', '81.709', 0, 0),
(479, 262, 14, 'tele', '33.211', '102.588', 0, 1),
(480, 262, 10, 'tele', '30.763', '93.991', 0, 1),
(481, 262, 8, 'tele', '43.616', '95.219', 0, 1),
(482, 262, 6, 'tele', '39.332', '99.518', 0, 1),
(483, 262, 2, 'tele', '22.195', '102.588', 0, 1),
(484, 260, 16, 'tele', '66.678', '64.570', 1, 1),
(485, 260, 12, 'tele', '87.678', '48.767', 1, 0),
(486, 260, 8, 'tele', '48.959', '72.472', 1, 1),
(487, 260, 6, 'tele', '55.521', '48.767', 1, 0),
(488, 260, 4, 'tele', '56.834', '75.106', 1, 1),
(489, 263, 2, 'tele', '31.305', '122.788', 0, 0),
(490, 261, 13, 'tele', '22.118', '209.797', 0, 1),
(491, 261, 9, 'tele', '22.118', '207.108', 0, 1),
(492, 261, 5, 'tele', '29.208', '220.344', 0, 1),
(493, 261, 1, 'tele', '26.522', '221.018', 0, 1),
(494, 264, 10, 'tele', '20.089', '213.515', 0, 1),
(495, 264, 7, 'tele', '28.416', '218.528', 0, 1),
(496, 264, 1, 'tele', '21.754', '212.680', 0, 1),
(497, 267, 16, 'tele', '23.365', '214.700', 1, 1),
(498, 267, 14, 'tele', '37.803', '169.924', 1, 0),
(499, 267, 10, 'tele', '35.834', '172.558', 1, 0),
(500, 267, 8, 'tele', '39.771', '173.875', 1, 0),
(501, 267, 4, 'tele', '45.021', '168.607', 1, 0),
(502, 267, 2, 'tele', '37.146', '165.973', 1, 0),
(503, 266, 14, 'tele', '13.653', '134.873', 0, 1),
(504, 266, 12, 'tele', '28.111', '125.913', 0, 1),
(505, 266, 8, 'tele', '18.756', '132.740', 0, 1),
(506, 266, 6, 'tele', '27.261', '132.740', 0, 0),
(507, 266, 2, 'tele', '19.606', '134.873', 0, 0),
(508, 270, 13, 'tele', '27.703', '221.109', 0, 0),
(509, 270, 5, 'tele', '27.703', '218.038', 1, 1),
(510, 270, 3, 'tele', '21.583', '216.810', 1, 1),
(511, 265, 8, 'tele', '158.125', '169.816', 1, 0),
(512, 265, 1, 'tele', '156.111', '167.121', 1, 1),
(513, 269, 2, 'tele', '163.574', '167.682', 1, 0),
(514, 268, 11, 'tele', '32.580', '120.770', 1, 0),
(515, 268, 4, 'tele', '26.334', '126.201', 0, 0),
(516, 276, 9, 'tele', '37.496', '172.595', 1, 0),
(517, 276, 4, 'tele', '35.660', '165.840', 1, 1),
(518, 276, 3, 'tele', '47.288', '173.823', 1, 1),
(519, 275, 13, 'tele', '44.228', '100.132', 0, 1),
(520, 275, 9, 'tele', '33.824', '100.746', 0, 0),
(521, 275, 5, 'tele', '31.375', '93.377', 0, 1),
(522, 275, 1, 'tele', '49.736', '100.746', 0, 1),
(523, 274, 2, 'tele', '51.362', '217.643', 1, 0),
(524, 280, 10, 'auto', '21.583', '133.907', 1, 1),
(525, 280, 8, 'tele', '38.108', '169.525', 1, 0),
(526, 280, 4, 'tele', '29.539', '173.209', 1, 0),
(527, 278, 13, 'auto', '120.815', '78.551', 1, 0),
(528, 278, 11, 'tele', '63.832', '84.524', 1, 1),
(529, 278, 8, 'tele', '79.992', '93.058', 1, 1),
(530, 281, 16, 'tele', '26.479', '216.810', 0, 1),
(531, 281, 12, 'tele', '28.315', '221.109', 0, 1),
(532, 281, 10, 'tele', '22.807', '210.669', 0, 1),
(533, 281, 6, 'tele', '39.332', '243.216', 0, 1),
(534, 281, 2, 'tele', '31.987', '235.847', 0, 1),
(535, 277, 12, 'tele', '177.063', '172.163', 1, 0),
(536, 277, 10, 'tele', '156.661', '169.656', 1, 1),
(537, 277, 7, 'tele', '165.404', '164.643', 1, 1),
(538, 287, 11, 'tele', '23.419', '125.924', 0, 0),
(539, 287, 7, 'tele', '22.807', '125.924', 0, 1),
(540, 287, 5, 'tele', '16.687', '207.599', 0, 1),
(541, 287, 2, 'tele', '26.479', '130.837', 0, 1),
(542, 285, 3, 'tele', '156.505', '176.969', 1, 0),
(543, 286, 2, 'tele', '96.861', '34.274', 1, 0),
(544, 288, 16, 'auto', '162.150', '166.441', 1, 0),
(545, 288, 12, 'tele', '168.181', '190.294', 1, 1),
(546, 288, 8, 'tele', '167.522', '151.619', 1, 1),
(547, 288, 4, 'tele', '172.893', '159.030', 1, 1),
(548, 293, 13, 'tele', '28.612', '127.776', 0, 0),
(549, 293, 1, 'tele', '21.393', '206.791', 0, 1),
(550, 294, 9, 'tele', '23.419', '213.740', 0, 1),
(551, 294, 8, 'tele', '35.048', '242.602', 0, 1),
(552, 294, 6, 'tele', '43.004', '97.061', 0, 1),
(553, 294, 3, 'tele', '38.720', '93.991', 0, 1),
(554, 289, 5, 'tele', '26.338', '122.866', 0, 1),
(555, 289, 3, 'tele', '26.754', '127.879', 0, 0),
(556, 291, 1, 'tele', '25.135', '126.766', 0, 1),
(557, 300, 11, 'tele', '49.449', '226.317', 1, 0),
(558, 300, 9, 'tele', '71.955', '168.930', 1, 1),
(559, 300, 7, 'tele', '47.038', '100.593', 1, 0),
(560, 300, 1, 'tele', '71.401', '169.485', 1, 1),
(561, 298, 13, 'tele', '24.018', '129.093', 0, 1),
(562, 298, 9, 'tele', '58.799', '167.942', 0, 1),
(563, 298, 6, 'tele', '31.237', '136.994', 1, 1),
(564, 298, 2, 'tele', '25.987', '127.776', 0, 1),
(565, 296, 5, 'tele', '146.668', '214.775', 1, 1),
(566, 296, 2, 'tele', '117.939', '230.233', 1, 0),
(567, 297, 9, 'tele', '18.331', '213.809', 0, 1),
(568, 295, 7, 'auto', '130.188', '48.623', 1, 0),
(569, 295, 5, 'tele', '64.701', '72.573', 1, 1),
(570, 295, 3, 'tele', '69.597', '64.589', 1, 1),
(571, 306, 12, 'tele', '26.751', '208.084', 0, 1),
(572, 306, 4, 'tele', '20.922', '218.528', 0, 1),
(573, 301, 10, 'tele', '29.815', '218.114', 0, 1),
(574, 301, 5, 'tele', '26.143', '124.771', 0, 1),
(575, 301, 2, 'tele', '23.083', '203.375', 0, 1),
(576, 303, 10, 'auto', '11.454', '13.005', 1, 1),
(577, 304, 11, 'tele', '28.016', '132.364', 0, 1),
(578, 304, 7, 'tele', '34.050', '109.876', 0, 1),
(579, 304, 5, 'tele', '139.212', '172.149', 1, 1),
(580, 312, 12, 'auto', '111.791', '232.831', 1, 0),
(581, 312, 10, 'tele', '30.796', '221.138', 1, 0),
(582, 312, 4, 'tele', '186.377', '161.502', 1, 0),
(583, 310, 14, 'tele', '75.178', '167.262', 1, 1),
(584, 310, 10, 'tele', '63.788', '173.446', 1, 1),
(585, 310, 6, 'tele', '69.391', '169.122', 1, 1),
(586, 310, 4, 'tele', '60.197', '169.946', 1, 1),
(587, 310, 2, 'tele', '64.477', '171.557', 1, 0),
(588, 311, 13, 'tele', '36.185', '113.652', 0, 1),
(589, 311, 11, 'tele', '67.676', '94.155', 1, 1),
(590, 311, 8, 'tele', '66.134', '86.943', 1, 1),
(591, 311, 4, 'tele', '74.863', '83.574', 1, 0),
(592, 311, 1, 'tele', '75.534', '84.248', 1, 0),
(593, 308, 15, 'tele', '30.085', '218.118', 1, 1),
(594, 308, 11, 'tele', '23.840', '213.104', 1, 1),
(595, 308, 9, 'tele', '20.925', '212.269', 1, 1),
(596, 308, 5, 'tele', '23.007', '132.892', 1, 1),
(597, 308, 1, 'tele', '32.584', '221.460', 1, 1),
(598, 307, 4, 'auto', '89.794', '42.482', 1, 0),
(599, 313, 13, 'tele', '97.228', '24.697', 1, 0),
(600, 313, 10, 'tele', '68.675', '53.346', 1, 0),
(601, 313, 6, 'tele', '74.502', '34.637', 1, 1),
(602, 313, 2, 'tele', '114.709', '58.023', 1, 1),
(603, 316, 1, 'tele', '25.918', '207.249', 0, 0),
(604, 317, 8, 'tele', '27.898', '123.215', 1, 0),
(605, 317, 6, 'tele', '21.104', '127.110', 1, 0),
(606, 317, 1, 'tele', '46.337', '172.389', 1, 0),
(607, 314, 12, 'tele', '45.728', '91.610', 1, 1),
(608, 314, 8, 'tele', '54.908', '256.802', 1, 1),
(609, 318, 2, 'tele', '127.235', '154.988', 1, 0),
(610, 322, 10, 'tele', '25.648', '126.336', 0, 1),
(611, 322, 8, 'tele', '50.399', '172.458', 1, 0),
(612, 322, 4, 'tele', '53.935', '168.200', 1, 1),
(613, 324, 8, 'tele', '120.017', '172.574', 1, 1),
(614, 321, 10, 'tele', '24.372', '123.354', 0, 1),
(615, 321, 2, 'tele', '29.225', '127.736', 0, 1),
(616, 320, 8, 'tele', '24.919', '208.288', 0, 1),
(617, 320, 6, 'tele', '26.143', '223.641', 0, 1),
(618, 320, 5, 'tele', '32.875', '219.956', 0, 0),
(619, 320, 2, 'tele', '24.919', '218.728', 0, 1),
(620, 323, 6, 'tele', '21.818', '129.386', 0, 1),
(621, 323, 2, 'tele', '28.533', '126.692', 0, 1),
(622, 329, 14, 'tele', '59.904', '73.643', 1, 1),
(623, 329, 10, 'tele', '66.121', '67.405', 1, 1),
(624, 329, 6, 'tele', '61.769', '66.157', 1, 1),
(625, 329, 2, 'auto', '94.893', '11.243', 1, 1),
(626, 330, 10, 'tele', '137.077', '202.576', 1, 0),
(627, 325, 18, 'auto', '32.875', '122.929', 0, 1),
(628, 325, 16, 'tele', '35.935', '128.455', 0, 0),
(629, 325, 14, 'tele', '18.798', '211.359', 0, 1),
(630, 325, 12, 'tele', '22.471', '221.798', 0, 1),
(631, 325, 10, 'tele', '27.367', '124.771', 0, 1),
(632, 325, 8, 'tele', '31.039', '131.526', 0, 1),
(633, 325, 6, 'tele', '27.979', '125.999', 0, 1),
(634, 325, 3, 'tele', '28.591', '121.086', 0, 1),
(635, 328, 16, 'tele', '83.377', '170.902', 1, 1),
(636, 328, 14, 'tele', '81.295', '165.889', 1, 0),
(637, 328, 12, 'tele', '165.817', '176.333', 1, 1),
(638, 328, 11, 'tele', '169.981', '183.436', 1, 1),
(639, 328, 10, 'tele', '164.152', '153.356', 1, 1),
(640, 328, 6, 'tele', '152.493', '163.800', 1, 1),
(641, 328, 2, 'auto', '151.661', '174.662', 1, 1),
(642, 334, 4, 'tele', '25.255', '123.467', 1, 1),
(643, 334, 1, 'tele', '51.572', '170.753', 1, 1),
(644, 333, 16, 'auto', '21.984', '21.874', 1, 1),
(645, 333, 15, 'tele', '25.714', '21.250', 1, 1),
(646, 333, 13, 'tele', '15.145', '21.250', 1, 0),
(647, 333, 9, 'tele', '15.145', '20.626', 1, 0),
(648, 333, 4, 'tele', '17.010', '26.864', 1, 1),
(649, 336, 11, 'auto', '18.678', '14.153', 1, 1),
(650, 336, 6, 'tele', '127.372', '135.873', 1, 1),
(651, 336, 4, 'tele', '65.261', '250.777', 1, 1),
(652, 331, 15, 'auto', '96.704', '30.956', 1, 0),
(653, 331, 13, 'tele', '92.124', '170.909', 1, 1),
(654, 331, 9, 'tele', '82.964', '173.834', 1, 1),
(655, 331, 4, 'tele', '104.199', '168.403', 1, 0),
(656, 332, 16, 'tele', '41.916', '241.292', 1, 1),
(657, 332, 14, 'tele', '41.916', '249.807', 1, 1),
(658, 332, 10, 'tele', '41.916', '240.583', 1, 1),
(659, 332, 6, 'tele', '61.010', '254.064', 1, 1),
(660, 332, 4, 'tele', '56.060', '252.645', 1, 0),
(661, 335, 9, 'tele', '93.138', '155.334', 1, 0),
(662, 335, 6, 'tele', '29.876', '115.239', 1, 0),
(663, 335, 2, 'tele', '40.619', '169.135', 1, 0),
(664, 338, 4, 'tele', '170.211', '190.701', 1, 1),
(665, 338, 2, 'tele', '173.569', '171.837', 1, 0),
(666, 342, 13, 'tele', '27.091', '135.749', 0, 1),
(667, 342, 11, 'tele', '22.195', '128.994', 0, 1),
(668, 342, 5, 'tele', '25.867', '132.679', 0, 1),
(669, 342, 2, 'tele', '19.747', '129.608', 0, 1),
(670, 339, 6, 'tele', '122.519', '135.817', 1, 1),
(671, 339, 2, 'tele', '141.255', '173.416', 1, 1),
(672, 337, 7, 'tele', '21.219', '129.853', 0, 1),
(673, 337, 3, 'tele', '33.951', '224.243', 0, 1),
(674, 337, 1, 'tele', '31.121', '220.695', 0, 1),
(675, 348, 7, 'tele', '52.444', '227.100', 0, 0),
(676, 348, 5, 'tele', '56.796', '228.971', 0, 0),
(677, 348, 3, 'tele', '44.362', '230.842', 1, 0),
(678, 348, 1, 'tele', '163.730', '188.424', 1, 0),
(679, 347, 8, 'tele', '20.619', '123.215', 0, 1),
(680, 347, 1, 'tele', '12.370', '130.031', 0, 1),
(681, 346, 1, 'tele', '41.740', '241.924', 0, 0),
(682, 352, 7, 'tele', '109.801', '173.167', 1, 1),
(683, 354, 13, 'tele', '31.331', '108.654', 1, 1),
(684, 354, 11, 'tele', '21.338', '123.694', 1, 1),
(685, 354, 7, 'tele', '24.669', '125.783', 1, 1),
(686, 354, 3, 'tele', '39.242', '238.164', 1, 1),
(687, 354, 1, 'tele', '34.245', '236.075', 1, 0),
(688, 349, 2, 'tele', '29.225', '128.710', 0, 1),
(689, 357, 12, 'tele', '81.032', '173.021', 1, 1),
(690, 357, 2, 'tele', '79.308', '169.994', 1, 1),
(691, 360, 5, 'tele', '51.106', '170.329', 1, 0),
(692, 360, 3, 'tele', '48.277', '173.877', 1, 1),
(693, 359, 15, 'tele', '34.662', '236.493', 0, 1),
(694, 359, 13, 'tele', '35.911', '232.733', 0, 0),
(695, 359, 9, 'tele', '37.576', '236.493', 0, 1),
(696, 359, 5, 'tele', '39.242', '104.477', 0, 1),
(697, 359, 1, 'tele', '40.907', '104.477', 0, 1),
(698, 358, 13, 'tele', '36.279', '73.019', 1, 1),
(699, 358, 10, 'tele', '50.579', '74.267', 1, 1),
(700, 358, 6, 'tele', '46.848', '79.881', 1, 1),
(701, 358, 2, 'auto', '44.362', '67.405', 1, 1),
(702, 490, 15, 'auto', '125.064', '126.759', 1, 0),
(703, 490, 13, 'tele', '99.549', '65.316', 1, 1),
(704, 490, 11, 'tele', '129.317', '68.730', 1, 1),
(705, 490, 4, 'tele', '132.293', '155.347', 1, 1),
(706, 664, 8, 'tele', '20.093', '206.838', 0, 1),
(707, 664, 6, 'tele', '18.427', '198.482', 0, 1),
(708, 577, 11, 'tele', '20.922', '132.467', 0, 1),
(717, 665, 3, 'tele', '116.273', '79.835', 1, 0),
(718, 491, 6, 'tele', '32.164', '123.276', 0, 1),
(719, 491, 6, 'tele', '32.164', '123.276', 0, 1),
(720, 839, 5, 'tele', '48.831', '249.341', 0, 1),
(721, 839, 1, 'tele', '63.346', '238.328', 0, 1),
(722, 578, 15, 'tele', '14.260', '203.071', 0, 1),
(723, 578, 11, 'tele', '18.840', '207.666', 0, 1),
(724, 578, 7, 'tele', '25.502', '215.604', 0, 1),
(725, 578, 3, 'tele', '22.171', '213.097', 0, 1),
(726, 578, 1, 'tele', '155.408', '191.791', 1, 1),
(727, 752, 1, 'tele', '29.203', '131.526', 0, 1),
(728, 753, 10, 'tele', '51.320', '165.478', 1, 0),
(729, 840, 5, 'tele', '55.497', '99.124', 0, 0),
(730, 579, 12, 'tele', '20.089', '120.352', 0, 1),
(731, 579, 5, 'tele', '13.011', '206.413', 0, 1),
(732, 579, 1, 'tele', '29.665', '127.036', 0, 1),
(733, 666, 1, 'tele', '159.992', '189.291', 1, 0),
(734, 405, 6, 'tele', '19.747', '214.968', 0, 1),
(735, 405, 4, 'tele', '161.738', '155.400', 1, 0),
(736, 492, 13, 'tele', '23.430', '130.599', 1, 1),
(737, 492, 11, 'tele', '53.622', '81.530', 1, 1),
(738, 492, 9, 'tele', '56.599', '72.570', 1, 1),
(739, 492, 3, 'tele', '94.446', '60.196', 1, 0),
(740, 492, 1, 'tele', '133.994', '217.216', 1, 0),
(741, 493, 6, 'tele', '25.981', '125.052', 0, 1),
(742, 493, 2, 'tele', '33.211', '125.052', 0, 1),
(743, 754, 2, 'tele', '14.680', '132.892', 0, 0),
(744, 841, 2, 'tele', '37.459', '238.328', 0, 0),
(745, 580, 8, 'tele', '25.255', '206.985', 0, 0),
(746, 580, 4, 'tele', '21.583', '210.669', 0, 0),
(747, 407, 9, 'tele', '28.416', '119.517', 0, 1),
(748, 668, 16, 'tele', '51.736', '90.279', 1, 0),
(749, 668, 14, 'tele', '55.067', '83.595', 1, 0),
(750, 668, 9, 'tele', '60.480', '102.813', 1, 0),
(751, 668, 5, 'tele', '135.010', '167.149', 1, 0),
(752, 668, 1, 'tele', '54.235', '74.822', 1, 0),
(753, 755, 9, 'tele', '20.509', '205.167', 0, 1),
(754, 755, 2, 'tele', '28.420', '219.371', 1, 0),
(755, 842, 20, 'auto', '113.548', '195.464', 1, 0),
(756, 842, 17, 'tele', '40.595', '171.661', 1, 1),
(757, 842, 14, 'tele', '47.655', '172.150', 1, 1),
(758, 842, 10, 'tele', '75.501', '171.560', 1, 1),
(759, 842, 6, 'tele', '41.377', '176.589', 1, 1),
(760, 842, 5, 'tele', '57.068', '165.971', 1, 0),
(761, 408, 17, 'auto', '29.665', '37.633', 1, 1),
(762, 408, 16, 'tele', '55.896', '50.166', 1, 1),
(763, 408, 14, 'tele', '60.060', '47.660', 1, 1),
(764, 408, 12, 'tele', '90.871', '54.344', 1, 0),
(765, 408, 8, 'tele', '108.775', '44.318', 1, 0),
(766, 408, 4, 'tele', '104.611', '61.028', 1, 1),
(767, 756, 2, 'tele', '85.046', '165.896', 1, 0),
(768, 669, 1, 'tele', '30.399', '122.718', 0, 0),
(769, 843, 1, 'tele', '19.260', '205.167', 0, 1),
(770, 583, 15, 'tele', '32.785', '219.776', 0, 1),
(771, 583, 11, 'tele', '28.958', '213.803', 0, 1),
(772, 583, 5, 'tele', '28.958', '217.216', 0, 1),
(773, 583, 2, 'tele', '26.407', '214.656', 0, 1),
(774, 757, 14, 'auto', '47.573', '172.998', 1, 0),
(775, 757, 12, 'auto', '52.153', '167.149', 1, 0),
(776, 757, 8, 'auto', '51.320', '162.972', 1, 0),
(777, 757, 6, 'auto', '57.982', '173.416', 1, 1),
(778, 757, 2, 'auto', '58.398', '170.909', 1, 1),
(779, 496, 12, 'auto', '148.885', '154.172', 1, 1),
(780, 496, 5, 'tele', '38.108', '45.477', 1, 1),
(781, 409, 9, 'auto', '15.509', '15.074', 1, 1),
(782, 409, 8, 'tele', '127.928', '173.827', 1, 0),
(783, 409, 4, 'tele', '150.411', '160.876', 1, 1),
(784, 844, 16, 'auto', '158.262', '171.085', 1, 1),
(785, 844, 14, 'tele', '154.338', '212.850', 1, 1),
(786, 844, 12, 'tele', '132.770', '200.463', 1, 1),
(787, 844, 10, 'tele', '159.439', '203.412', 1, 1),
(788, 844, 8, 'tele', '137.082', '221.028', 1, 1),
(789, 844, 4, 'tele', '121.003', '161.648', 1, 1),
(790, 670, 14, 'tele', '17.427', '138.534', 0, 1),
(791, 670, 10, 'tele', '21.822', '138.152', 0, 1),
(792, 670, 7, 'tele', '21.151', '132.762', 0, 1),
(793, 670, 4, 'tele', '32.565', '211.586', 0, 1),
(794, 845, 12, 'tele', '34.848', '117.693', 1, 1),
(795, 845, 9, 'tele', '127.983', '165.426', 1, 1),
(796, 845, 5, 'tele', '18.465', '140.173', 1, 1),
(797, 845, 1, 'tele', '168.197', '185.985', 1, 1),
(798, 410, 8, 'tele', '25.131', '212.523', 0, 1),
(799, 410, 1, 'tele', '30.659', '215.936', 0, 1),
(800, 497, 9, 'tele', '19.673', '128.707', 0, 1),
(801, 497, 7, 'tele', '23.003', '134.974', 0, 1),
(802, 497, 5, 'tele', '20.922', '138.734', 0, 1),
(803, 497, 1, 'tele', '20.922', '129.125', 0, 1),
(804, 584, 20, 'auto', '177.357', '122.725', 1, 1),
(805, 584, 18, 'tele', '164.026', '85.883', 1, 1),
(806, 584, 16, 'tele', '164.814', '122.150', 1, 1),
(807, 584, 14, 'tele', '147.172', '124.609', 1, 1),
(808, 584, 8, 'tele', '132.664', '115.649', 1, 0),
(809, 584, 4, 'tele', '160.891', '121.546', 1, 0),
(810, 758, 9, 'tele', '18.186', '206.446', 0, 1),
(811, 759, 2, 'tele', '8.851', '114.092', 0, 1),
(812, 411, 1, 'tele', '47.153', '172.574', 1, 1),
(813, 585, 9, 'tele', '47.982', '86.558', 0, 0),
(814, 585, 5, 'tele', '28.382', '211.578', 0, 1),
(815, 585, 1, 'tele', '34.650', '234.772', 0, 1),
(816, 412, 16, 'tele', '20.028', '216.789', 1, 1),
(817, 412, 14, 'tele', '23.855', '204.842', 1, 0),
(818, 412, 12, 'tele', '29.383', '217.216', 1, 0),
(819, 412, 10, 'tele', '29.809', '223.190', 1, 1),
(820, 412, 6, 'tele', '99.124', '66.170', 1, 1),
(821, 412, 2, 'tele', '117.835', '124.626', 1, 0),
(822, 760, 2, 'tele', '30.502', '225.637', 0, 1),
(823, 673, 15, 'tele', '28.045', '125.257', 0, 1),
(824, 673, 5, 'tele', '34.317', '121.538', 0, 1),
(825, 673, 1, 'tele', '17.455', '121.933', 0, 1),
(826, 586, 15, 'tele', '172.872', '180.882', 1, 0),
(827, 586, 12, 'tele', '157.461', '188.277', 1, 0),
(828, 586, 9, 'tele', '142.720', '172.142', 1, 0),
(829, 586, 5, 'tele', '161.479', '151.619', 1, 1),
(830, 586, 1, 'tele', '90.977', '68.752', 1, 1),
(831, 499, 14, 'auto', '138.481', '174.438', 1, 1),
(832, 499, 13, 'tele', '74.830', '36.880', 1, 0),
(833, 499, 9, 'tele', '80.950', '38.108', 1, 0),
(834, 499, 7, 'tele', '76.054', '37.494', 1, 1),
(835, 499, 5, 'tele', '77.890', '43.635', 1, 0),
(836, 500, 15, 'auto', '9.954', '93.377', 0, 1),
(837, 500, 10, 'tele', '12.402', '212.512', 0, 1),
(838, 500, 7, 'tele', '18.523', '222.951', 0, 1),
(839, 500, 3, 'tele', '4.446', '111.800', 0, 1),
(840, 848, 12, 'tele', '25.505', '131.221', 0, 1),
(841, 848, 8, 'tele', '28.836', '135.399', 0, 1),
(842, 848, 2, 'tele', '25.089', '129.968', 0, 1),
(843, 761, 11, 'tele', '25.179', '216.302', 1, 0),
(844, 761, 8, 'tele', '46.666', '174.532', 1, 0),
(845, 761, 4, 'tele', '50.694', '170.490', 1, 1),
(846, 761, 3, 'tele', '50.929', '169.459', 1, 0),
(847, 501, 6, 'tele', '42.989', '204.742', 0, 1),
(848, 501, 3, 'tele', '18.840', '216.022', 0, 1),
(849, 501, 2, 'tele', '18.840', '219.782', 0, 1),
(850, 675, 6, 'tele', '26.522', '214.955', 0, 1),
(851, 502, 6, 'tele', '115.020', '169.649', 1, 0),
(852, 415, 13, 'tele', '21.304', '125.479', 0, 0),
(853, 415, 9, 'tele', '22.154', '123.772', 0, 1),
(854, 415, 7, 'tele', '24.280', '127.186', 0, 1),
(855, 415, 3, 'tele', '19.603', '123.346', 0, 1),
(856, 415, 1, 'tele', '40.015', '125.479', 0, 0),
(857, 850, 11, 'tele', '39.538', '172.821', 1, 1),
(858, 850, 9, 'tele', '37.528', '171.476', 1, 1),
(859, 850, 5, 'tele', '39.280', '168.469', 1, 1),
(860, 850, 3, 'tele', '39.280', '167.795', 1, 1),
(861, 850, 1, 'tele', '35.922', '171.837', 1, 1),
(862, 676, 7, 'tele', '113.663', '230.396', 1, 0),
(863, 763, 15, 'auto', '37.996', '172.998', 1, 1),
(864, 763, 13, 'tele', '28.836', '124.954', 0, 1),
(865, 763, 10, 'tele', '49.655', '173.834', 1, 1),
(866, 763, 3, 'tele', '51.320', '145.008', 1, 1),
(867, 590, 4, 'tele', '84.240', '166.014', 1, 0),
(868, 590, 1, 'tele', '83.815', '172.841', 1, 0),
(869, 416, 21, 'auto', '11.916', '24.437', 0, 1),
(870, 416, 18, 'tele', '62.096', '21.603', 1, 1),
(871, 416, 16, 'tele', '95.810', '56.987', 1, 1),
(872, 416, 14, 'tele', '104.437', '83.329', 1, 0),
(873, 416, 8, 'tele', '96.598', '44.098', 1, 1),
(874, 416, 4, 'tele', '80.914', '59.036', 1, 1),
(875, 851, 3, 'auto', '36.331', '128.297', 0, 1),
(876, 503, 17, 'auto', '15.463', '15.386', 1, 1),
(877, 503, 15, 'tele', '56.469', '43.635', 1, 0),
(878, 503, 8, 'tele', '55.245', '40.564', 1, 1),
(879, 503, 4, 'tele', '52.184', '19.685', 1, 1),
(880, 764, 15, 'tele', '23.424', '212.269', 0, 1),
(881, 764, 11, 'tele', '26.338', '218.118', 0, 1),
(882, 764, 9, 'tele', '25.505', '132.474', 0, 1),
(883, 764, 7, 'tele', '22.591', '131.221', 1, 0),
(884, 764, 5, 'tele', '152.913', '174.252', 1, 1),
(885, 764, 1, 'tele', '25.505', '216.864', 0, 1),
(886, 591, 10, 'auto', '26.518', '21.593', 1, 1),
(887, 591, 4, 'tele', '140.664', '159.704', 1, 0),
(888, 678, 5, 'tele', '45.728', '172.056', 1, 1),
(889, 678, 1, 'tele', '42.668', '175.127', 1, 1),
(890, 765, 4, 'tele', '13.531', '228.301', 0, 0),
(891, 765, 1, 'tele', '38.241', '131.565', 0, 0),
(892, 679, 3, 'tele', '21.768', '123.502', 0, 1),
(893, 418, 9, 'tele', '121.279', '165.419', 1, 0),
(894, 418, 5, 'tele', '110.449', '173.851', 1, 0),
(895, 418, 1, 'tele', '113.806', '167.788', 1, 1),
(896, 853, 13, 'tele', '23.695', '205.218', 0, 1),
(897, 853, 9, 'tele', '128.964', '181.882', 1, 0),
(898, 853, 5, 'tele', '21.859', '208.288', 0, 1),
(899, 853, 1, 'tele', '21.859', '207.060', 0, 1),
(900, 505, 4, 'tele', '137.921', '59.775', 1, 0),
(901, 766, 16, 'auto', '24.256', '127.043', 0, 0),
(902, 766, 11, 'tele', '23.840', '127.879', 0, 1),
(903, 766, 7, 'tele', '27.171', '124.537', 0, 1),
(904, 766, 2, 'tele', '20.925', '123.283', 0, 1),
(905, 854, 10, 'tele', '19.260', '143.754', 0, 1),
(906, 854, 5, 'tele', '11.349', '142.919', 0, 1),
(907, 854, 1, 'tele', '27.587', '141.665', 0, 1),
(908, 506, 2, 'tele', '57.391', '106.213', 0, 0),
(909, 680, 15, 'tele', '116.723', '213.201', 1, 1),
(910, 680, 11, 'tele', '143.041', '206.446', 1, 0),
(911, 680, 7, 'tele', '117.947', '205.218', 1, 1),
(912, 680, 5, 'tele', '118.560', '199.077', 1, 1),
(913, 680, 1, 'tele', '132.024', '186.795', 1, 1),
(914, 507, 16, 'auto', '66.380', '80.250', 1, 0),
(915, 507, 14, 'tele', '90.619', '77.264', 1, 1),
(916, 507, 12, 'tele', '128.891', '196.309', 1, 1),
(917, 507, 10, 'tele', '120.386', '174.548', 1, 1),
(918, 507, 8, 'tele', '119.961', '174.121', 1, 0),
(919, 507, 4, 'tele', '64.254', '61.050', 1, 1),
(920, 594, 9, 'tele', '41.545', '166.763', 1, 1),
(921, 768, 1, 'tele', '31.039', '116.788', 1, 0),
(922, 681, 6, 'tele', '19.260', '211.015', 0, 1),
(923, 420, 11, 'tele', '77.131', '42.229', 1, 1),
(924, 420, 9, 'tele', '147.497', '171.320', 1, 1),
(925, 420, 5, 'tele', '126.679', '172.574', 1, 1),
(926, 420, 3, 'tele', '147.497', '167.978', 1, 1),
(927, 421, 14, 'tele', '20.028', '133.586', 0, 0),
(928, 421, 9, 'tele', '29.809', '125.479', 0, 0),
(929, 421, 4, 'tele', '23.430', '130.172', 0, 0),
(930, 682, 8, 'tele', '21.768', '223.777', 1, 1),
(931, 682, 6, 'tele', '117.861', '148.276', 1, 1),
(932, 682, 2, 'tele', '148.455', '148.276', 1, 1),
(933, 595, 9, 'tele', '43.555', '199.034', 1, 0),
(934, 595, 7, 'tele', '23.161', '215.622', 0, 1),
(935, 769, 12, 'tele', '49.655', '90.697', 1, 1),
(936, 769, 10, 'tele', '47.573', '92.786', 1, 1),
(937, 769, 8, 'tele', '68.807', '73.569', 1, 0),
(938, 769, 4, 'tele', '51.736', '80.671', 1, 1),
(939, 769, 1, 'tele', '85.462', '91.533', 1, 1),
(940, 508, 12, 'tele', '42.573', '165.889', 1, 0),
(941, 508, 9, 'tele', '37.160', '168.396', 1, 1),
(942, 508, 5, 'tele', '35.494', '173.409', 1, 1),
(943, 596, 2, 'tele', '49.124', '168.911', 1, 1),
(944, 509, 4, 'tele', '38.766', '102.338', 1, 0),
(945, 509, 2, 'tele', '46.848', '109.824', 1, 1),
(946, 683, 5, 'tele', '18.465', '139.499', 0, 1),
(947, 683, 3, 'tele', '16.450', '132.762', 0, 1),
(948, 683, 1, 'tele', '17.122', '126.699', 0, 1),
(949, 770, 12, 'tele', '22.174', '213.522', 0, 1),
(950, 770, 8, 'tele', '33.833', '127.879', 0, 1),
(951, 770, 4, 'tele', '33.833', '124.537', 0, 0),
(952, 771, 4, 'tele', '53.684', '168.986', 1, 1),
(953, 771, 1, 'tele', '49.400', '174.513', 1, 1),
(954, 510, 8, 'auto', '51.362', '27.656', 1, 1),
(955, 510, 7, 'auto', '103.063', '82.227', 1, 0),
(956, 510, 6, 'auto', '148.721', '152.966', 1, 0),
(957, 510, 4, 'tele', '108.435', '165.767', 1, 0),
(958, 510, 3, 'tele', '43.976', '26.982', 1, 1),
(959, 510, 2, 'tele', '69.491', '33.046', 1, 0),
(960, 510, 1, 'tele', '158.122', '134.776', 1, 0),
(961, 597, 14, 'auto', '53.398', '58.104', 0, 0),
(962, 597, 4, 'tele', '75.882', '27.189', 0, 0),
(963, 424, 16, 'auto', '9.822', '22.648', 1, 1),
(964, 424, 13, 'tele', '122.938', '64.036', 1, 1),
(965, 424, 12, 'tele', '132.719', '81.104', 1, 0),
(966, 424, 9, 'tele', '152.705', '78.970', 1, 1),
(967, 424, 7, 'tele', '114.433', '61.903', 1, 1),
(968, 424, 3, 'tele', '119.111', '48.249', 1, 1),
(969, 598, 8, 'tele', '35.919', '212.927', 0, 0),
(970, 598, 4, 'tele', '23.833', '216.969', 0, 1),
(971, 598, 3, 'tele', '22.490', '217.643', 0, 0),
(972, 772, 1, 'tele', '54.320', '108.956', 1, 1),
(973, 512, 13, 'tele', '26.832', '127.612', 0, 1),
(974, 512, 9, 'tele', '24.706', '117.372', 0, 1),
(975, 512, 5, 'tele', '20.453', '121.639', 0, 1),
(976, 512, 1, 'tele', '30.659', '116.945', 0, 1),
(977, 687, 7, 'tele', '29.610', '214.339', 0, 1),
(978, 600, 8, 'tele', '24.895', '207.858', 0, 0),
(979, 600, 6, 'tele', '19.130', '214.414', 0, 0),
(980, 600, 4, 'tele', '15.287', '212.100', 0, 1),
(981, 600, 1, 'tele', '22.589', '211.329', 0, 0),
(982, 774, 16, 'tele', '17.178', '134.563', 0, 1),
(983, 774, 15, 'tele', '20.509', '134.981', 0, 1),
(984, 774, 11, 'tele', '25.089', '129.550', 0, 1),
(985, 774, 9, 'tele', '15.929', '139.159', 0, 1),
(986, 774, 5, 'tele', '23.840', '130.803', 0, 1),
(987, 774, 3, 'tele', '21.342', '136.234', 1, 0),
(988, 513, 16, 'auto', '116.492', '166.441', 1, 0),
(989, 513, 13, 'tele', '160.811', '161.385', 1, 0),
(990, 513, 9, 'tele', '157.461', '149.956', 1, 0),
(991, 513, 4, 'tele', '160.807', '136.124', 1, 1),
(992, 688, 13, 'auto', '18.843', '208.927', 0, 1),
(993, 688, 9, 'auto', '22.591', '213.940', 0, 1),
(994, 688, 5, 'auto', '18.427', '200.153', 0, 0),
(995, 862, 4, 'tele', '27.973', '130.354', 0, 1),
(996, 862, 2, 'tele', '23.746', '128.811', 1, 0),
(997, 775, 2, 'tele', '28.536', '219.671', 0, 0),
(998, 601, 1, 'tele', '32.012', '231.984', 0, 1),
(999, 776, 12, 'auto', '25.089', '212.269', 0, 1),
(1000, 776, 11, 'auto', '125.017', '176.758', 1, 0),
(1001, 776, 9, 'auto', '21.342', '207.255', 0, 1),
(1002, 776, 2, 'auto', '23.424', '209.762', 0, 1),
(1003, 428, 13, 'tele', '115.709', '159.614', 1, 1),
(1004, 428, 9, 'tele', '119.111', '172.414', 1, 1),
(1005, 428, 7, 'tele', '119.111', '170.281', 1, 0),
(1006, 428, 3, 'tele', '44.692', '97.744', 1, 1),
(1007, 428, 1, 'tele', '51.921', '100.731', 1, 1),
(1008, 689, 11, 'tele', '51.418', '172.002', 1, 0),
(1009, 689, 8, 'tele', '57.567', '172.773', 1, 1),
(1010, 689, 4, 'tele', '49.496', '172.002', 1, 1),
(1011, 689, 2, 'tele', '52.571', '170.074', 1, 0),
(1012, 863, 12, 'tele', '38.241', '219.244', 1, 0),
(1013, 863, 6, 'tele', '21.768', '134.515', 0, 1),
(1014, 863, 2, 'tele', '22.944', '123.897', 0, 1),
(1015, 602, 17, 'auto', '183.348', '156.847', 1, 0),
(1016, 602, 15, 'tele', '168.497', '181.682', 1, 1),
(1017, 602, 11, 'tele', '140.917', '166.781', 0, 1),
(1018, 602, 7, 'tele', '134.553', '160.395', 1, 1),
(1019, 602, 4, 'tele', '129.602', '166.072', 1, 1),
(1020, 429, 17, 'auto', '11.098', '9.848', 1, 1),
(1021, 429, 14, 'tele', '77.862', '59.343', 1, 1),
(1022, 429, 10, 'tele', '69.357', '69.157', 1, 1),
(1023, 429, 6, 'tele', '116.985', '93.904', 1, 1),
(1024, 429, 4, 'tele', '74.885', '64.463', 1, 0),
(1025, 603, 1, 'tele', '35.548', '102.211', 0, 1),
(1026, 690, 1, 'tele', '25.692', '130.976', 0, 1),
(1027, 516, 13, 'tele', '121.266', '163.383', 1, 0),
(1028, 516, 9, 'tele', '120.850', '175.916', 1, 0),
(1029, 516, 5, 'tele', '120.017', '165.054', 1, 1),
(1030, 516, 1, 'tele', '133.340', '158.369', 1, 0),
(1031, 777, 8, 'tele', '72.940', '67.111', 1, 0),
(1032, 777, 6, 'tele', '66.407', '79.451', 1, 0),
(1033, 777, 1, 'tele', '94.847', '234.474', 1, 1),
(1034, 865, 13, 'tele', '16.443', '205.166', 0, 1),
(1035, 865, 11, 'tele', '18.749', '205.552', 0, 1),
(1036, 865, 7, 'tele', '16.059', '209.794', 0, 1),
(1037, 865, 3, 'tele', '23.746', '217.506', 0, 1),
(1038, 430, 11, 'tele', '42.141', '171.561', 1, 0),
(1039, 430, 5, 'tele', '66.805', '171.134', 1, 1),
(1040, 517, 7, 'tele', '26.811', '217.475', 0, 1),
(1041, 517, 5, 'tele', '70.329', '211.578', 0, 0),
(1042, 691, 7, 'tele', '10.407', '119.961', 0, 1),
(1043, 691, 3, 'tele', '26.522', '215.629', 0, 1),
(1044, 604, 16, 'auto', '33.426', '114.274', 0, 1),
(1045, 604, 13, 'tele', '32.012', '110.016', 0, 1);
INSERT INTO `matchshoots` (`id`, `teamMatchID`, `orderID`, `mode`, `coordX`, `coordY`, `highLow`, `scoreMiss`) VALUES
(1046, 604, 11, 'tele', '34.841', '110.726', 0, 1),
(1047, 604, 7, 'tele', '32.719', '111.435', 0, 1),
(1048, 604, 3, 'tele', '36.962', '112.854', 0, 1),
(1049, 779, 13, 'tele', '35.494', '255.614', 0, 0),
(1050, 779, 9, 'tele', '30.787', '215.914', 0, 1),
(1051, 779, 7, 'tele', '14.313', '133.730', 0, 1),
(1052, 779, 2, 'tele', '38.241', '118.783', 0, 1),
(1053, 866, 11, 'tele', '73.032', '34.100', 1, 1),
(1054, 866, 7, 'tele', '48.988', '65.321', 1, 1),
(1055, 866, 5, 'tele', '38.380', '109.314', 0, 0),
(1056, 866, 2, 'tele', '145.871', '156.854', 1, 1),
(1057, 606, 7, 'tele', '133.272', '166.432', 1, 1),
(1058, 606, 1, 'tele', '143.157', '162.024', 1, 0),
(1059, 867, 14, 'tele', '34.711', '236.444', 0, 1),
(1060, 867, 9, 'tele', '158.262', '174.229', 1, 0),
(1061, 867, 5, 'tele', '163.363', '171.870', 1, 0),
(1062, 867, 1, 'tele', '152.773', '162.432', 1, 1),
(1063, 780, 12, 'tele', '36.044', '174.701', 1, 1),
(1064, 780, 10, 'tele', '32.585', '172.773', 1, 1),
(1065, 780, 8, 'tele', '35.660', '170.459', 1, 1),
(1066, 780, 4, 'tele', '33.354', '172.002', 1, 1),
(1067, 780, 1, 'tele', '42.962', '175.858', 1, 1),
(1068, 868, 6, 'tele', '34.123', '237.738', 0, 1),
(1069, 868, 2, 'tele', '32.946', '235.379', 0, 1),
(1070, 694, 14, 'tele', '52.186', '87.935', 1, 0),
(1071, 694, 12, 'tele', '61.026', '78.679', 1, 0),
(1072, 694, 2, 'tele', '61.795', '100.660', 1, 1),
(1073, 434, 11, 'tele', '135.469', '175.248', 1, 0),
(1074, 434, 7, 'tele', '114.053', '71.111', 1, 0),
(1075, 434, 3, 'tele', '126.134', '81.580', 1, 0),
(1076, 521, 12, 'tele', '20.028', '125.906', 0, 1),
(1077, 521, 1, 'tele', '23.430', '209.109', 0, 1),
(1078, 782, 4, 'tele', '73.541', '232.825', 0, 0),
(1079, 782, 1, 'tele', '48.831', '238.328', 1, 1),
(1080, 869, 11, 'auto', '137.893', '166.603', 1, 1),
(1081, 869, 9, 'auto', '8.373', '32.789', 1, 1),
(1082, 869, 7, 'tele', '160.952', '167.374', 1, 0),
(1083, 869, 5, 'tele', '133.665', '169.302', 1, 1),
(1084, 608, 8, 'tele', '103.735', '228.422', 1, 1),
(1085, 608, 6, 'tele', '152.079', '134.102', 1, 0),
(1086, 608, 1, 'tele', '145.364', '171.830', 1, 0),
(1087, 609, 9, 'tele', '15.758', '128.414', 0, 1),
(1088, 609, 7, 'tele', '30.035', '154.861', 0, 1),
(1089, 783, 11, 'tele', '36.966', '103.637', 0, 1),
(1090, 783, 7, 'tele', '37.673', '107.185', 0, 1),
(1091, 783, 1, 'tele', '32.016', '235.616', 0, 1),
(1092, 870, 5, 'tele', '24.121', '124.487', 1, 1),
(1093, 870, 3, 'tele', '27.063', '116.819', 1, 1),
(1094, 870, 1, 'tele', '28.239', '130.976', 1, 0),
(1095, 522, 5, 'tele', '48.724', '168.139', 1, 1),
(1096, 522, 3, 'tele', '49.108', '171.995', 1, 0),
(1097, 522, 1, 'tele', '50.261', '168.910', 1, 0),
(1098, 435, 6, 'tele', '28.958', '218.496', 0, 1),
(1099, 610, 5, 'tele', '23.430', '116.945', 0, 1),
(1100, 610, 1, 'tele', '32.785', '112.252', 0, 1),
(1101, 697, 14, 'tele', '31.309', '102.927', 0, 1),
(1102, 697, 10, 'tele', '33.430', '102.218', 0, 1),
(1103, 697, 6, 'tele', '47.574', '241.292', 0, 1),
(1104, 697, 5, 'tele', '16.458', '263.289', 0, 1),
(1105, 697, 1, 'tele', '152.236', '157.564', 1, 1),
(1106, 784, 5, 'tele', '22.977', '141.151', 0, 1),
(1107, 784, 1, 'tele', '26.436', '136.524', 0, 1),
(1108, 785, 2, 'tele', '19.276', '220.876', 0, 0),
(1109, 611, 1, 'tele', '39.065', '110.898', 0, 1),
(1110, 872, 13, 'tele', '21.768', '204.102', 0, 1),
(1111, 872, 9, 'tele', '21.179', '207.066', 0, 1),
(1112, 872, 5, 'tele', '20.003', '137.464', 0, 0),
(1113, 872, 1, 'tele', '23.533', '129.206', 0, 1),
(1114, 873, 11, 'tele', '26.358', '228.520', 0, 1),
(1115, 873, 1, 'tele', '24.944', '237.035', 0, 1),
(1116, 612, 16, 'tele', '22.205', '215.571', 1, 1),
(1117, 612, 14, 'tele', '26.048', '214.414', 1, 1),
(1118, 612, 9, 'tele', '27.585', '129.190', 1, 1),
(1119, 612, 5, 'tele', '20.667', '125.719', 1, 1),
(1120, 612, 3, 'tele', '23.358', '124.562', 1, 0),
(1121, 612, 1, 'tele', '25.279', '129.190', 1, 1),
(1122, 699, 16, 'auto', '23.669', '26.929', 1, 1),
(1123, 699, 12, 'tele', '157.657', '85.333', 1, 1),
(1124, 699, 8, 'tele', '106.588', '42.357', 1, 1),
(1125, 699, 4, 'tele', '113.727', '48.968', 1, 1),
(1126, 786, 5, 'tele', '70.794', '103.842', 1, 0),
(1127, 786, 3, 'tele', '28.045', '140.018', 0, 1),
(1128, 786, 1, 'tele', '21.768', '135.694', 0, 0),
(1129, 787, 4, 'tele', '20.003', '132.155', 0, 0),
(1130, 439, 15, 'tele', '45.968', '173.694', 1, 1),
(1131, 439, 13, 'tele', '42.566', '169.854', 1, 1),
(1132, 439, 9, 'tele', '53.197', '164.734', 1, 0),
(1133, 439, 5, 'tele', '47.244', '174.548', 1, 1),
(1134, 439, 1, 'tele', '40.440', '169.001', 1, 1),
(1135, 526, 12, 'tele', '33.879', '83.784', 0, 1),
(1136, 526, 7, 'tele', '28.937', '84.335', 0, 1),
(1137, 526, 3, 'tele', '81.654', '225.387', 0, 1),
(1138, 874, 1, 'tele', '117.584', '212.200', 1, 0),
(1139, 701, 19, 'auto', '170.617', '163.417', 1, 1),
(1140, 701, 17, 'tele', '38.241', '88.686', 1, 0),
(1141, 701, 11, 'tele', '35.105', '112.676', 1, 1),
(1142, 701, 7, 'tele', '71.776', '91.456', 1, 1),
(1143, 701, 3, 'tele', '52.950', '99.714', 0, 1),
(1144, 440, 11, 'tele', '175.244', '173.694', 1, 0),
(1145, 440, 1, 'tele', '177.795', '145.533', 1, 0),
(1146, 875, 13, 'auto', '40.692', '86.435', 1, 0),
(1147, 875, 11, 'tele', '124.709', '156.962', 1, 1),
(1148, 875, 9, 'tele', '23.120', '218.672', 0, 1),
(1149, 875, 7, 'tele', '31.357', '218.121', 0, 1),
(1150, 875, 5, 'tele', '70.894', '229.692', 0, 1),
(1151, 875, 3, 'tele', '76.386', '214.264', 0, 1),
(1152, 527, 7, 'tele', '18.576', '208.645', 0, 1),
(1153, 527, 1, 'tele', '30.598', '119.950', 0, 1),
(1154, 528, 17, 'auto', '104.168', '138.882', 0, 0),
(1155, 528, 14, 'tele', '22.897', '211.613', 0, 1),
(1156, 528, 12, 'tele', '17.954', '224.285', 0, 1),
(1157, 528, 8, 'tele', '14.660', '222.632', 0, 1),
(1158, 528, 6, 'tele', '37.174', '227.040', 0, 1),
(1159, 528, 4, 'tele', '15.758', '65.601', 0, 1),
(1160, 441, 1, 'tele', '24.706', '120.359', 0, 1),
(1161, 876, 15, 'tele', '24.944', '217.167', 0, 1),
(1162, 876, 11, 'tele', '23.530', '136.277', 0, 1),
(1163, 876, 8, 'tele', '17.165', '140.534', 0, 1),
(1164, 876, 4, 'tele', '22.115', '132.729', 0, 1),
(1165, 876, 2, 'tele', '19.287', '136.277', 0, 1),
(1166, 615, 10, 'tele', '123.959', '183.571', 1, 0),
(1167, 615, 7, 'tele', '121.864', '198.779', 1, 0),
(1168, 615, 2, 'tele', '139.321', '192.042', 1, 1),
(1169, 702, 10, 'auto', '22.208', '24.691', 1, 1),
(1170, 702, 9, 'tele', '135.587', '171.616', 1, 0),
(1171, 702, 7, 'tele', '140.583', '180.871', 1, 0),
(1172, 702, 3, 'tele', '134.818', '178.172', 1, 1),
(1173, 616, 15, 'auto', '22.897', '131.169', 0, 0),
(1174, 616, 6, 'tele', '7.521', '130.067', 0, 0),
(1175, 616, 2, 'tele', '10.266', '132.822', 0, 0),
(1176, 790, 1, 'tele', '31.181', '126.257', 0, 1),
(1177, 529, 5, 'tele', '17.593', '203.617', 0, 1),
(1178, 529, 3, 'tele', '18.746', '207.473', 0, 1),
(1179, 878, 6, 'tele', '47.524', '230.748', 0, 1),
(1180, 878, 1, 'tele', '67.551', '224.050', 0, 1),
(1181, 530, 16, 'auto', '180.498', '152.106', 1, 1),
(1182, 530, 11, 'tele', '182.694', '154.310', 1, 1),
(1183, 530, 7, 'tele', '178.301', '209.409', 1, 1),
(1184, 530, 3, 'tele', '192.029', '171.942', 1, 1),
(1185, 618, 5, 'tele', '95.931', '159.269', 1, 1),
(1186, 618, 1, 'tele', '76.162', '173.044', 1, 1),
(1187, 444, 6, 'tele', '20.878', '209.536', 0, 1),
(1188, 444, 4, 'tele', '23.005', '210.816', 1, 0),
(1189, 531, 11, 'tele', '25.648', '121.369', 0, 0),
(1190, 531, 7, 'tele', '22.819', '129.174', 0, 1),
(1191, 705, 9, 'tele', '63.100', '221.817', 0, 1),
(1192, 705, 5, 'tele', '43.074', '232.236', 0, 1),
(1193, 705, 1, 'tele', '28.982', '235.213', 0, 1),
(1194, 532, 7, 'tele', '24.706', '213.376', 1, 0),
(1195, 532, 1, 'tele', '25.981', '214.229', 0, 1),
(1196, 793, 14, 'tele', '40.143', '113.985', 0, 1),
(1197, 793, 9, 'tele', '24.218', '148.146', 0, 1),
(1198, 793, 5, 'tele', '30.259', '112.883', 0, 0),
(1199, 793, 1, 'tele', '53.322', '89.190', 0, 0),
(1200, 619, 4, 'tele', '105.374', '158.552', 1, 1),
(1201, 619, 1, 'tele', '121.692', '180.134', 1, 0),
(1202, 706, 3, 'tele', '20.479', '195.417', 0, 1),
(1203, 706, 2, 'tele', '21.151', '213.607', 0, 0),
(1204, 880, 9, 'tele', '145.368', '165.774', 1, 0),
(1205, 880, 5, 'tele', '142.682', '167.795', 1, 1),
(1206, 880, 1, 'tele', '152.082', '169.816', 1, 1),
(1207, 620, 11, 'tele', '30.696', '229.854', 0, 1),
(1208, 620, 1, 'tele', '15.707', '204.475', 0, 1),
(1209, 794, 12, 'tele', '24.237', '126.343', 1, 0),
(1210, 794, 11, 'tele', '18.579', '139.115', 1, 1),
(1211, 794, 9, 'tele', '42.623', '169.626', 1, 1),
(1212, 794, 5, 'tele', '45.452', '171.046', 1, 1),
(1213, 794, 1, 'tele', '41.209', '171.046', 1, 1),
(1214, 446, 4, 'tele', '38.314', '107.132', 0, 1),
(1215, 446, 1, 'tele', '38.314', '104.145', 0, 0),
(1216, 533, 9, 'auto', '20.475', '13.508', 1, 0),
(1217, 533, 8, 'tele', '121.864', '173.851', 1, 0),
(1218, 533, 4, 'tele', '135.293', '183.957', 1, 0),
(1219, 881, 15, 'tele', '28.240', '214.375', 0, 1),
(1220, 881, 11, 'tele', '33.432', '209.910', 0, 1),
(1221, 881, 9, 'tele', '29.723', '220.329', 0, 1),
(1222, 881, 5, 'tele', '29.723', '226.283', 0, 1),
(1223, 881, 1, 'tele', '32.690', '221.817', 0, 1),
(1224, 534, 7, 'tele', '34.486', '228.737', 0, 1),
(1225, 534, 5, 'tele', '33.211', '230.443', 0, 0),
(1226, 534, 1, 'tele', '35.337', '234.283', 0, 1),
(1227, 795, 8, 'tele', '16.458', '205.814', 0, 0),
(1228, 795, 4, 'tele', '19.287', '205.814', 0, 1),
(1229, 708, 16, 'auto', '159.468', '163.753', 1, 1),
(1230, 708, 12, 'tele', '160.815', '172.149', 1, 1),
(1231, 708, 8, 'tele', '146.711', '170.490', 1, 1),
(1232, 708, 4, 'tele', '158.125', '169.142', 1, 1),
(1233, 796, 11, 'tele', '32.445', '227.938', 0, 1),
(1234, 796, 5, 'tele', '29.635', '218.538', 0, 1),
(1235, 796, 1, 'tele', '39.471', '232.168', 0, 1),
(1236, 535, 1, 'tele', '35.762', '125.052', 0, 1),
(1237, 709, 11, 'tele', '28.982', '130.279', 0, 1),
(1238, 709, 9, 'tele', '18.598', '121.348', 0, 0),
(1239, 448, 13, 'tele', '32.164', '80.709', 1, 1),
(1240, 448, 11, 'tele', '32.164', '82.726', 1, 1),
(1241, 448, 9, 'tele', '54.276', '230.631', 1, 1),
(1242, 448, 5, 'tele', '94.334', '222.359', 1, 1),
(1243, 448, 1, 'tele', '113.135', '221.685', 1, 1),
(1244, 449, 16, 'auto', '45.118', '65.743', 1, 1),
(1245, 449, 12, 'tele', '99.124', '173.694', 1, 1),
(1246, 449, 8, 'tele', '85.941', '173.694', 1, 1),
(1247, 449, 4, 'tele', '90.194', '171.988', 1, 1),
(1248, 536, 10, 'tele', '23.742', '213.257', 0, 1),
(1249, 536, 6, 'tele', '26.817', '202.460', 0, 1),
(1250, 536, 2, 'tele', '27.970', '214.414', 0, 1),
(1251, 710, 14, 'tele', '37.265', '247.293', 0, 0),
(1252, 710, 10, 'tele', '21.822', '210.239', 0, 1),
(1253, 710, 6, 'tele', '21.822', '208.891', 0, 1),
(1254, 797, 6, 'tele', '23.165', '143.541', 0, 1),
(1255, 797, 1, 'tele', '24.508', '210.239', 0, 1),
(1256, 884, 12, 'tele', '89.060', '166.745', 1, 1),
(1257, 884, 7, 'tele', '46.041', '85.626', 1, 0),
(1258, 884, 3, 'tele', '72.743', '81.905', 1, 1),
(1259, 884, 1, 'tele', '61.617', '72.974', 1, 1),
(1260, 450, 13, 'tele', '22.154', '125.052', 0, 1),
(1261, 450, 1, 'tele', '26.832', '206.549', 0, 1),
(1262, 537, 6, 'tele', '20.283', '201.303', 0, 1),
(1263, 537, 2, 'tele', '25.664', '214.414', 0, 1),
(1264, 711, 2, 'tele', '13.765', '141.520', 0, 1),
(1265, 798, 12, 'tele', '149.139', '177.908', 1, 0),
(1266, 798, 2, 'tele', '147.656', '219.585', 1, 0),
(1267, 451, 13, 'tele', '159.509', '178.814', 1, 1),
(1268, 451, 9, 'tele', '23.855', '122.492', 0, 1),
(1269, 451, 7, 'tele', '166.739', '164.734', 1, 0),
(1270, 451, 5, 'tele', '175.244', '166.441', 1, 0),
(1271, 451, 1, 'tele', '173.117', '186.495', 1, 1),
(1272, 886, 1, 'tele', '27.589', '219.049', 0, 0),
(1273, 799, 15, 'tele', '175.099', '224.794', 1, 1),
(1274, 799, 12, 'tele', '163.231', '222.561', 1, 1),
(1275, 799, 10, 'tele', '157.298', '192.793', 1, 0),
(1276, 799, 6, 'tele', '158.040', '174.187', 1, 1),
(1277, 799, 2, 'tele', '161.748', '195.025', 1, 1),
(1278, 712, 10, 'tele', '15.417', '134.500', 0, 1),
(1279, 712, 2, 'tele', '17.122', '140.173', 0, 0),
(1280, 800, 9, 'tele', '130.975', '144.622', 1, 0),
(1281, 800, 5, 'tele', '155.572', '152.335', 1, 0),
(1282, 800, 1, 'tele', '140.967', '162.747', 1, 0),
(1283, 452, 12, 'tele', '25.981', '209.962', 0, 1),
(1284, 452, 8, 'tele', '23.005', '125.052', 0, 0),
(1285, 452, 6, 'tele', '30.234', '125.906', 0, 0),
(1286, 626, 2, 'tele', '24.504', '219.664', 0, 1),
(1287, 713, 14, 'auto', '17.165', '19.909', 1, 0),
(1288, 713, 13, 'tele', '17.165', '129.891', 0, 1),
(1289, 713, 9, 'tele', '22.823', '132.020', 0, 1),
(1290, 713, 5, 'tele', '17.165', '134.858', 0, 1),
(1291, 713, 1, 'tele', '20.701', '137.696', 0, 1),
(1292, 887, 11, 'tele', '38.829', '239.842', 0, 1),
(1293, 887, 5, 'tele', '40.911', '239.006', 0, 1),
(1294, 887, 1, 'tele', '35.082', '116.599', 0, 1),
(1295, 801, 14, 'tele', '32.585', '120.713', 0, 1),
(1296, 801, 10, 'tele', '16.443', '107.987', 0, 1),
(1297, 888, 9, 'tele', '49.351', '170.490', 1, 0),
(1298, 888, 7, 'tele', '43.980', '171.837', 1, 0),
(1299, 888, 5, 'tele', '50.023', '171.837', 1, 0),
(1300, 888, 3, 'tele', '21.822', '136.804', 1, 0),
(1301, 888, 1, 'tele', '15.108', '139.499', 1, 0),
(1302, 714, 12, 'tele', '55.619', '170.804', 1, 0),
(1303, 714, 9, 'tele', '22.118', '212.486', 1, 1),
(1304, 714, 7, 'tele', '50.023', '170.490', 1, 1),
(1305, 714, 4, 'tele', '53.380', '167.121', 1, 1),
(1306, 714, 1, 'tele', '51.366', '169.142', 1, 1),
(1307, 889, 2, 'tele', '53.402', '254.464', 0, 0),
(1308, 454, 13, 'tele', '16.626', '212.523', 0, 0),
(1309, 454, 11, 'tele', '28.108', '208.256', 0, 1),
(1310, 454, 6, 'tele', '23.005', '217.216', 0, 1),
(1311, 454, 1, 'tele', '23.855', '126.332', 0, 1),
(1312, 715, 2, 'tele', '9.682', '106.959', 0, 0),
(1313, 628, 16, 'auto', '68.078', '39.769', 1, 1),
(1314, 628, 12, 'tele', '66.664', '46.865', 1, 1),
(1315, 628, 8, 'tele', '63.835', '36.931', 1, 1),
(1316, 628, 4, 'tele', '70.200', '46.865', 1, 1),
(1317, 455, 12, 'auto', '121.237', '112.678', 1, 0),
(1318, 455, 10, 'tele', '142.499', '137.853', 1, 0),
(1319, 629, 10, 'tele', '57.179', '94.098', 1, 1),
(1320, 629, 6, 'tele', '58.332', '77.901', 1, 1),
(1321, 629, 1, 'tele', '68.709', '82.529', 1, 0),
(1322, 542, 11, 'tele', '21.404', '202.259', 0, 0),
(1323, 542, 9, 'tele', '17.869', '202.969', 0, 1),
(1324, 542, 5, 'tele', '23.526', '136.980', 0, 1),
(1325, 542, 1, 'tele', '14.333', '201.550', 0, 1),
(1326, 803, 11, 'tele', '22.118', '134.500', 0, 1),
(1327, 890, 1, 'tele', '16.345', '123.701', 0, 1),
(1328, 804, 1, 'tele', '41.041', '216.735', 0, 0),
(1329, 717, 10, 'tele', '26.754', '113.675', 0, 1),
(1330, 717, 6, 'tele', '33.833', '117.852', 0, 1),
(1331, 717, 3, 'tele', '30.918', '106.990', 0, 0),
(1332, 630, 8, 'tele', '18.461', '204.168', 0, 1),
(1333, 456, 16, 'auto', '143.775', '138.279', 1, 0),
(1334, 456, 14, 'tele', '44.692', '169.001', 1, 1),
(1335, 456, 12, 'tele', '43.417', '177.108', 1, 1),
(1336, 456, 8, 'tele', '26.407', '132.306', 1, 1),
(1337, 456, 4, 'tele', '51.071', '174.548', 1, 1),
(1338, 891, 13, 'tele', '105.562', '219.296', 1, 1),
(1339, 891, 9, 'tele', '108.391', '217.167', 1, 1),
(1340, 891, 5, 'tele', '121.827', '199.428', 1, 1),
(1341, 891, 1, 'tele', '131.020', '182.399', 1, 0),
(1342, 805, 2, 'tele', '18.843', '138.741', 0, 1),
(1343, 457, 13, 'tele', '44.692', '175.828', 1, 1),
(1344, 457, 9, 'tele', '46.819', '171.988', 1, 1),
(1345, 457, 5, 'tele', '26.407', '131.026', 1, 1),
(1346, 457, 1, 'tele', '45.968', '171.988', 1, 1),
(1347, 544, 11, 'tele', '16.454', '202.969', 0, 1),
(1348, 544, 7, 'tele', '17.161', '141.237', 0, 1),
(1349, 544, 1, 'tele', '18.576', '136.270', 0, 1),
(1350, 718, 8, 'auto', '19.902', '139.609', 0, 1),
(1351, 893, 11, 'tele', '23.007', '205.584', 0, 1),
(1352, 893, 9, 'tele', '25.922', '210.180', 0, 1),
(1353, 893, 7, 'tele', '25.089', '129.132', 0, 1),
(1354, 893, 1, 'tele', '22.591', '114.092', 0, 1),
(1355, 719, 3, 'tele', '20.479', '208.891', 0, 1),
(1356, 545, 15, 'auto', '23.526', '16.354', 1, 0),
(1357, 545, 14, 'tele', '88.586', '149.042', 1, 0),
(1358, 545, 12, 'tele', '91.415', '159.686', 1, 0),
(1359, 545, 8, 'tele', '59.592', '236.318', 1, 1),
(1360, 545, 6, 'tele', '79.393', '240.576', 1, 1),
(1361, 545, 4, 'tele', '109.801', '156.138', 1, 0),
(1362, 806, 16, 'auto', '157.454', '197.438', 1, 1),
(1363, 806, 12, 'tele', '86.952', '22.273', 1, 1),
(1364, 806, 9, 'tele', '72.852', '34.400', 1, 1),
(1365, 806, 6, 'tele', '99.710', '45.853', 1, 1),
(1366, 806, 4, 'tele', '151.411', '171.837', 1, 0),
(1367, 460, 10, 'tele', '21.304', '208.682', 1, 0),
(1368, 460, 7, 'tele', '157.383', '162.600', 1, 1),
(1369, 460, 3, 'tele', '29.809', '209.962', 0, 1),
(1370, 460, 1, 'tele', '151.430', '163.881', 1, 0),
(1371, 634, 6, 'tele', '29.204', '118.607', 0, 1),
(1372, 547, 10, 'tele', '117.835', '173.178', 1, 0),
(1373, 547, 8, 'tele', '150.064', '166.441', 1, 1),
(1374, 547, 5, 'tele', '84.263', '103.112', 1, 0),
(1375, 547, 1, 'tele', '87.620', '74.142', 1, 1),
(1376, 461, 17, 'auto', '87.217', '38.862', 1, 1),
(1377, 461, 14, 'tele', '88.068', '172.414', 1, 1),
(1378, 461, 12, 'tele', '96.998', '180.095', 1, 1),
(1379, 461, 8, 'tele', '100.400', '164.307', 1, 1),
(1380, 461, 4, 'tele', '84.666', '170.281', 1, 1),
(1381, 809, 12, 'tele', '56.060', '79.512', 1, 1),
(1382, 809, 8, 'tele', '21.408', '134.858', 0, 1),
(1383, 809, 1, 'tele', '60.303', '257.612', 1, 1),
(1384, 896, 7, 'tele', '17.122', '206.870', 0, 1),
(1385, 896, 5, 'tele', '27.865', '138.152', 0, 1),
(1386, 896, 3, 'tele', '25.179', '135.457', 0, 1),
(1387, 548, 2, 'auto', '19.130', '204.773', 0, 1),
(1388, 722, 2, 'tele', '69.640', '75.240', 1, 0),
(1389, 897, 7, 'tele', '22.678', '212.827', 1, 1),
(1390, 897, 5, 'tele', '21.571', '219.494', 1, 1),
(1391, 897, 3, 'tele', '24.339', '212.272', 1, 1),
(1392, 897, 1, 'tele', '45.380', '171.714', 1, 1),
(1393, 723, 13, 'tele', '22.115', '138.406', 0, 0),
(1394, 723, 9, 'tele', '20.701', '203.685', 0, 1),
(1395, 723, 7, 'tele', '15.044', '203.685', 0, 1),
(1396, 462, 6, 'tele', '25.131', '129.746', 0, 1),
(1397, 462, 1, 'tele', '29.809', '128.039', 0, 1),
(1398, 636, 15, 'tele', '12.212', '142.301', 0, 0),
(1399, 636, 13, 'tele', '22.205', '205.930', 0, 0),
(1400, 636, 11, 'tele', '20.283', '205.930', 0, 1),
(1401, 636, 10, 'tele', '21.436', '204.773', 0, 0),
(1402, 636, 8, 'tele', '14.903', '202.845', 0, 1),
(1403, 636, 4, 'tele', '14.903', '134.974', 0, 1),
(1404, 636, 1, 'tele', '20.283', '205.159', 0, 1),
(1405, 724, 7, 'tele', '21.859', '138.281', 0, 1),
(1406, 724, 6, 'tele', '26.755', '134.596', 0, 0),
(1407, 724, 1, 'tele', '20.022', '138.895', 0, 1),
(1408, 463, 15, 'tele', '26.029', '174.240', 0, 1),
(1409, 463, 13, 'tele', '15.444', '71.629', 0, 1),
(1410, 463, 7, 'tele', '39.749', '96.383', 0, 1),
(1411, 463, 1, 'tele', '49.158', '104.639', 0, 1),
(1412, 898, 13, 'tele', '40.502', '109.314', 0, 1),
(1413, 898, 1, 'tele', '33.430', '234.197', 0, 1),
(1414, 551, 7, 'tele', '181.226', '176.006', 1, 1),
(1415, 551, 2, 'tele', '176.983', '167.491', 1, 1),
(1416, 551, 1, 'tele', '174.155', '167.491', 1, 1),
(1417, 638, 11, 'tele', '17.208', '214.414', 0, 1),
(1418, 638, 2, 'tele', '21.436', '138.831', 0, 1),
(1419, 899, 9, 'auto', '12.422', '13.515', 1, 1),
(1420, 899, 8, 'tele', '154.097', '169.142', 1, 1),
(1421, 899, 4, 'tele', '99.038', '190.027', 1, 1),
(1422, 725, 1, 'tele', '41.771', '124.293', 0, 1),
(1423, 464, 10, 'tele', '29.087', '203.812', 0, 1),
(1424, 464, 6, 'tele', '12.223', '111.854', 0, 1),
(1425, 464, 2, 'tele', '19.555', '213.376', 0, 0),
(1426, 812, 13, 'tele', '33.430', '109.314', 0, 1),
(1427, 812, 9, 'tele', '35.552', '119.247', 0, 1),
(1428, 812, 5, 'tele', '35.552', '110.023', 0, 1),
(1429, 812, 1, 'tele', '36.259', '232.068', 0, 1),
(1430, 726, 15, 'auto', '76.399', '36.646', 1, 1),
(1431, 726, 13, 'tele', '47.190', '93.719', 1, 1),
(1432, 726, 9, 'tele', '104.071', '174.316', 1, 1),
(1433, 726, 4, 'tele', '149.422', '170.074', 1, 0),
(1434, 813, 2, 'tele', '21.373', '128.221', 0, 1),
(1435, 900, 2, 'tele', '159.150', '219.636', 1, 1),
(1436, 465, 1, 'tele', '79.393', '45.446', 1, 0),
(1437, 552, 14, 'tele', '32.012', '227.804', 0, 1),
(1438, 552, 5, 'tele', '30.598', '234.190', 0, 1),
(1439, 552, 1, 'tele', '33.426', '235.609', 0, 1),
(1440, 901, 2, 'tele', '13.979', '144.598', 0, 1),
(1441, 553, 15, 'tele', '21.818', '206.190', 0, 1),
(1442, 553, 13, 'tele', '20.475', '206.863', 0, 1),
(1443, 553, 9, 'tele', '19.804', '205.516', 0, 1),
(1444, 553, 5, 'tele', '16.447', '204.168', 0, 1),
(1445, 553, 1, 'tele', '21.147', '206.190', 0, 1),
(1446, 466, 15, 'auto', '42.574', '92.555', 1, 1),
(1447, 466, 11, 'tele', '91.769', '162.740', 1, 1),
(1448, 466, 7, 'tele', '90.232', '175.466', 1, 1),
(1449, 466, 3, 'tele', '84.082', '171.224', 1, 1),
(1450, 814, 20, 'auto', '124.139', '140.808', 1, 1),
(1451, 814, 18, 'tele', '23.215', '314.758', 1, 1),
(1452, 814, 14, 'tele', '63.734', '221.697', 1, 0),
(1453, 814, 12, 'tele', '95.504', '214.029', 1, 1),
(1454, 814, 8, 'tele', '97.075', '170.690', 1, 0),
(1455, 814, 4, 'tele', '126.886', '182.098', 1, 1),
(1456, 727, 4, 'tele', '38.380', '109.314', 0, 1),
(1457, 727, 1, 'tele', '36.966', '237.744', 0, 1),
(1458, 554, 13, 'tele', '55.642', '169.295', 1, 1),
(1459, 554, 9, 'tele', '32.966', '171.609', 1, 1),
(1460, 554, 5, 'tele', '42.574', '168.139', 1, 1),
(1461, 554, 1, 'tele', '45.649', '173.537', 1, 1),
(1462, 641, 11, 'tele', '25.241', '210.213', 0, 1),
(1463, 641, 5, 'tele', '24.459', '206.465', 0, 1),
(1464, 641, 1, 'tele', '26.417', '220.223', 0, 1),
(1465, 467, 12, 'tele', '20.475', '127.365', 0, 1),
(1466, 467, 8, 'tele', '23.833', '129.386', 0, 1),
(1467, 467, 6, 'tele', '27.861', '125.344', 0, 1),
(1468, 467, 2, 'tele', '17.790', '135.450', 0, 1),
(1469, 728, 1, 'tele', '24.237', '139.115', 0, 0),
(1470, 815, 13, 'tele', '31.309', '108.604', 0, 0),
(1471, 815, 5, 'tele', '34.137', '235.616', 0, 1),
(1472, 815, 1, 'tele', '31.309', '232.068', 0, 1),
(1473, 642, 1, 'tele', '75.033', '86.163', 0, 0),
(1474, 555, 11, 'tele', '19.899', '219.427', 0, 1),
(1475, 555, 9, 'tele', '22.973', '211.715', 0, 1),
(1476, 555, 7, 'tele', '22.973', '212.100', 0, 1),
(1477, 555, 5, 'tele', '24.895', '214.414', 0, 1),
(1478, 555, 1, 'tele', '22.589', '208.630', 0, 1),
(1479, 903, 1, 'tele', '35.552', '112.152', 0, 1),
(1480, 468, 8, 'tele', '21.755', '123.257', 0, 1),
(1481, 468, 5, 'tele', '22.855', '127.671', 0, 0),
(1482, 468, 2, 'tele', '14.056', '125.464', 0, 1),
(1483, 816, 7, 'tele', '19.808', '137.478', 0, 1),
(1484, 729, 5, 'tele', '20.701', '208.652', 0, 1),
(1485, 729, 2, 'tele', '17.872', '207.943', 0, 1),
(1486, 469, 14, 'tele', '121.363', '172.381', 1, 1),
(1487, 469, 10, 'tele', '150.956', '167.753', 1, 0),
(1488, 556, 9, 'tele', '22.490', '133.429', 1, 0),
(1489, 556, 7, 'tele', '22.490', '129.386', 1, 0),
(1490, 556, 4, 'tele', '27.861', '126.692', 1, 0),
(1491, 556, 2, 'tele', '52.033', '174.525', 1, 1),
(1492, 817, 12, 'tele', '24.237', '127.762', 0, 1),
(1493, 817, 10, 'tele', '24.944', '208.652', 0, 0),
(1494, 817, 8, 'tele', '17.872', '205.814', 0, 1),
(1495, 817, 7, 'tele', '20.701', '211.491', 0, 1),
(1496, 817, 4, 'tele', '22.823', '208.652', 1, 0),
(1497, 817, 1, 'tele', '162.843', '198.009', 1, 1),
(1498, 904, 15, 'auto', '29.894', '105.766', 0, 0),
(1499, 904, 4, 'tele', '33.430', '108.604', 0, 1),
(1500, 471, 21, 'auto', '26.029', '14.612', 1, 1),
(1501, 471, 20, 'tele', '76.603', '3.912', 1, 1),
(1502, 471, 16, 'tele', '78.562', '17.871', 1, 1),
(1503, 471, 12, 'tele', '56.215', '41.459', 1, 1),
(1504, 471, 8, 'tele', '66.018', '44.487', 1, 1),
(1505, 471, 4, 'tele', '24.853', '21.294', 1, 1),
(1506, 645, 11, 'tele', '43.727', '245.650', 1, 1),
(1507, 645, 9, 'tele', '41.421', '251.435', 1, 1),
(1508, 645, 7, 'tele', '47.955', '251.049', 1, 1),
(1509, 645, 5, 'tele', '157.490', '159.269', 1, 1),
(1510, 645, 1, 'tele', '155.568', '187.420', 1, 1),
(1511, 819, 14, 'tele', '20.701', '136.986', 0, 1),
(1512, 819, 12, 'tele', '20.701', '136.277', 0, 1),
(1513, 819, 9, 'tele', '22.823', '136.277', 0, 1),
(1514, 819, 5, 'tele', '22.823', '220.005', 0, 1),
(1515, 819, 2, 'tele', '22.823', '209.362', 0, 1),
(1516, 906, 10, 'tele', '64.795', '37.769', 1, 1),
(1517, 906, 6, 'tele', '68.823', '28.337', 1, 1),
(1518, 907, 5, 'tele', '27.205', '137.295', 0, 1),
(1519, 907, 1, 'tele', '24.899', '132.668', 0, 1),
(1520, 733, 12, 'tele', '27.498', '121.348', 0, 1),
(1521, 733, 8, 'tele', '25.273', '119.115', 0, 1),
(1522, 646, 6, 'tele', '19.990', '209.355', 0, 1),
(1523, 559, 14, 'tele', '15.775', '207.537', 0, 0),
(1524, 559, 12, 'tele', '37.933', '171.830', 1, 1),
(1525, 559, 10, 'tele', '41.962', '174.525', 1, 0),
(1526, 559, 7, 'tele', '39.947', '171.830', 1, 1),
(1527, 559, 1, 'tele', '42.633', '173.178', 1, 1),
(1528, 820, 11, 'tele', '23.510', '210.440', 0, 1),
(1529, 820, 9, 'tele', '9.580', '129.517', 0, 1),
(1530, 820, 5, 'tele', '25.343', '211.911', 0, 1),
(1531, 820, 1, 'tele', '13.612', '129.517', 0, 1),
(1532, 647, 14, 'tele', '18.576', '107.178', 0, 1),
(1533, 647, 8, 'tele', '17.161', '202.259', 0, 1),
(1534, 647, 2, 'tele', '17.869', '107.178', 0, 1),
(1535, 908, 7, 'tele', '26.522', '218.323', 0, 1),
(1536, 560, 11, 'tele', '141.998', '171.443', 1, 1),
(1537, 560, 7, 'tele', '26.154', '112.958', 0, 1),
(1538, 560, 5, 'tele', '162.893', '152.316', 1, 0),
(1539, 560, 1, 'tele', '21.022', '210.801', 0, 1),
(1540, 473, 1, 'tele', '32.012', '119.950', 0, 1),
(1541, 561, 12, 'tele', '20.774', '209.790', 0, 1),
(1542, 561, 3, 'tele', '26.518', '214.948', 0, 1),
(1543, 648, 14, 'auto', '185.479', '110.178', 1, 0),
(1544, 474, 11, 'tele', '19.990', '133.432', 0, 1),
(1545, 474, 8, 'tele', '26.355', '134.141', 0, 0),
(1546, 474, 4, 'tele', '18.576', '141.237', 0, 1),
(1547, 909, 13, 'tele', '146.686', '199.773', 1, 1),
(1548, 909, 2, 'tele', '163.549', '161.886', 1, 1),
(1549, 822, 16, 'auto', '14.336', '126.343', 1, 0),
(1550, 822, 14, 'tele', '29.894', '140.534', 1, 1),
(1551, 822, 12, 'tele', '55.353', '174.593', 1, 1),
(1552, 822, 8, 'tele', '54.645', '166.788', 1, 1),
(1553, 822, 4, 'tele', '7.972', '124.924', 1, 0),
(1554, 475, 9, 'auto', '21.561', '29.058', 1, 1),
(1555, 475, 8, 'tele', '145.427', '166.738', 1, 0),
(1556, 475, 4, 'tele', '155.069', '145.900', 1, 1),
(1557, 823, 5, 'tele', '23.165', '212.260', 0, 1),
(1558, 823, 1, 'tele', '21.822', '211.586', 0, 1),
(1559, 649, 4, 'tele', '18.456', '125.096', 0, 1),
(1560, 649, 2, 'tele', '11.857', '126.568', 0, 0),
(1561, 563, 14, 'auto', '69.492', '59.637', 1, 0),
(1562, 563, 12, 'tele', '32.012', '58.218', 1, 1),
(1563, 563, 8, 'tele', '52.520', '48.994', 1, 1),
(1564, 563, 4, 'tele', '60.299', '48.994', 1, 1),
(1565, 650, 11, 'tele', '30.461', '169.715', 1, 0),
(1566, 650, 7, 'tele', '23.786', '215.112', 1, 1),
(1567, 650, 5, 'tele', '107.599', '180.134', 1, 1),
(1568, 650, 1, 'tele', '42.329', '171.204', 1, 1),
(1569, 911, 2, 'tele', '24.243', '216.693', 0, 1),
(1570, 912, 17, 'auto', '19.287', '20.618', 1, 0),
(1571, 912, 16, 'tele', '15.044', '210.781', 0, 1),
(1572, 912, 14, 'tele', '27.773', '221.425', 0, 1),
(1573, 912, 10, 'tele', '33.430', '41.195', 1, 0),
(1574, 912, 5, 'tele', '38.380', '36.228', 1, 1),
(1575, 912, 2, 'tele', '154.357', '102.927', 1, 1),
(1576, 738, 13, 'tele', '161.006', '212.887', 1, 1),
(1577, 738, 9, 'tele', '149.139', '168.234', 1, 1),
(1578, 738, 5, 'tele', '163.973', '212.887', 1, 1),
(1579, 738, 1, 'tele', '135.788', '223.306', 1, 1),
(1580, 477, 8, 'tele', '15.523', '116.636', 0, 1),
(1581, 477, 4, 'tele', '15.523', '122.522', 0, 1),
(1582, 477, 1, 'tele', '23.221', '126.936', 0, 1),
(1583, 739, 3, 'tele', '34.915', '241.167', 0, 1),
(1584, 739, 1, 'tele', '24.531', '103.487', 0, 1),
(1585, 652, 2, 'tele', '29.183', '120.660', 1, 0),
(1586, 478, 10, 'tele', '18.089', '131.350', 0, 1),
(1587, 478, 1, 'tele', '24.321', '221.100', 0, 1),
(1588, 565, 7, 'tele', '9.382', '202.259', 0, 1),
(1589, 565, 5, 'tele', '9.382', '208.645', 0, 1),
(1590, 565, 1, 'tele', '15.747', '100.792', 0, 1),
(1591, 826, 12, 'tele', '52.269', '168.787', 1, 1),
(1592, 826, 7, 'tele', '48.680', '171.837', 1, 1),
(1593, 826, 3, 'tele', '45.994', '173.185', 1, 1),
(1594, 826, 1, 'tele', '57.409', '172.511', 1, 0),
(1595, 740, 3, 'tele', '44.745', '201.557', 0, 1),
(1596, 914, 4, 'tele', '25.179', '126.025', 0, 1),
(1597, 827, 15, 'auto', '24.944', '131.310', 1, 0),
(1598, 827, 12, 'tele', '111.927', '173.884', 1, 1),
(1599, 827, 9, 'tele', '136.678', '171.046', 1, 1),
(1600, 827, 6, 'tele', '167.794', '177.432', 1, 1),
(1601, 827, 3, 'tele', '143.042', '171.046', 1, 1),
(1602, 827, 1, 'tele', '129.606', '171.755', 1, 1),
(1603, 566, 11, 'auto', '25.847', '128.039', 0, 0),
(1604, 566, 4, 'tele', '24.504', '132.081', 0, 1),
(1605, 479, 1, 'tele', '164.711', '166.738', 1, 0);

-- --------------------------------------------------------

--
-- Table structure for table `scouters`
--

CREATE TABLE IF NOT EXISTS `scouters` (
  `scouterName` varchar(15) NOT NULL
) ENGINE=InnoDB DEFAULT CHARSET=latin1;

--
-- Dumping data for table `scouters`
--

INSERT INTO `scouters` (`scouterName`) VALUES
('Tori A.'),
('William A.'),
('Neha A.'),
('Tiye B.'),
('Albert C.'),
('Evan C.'),
('Aisha D.'),
('Kate F.'),
('Isaac F.'),
('Alexandre G.'),
('Kyle G.'),
('Martin G.'),
('Anisha G.'),
('Sarah H.'),
('Kashyap J.'),
('Gus K.'),
('Sadie K.'),
('Isandro M.'),
('Joaquin M.'),
('Sarah M.'),
('Roman M.'),
('Omeed M.'),
('Rahi M.'),
('Ishan M.'),
('Kavi N.'),
('Anna O.'),
('Jan O.'),
('Caleb P.'),
('Thomas P.'),
('Nolan P.'),
('Chloe P.'),
('Rima R.'),
('Lyle R.'),
('Nishant S.'),
('Alex S.'),
('Luie S.'),
('Mikhail S.'),
('Elizabeth S.'),
('Jay S.'),
('Robert S.'),
('Maggie T.'),
('Neil T.'),
('Ha T.'),
('Jazmin T.'),
('Maia V.'),
('Philip W.'),
('Justin W.'),
('Jack Z.');

-- --------------------------------------------------------

--
-- Table structure for table `teammatches`
--

CREATE TABLE IF NOT EXISTS `teammatches` (
  `id` int(11) NOT NULL AUTO_INCREMENT,
  `matchID` int(11) NOT NULL,
  `side` enum('blue','red') NOT NULL,
  `position` int(11) NOT NULL,
  `teamNumber` int(11) NOT NULL,
  `deviceID` varchar(10) NOT NULL,
  `collectionStarted` tinyint(1) NOT NULL,
  `collectionEnded` tinyint(1) NOT NULL,
  `scouterName` varchar(15) NOT NULL,
  PRIMARY KEY (`id`),
  UNIQUE KEY `unique_slots` (`matchID`,`side`,`position`),
  KEY `teamNumber` (`teamNumber`)
) ENGINE=InnoDB  DEFAULT CHARSET=latin1 AUTO_INCREMENT=925 ;

--
-- Dumping data for table `teammatches`
--

INSERT INTO `teammatches` (`id`, `matchID`, `side`, `position`, `teamNumber`, `deviceID`, `collectionStarted`, `collectionEnded`, `scouterName`) VALUES
(1, 1, 'red', 1, 4213, 'tkIvJo', 1, 1, 'Sarah M.'),
(2, 1, 'red', 2, 2022, 'lxHmaj', 1, 1, 'Ha T.'),
(3, 1, 'red', 3, 2081, 'vGYNit', 1, 1, 'Kyle G.'),
(4, 1, 'blue', 1, 4143, 'DoWG4r', 1, 1, 'Sarah H.'),
(5, 1, 'blue', 2, 93, 'Sxxni4', 1, 1, 'Maggie T.'),
(6, 1, 'blue', 3, 4655, 'd8UxOU', 1, 1, 'Isaac F.'),
(7, 2, 'red', 1, 5442, 'd8UxOU', 1, 1, 'Isaac F.'),
(8, 2, 'red', 2, 876, 'lxHmaj', 1, 1, 'Ha T.'),
(9, 2, 'red', 3, 3352, 'Sxxni4', 1, 1, 'Maggie T.'),
(10, 2, 'blue', 1, 81, 'vGYNit', 1, 1, 'Kyle G.'),
(11, 2, 'blue', 2, 4296, 'DoWG4r', 1, 1, 'Sarah H.'),
(12, 2, 'blue', 3, 2358, 'tkIvJo', 1, 1, 'Sarah M.'),
(13, 3, 'red', 1, 111, 'Sxxni4', 1, 1, 'Maggie T.'),
(14, 3, 'red', 2, 1732, 'vGYNit', 1, 1, 'Kyle G.'),
(15, 3, 'red', 3, 2704, 'lVIuDL', 1, 1, 'Isaac F.'),
(16, 3, 'blue', 1, 5847, 'DoWG4r', 1, 1, 'Sarah H.'),
(17, 3, 'blue', 2, 2220, 'tkIvJo', 1, 1, 'Sarah M.'),
(18, 3, 'blue', 3, 4212, 'lxHmaj', 1, 1, 'Ha T.'),
(19, 4, 'red', 1, 3528, 'vGYNit', 1, 1, 'Kyle G.'),
(20, 4, 'red', 2, 4646, 'lxHmaj', 1, 1, 'Ha T.'),
(21, 4, 'red', 3, 1736, 'tkIvJo', 1, 1, 'Sarah M.'),
(22, 4, 'blue', 1, 4314, 'lVIuDL', 1, 1, 'Isaac F.'),
(23, 4, 'blue', 2, 1094, 'Sxxni4', 1, 1, 'Maggie T.'),
(24, 4, 'blue', 3, 2040, 'DoWG4r', 1, 1, 'Sarah H.'),
(25, 5, 'red', 1, 2481, 'vGYNit', 1, 1, 'Anisha G.'),
(26, 5, 'red', 2, 2709, 'Sxxni4', 1, 1, 'Rima R.'),
(27, 5, 'red', 3, 2169, 'lVIuDL', 1, 1, 'Isaac F.'),
(28, 5, 'blue', 1, 2039, 'DoWG4r', 1, 1, 'Sarah H.'),
(29, 5, 'blue', 2, 4645, 'tkIvJo', 1, 1, 'Sarah M.'),
(30, 5, 'blue', 3, 4787, 'lxHmaj', 1, 1, 'Ha T.'),
(31, 6, 'red', 1, 1038, 'vGYNit', 1, 1, 'Anisha G.'),
(32, 6, 'red', 2, 1756, 'tkIvJo', 1, 1, 'Sarah M.'),
(33, 6, 'red', 3, 5822, 'lxHmaj', 1, 1, 'Ha T.'),
(34, 6, 'blue', 1, 5541, 'DoWG4r', 1, 1, 'Sarah H.'),
(35, 6, 'blue', 2, 1091, 'Sxxni4', 1, 1, 'Kavi N.'),
(36, 6, 'blue', 3, 1781, 'lVIuDL', 1, 1, 'Isaac F.'),
(37, 7, 'red', 1, 4021, 'DoWG4r', 1, 1, 'Sarah H.'),
(38, 7, 'red', 2, 1625, 'lVIuDL', 1, 1, 'Isaac F.'),
(39, 7, 'red', 3, 2220, '', 0, 0, ''),
(40, 7, 'blue', 1, 4156, 'tkIvJo', 1, 1, 'Sarah H.'),
(41, 7, 'blue', 2, 4096, 'lxHmaj', 1, 1, 'Ha T.'),
(42, 7, 'blue', 3, 4143, 'Sxxni4', 1, 1, 'Kavi N.'),
(43, 8, 'red', 1, 93, 'lxHmaj', 1, 1, 'Ha T.'),
(44, 8, 'red', 2, 3352, 'Sxxni4', 1, 1, 'Maggie T.'),
(45, 8, 'red', 3, 2169, 'vGYNit', 1, 1, 'Anisha G.'),
(46, 8, 'blue', 1, 111, '', 0, 0, ''),
(47, 8, 'blue', 2, 2709, 'DoWG4r', 1, 1, 'Sarah H.'),
(48, 8, 'blue', 3, 876, 'lVIuDL', 1, 1, 'Isaac F.'),
(49, 9, 'red', 1, 4314, 'lVIuDL', 1, 1, 'Isaac F.'),
(50, 9, 'red', 2, 3528, 'DoWG4r', 1, 1, 'Sarah H.'),
(51, 9, 'red', 3, 1038, 'tkIvJo', 1, 1, 'Sarah M.'),
(52, 9, 'blue', 1, 4655, 'vGYNit', 1, 1, 'Anisha G.'),
(53, 9, 'blue', 2, 2081, 'lxHmaj', 1, 1, 'Ha T.'),
(54, 9, 'blue', 3, 4296, 'Sxxni4', 1, 1, 'Maggie T.'),
(55, 10, 'red', 1, 4645, 'DoWG4r', 1, 1, 'Sarah H.'),
(56, 10, 'red', 2, 4156, 'lVIuDL', 1, 1, 'Isaac F.'),
(57, 10, 'red', 3, 1756, 'tkIvJo', 1, 1, 'Sarah M.'),
(58, 10, 'blue', 1, 81, 'vGYNit', 1, 1, 'Anisha G.'),
(59, 10, 'blue', 2, 1732, 'U09KLW', 1, 1, 'Ha T.'),
(60, 10, 'blue', 3, 5822, 'Sxxni4', 1, 1, 'Maggie T.'),
(61, 11, 'red', 1, 2481, 'lVIuDL', 1, 1, 'Isaac F.'),
(62, 11, 'red', 2, 2358, 'U09KLW', 1, 1, 'Ha T.'),
(63, 11, 'red', 3, 4096, 'tkIvJo', 1, 1, 'Sarah M.'),
(64, 11, 'blue', 1, 1094, 'DoWG4r', 1, 1, 'Sarah H.'),
(65, 11, 'blue', 2, 5847, 'vGYNit', 1, 1, 'Anisha G.'),
(66, 11, 'blue', 3, 2704, '9xEkNl', 1, 1, 'Maggie T.'),
(67, 12, 'red', 1, 1625, 'lVIuDL', 1, 1, 'Kyle G.'),
(68, 12, 'red', 2, 1091, 'tkIvJo', 1, 1, 'Sarah M.'),
(69, 12, 'red', 3, 4787, 'vGYNit', 1, 1, 'Anisha G.'),
(70, 12, 'blue', 1, 1736, 'DoWG4r', 1, 1, 'Sarah H.'),
(71, 12, 'blue', 2, 4212, '9xEkNl', 1, 1, 'Maggie T.'),
(72, 12, 'blue', 3, 5541, 'U09KLW', 1, 1, 'Ha T.'),
(73, 13, 'red', 1, 2040, 'tkIvJo', 1, 1, 'Sarah M.'),
(74, 13, 'red', 2, 5442, 'U09KLW', 1, 1, 'Ha T.'),
(75, 13, 'red', 3, 4021, 'lVIuDL', 1, 1, 'Kyle G.'),
(76, 13, 'blue', 1, 2039, '9xEkNl', 1, 1, 'Maggie T.'),
(77, 13, 'blue', 2, 1781, 'vGYNit', 1, 1, 'Anisha G.'),
(78, 13, 'blue', 3, 2022, 'DoWG4r', 1, 1, 'Sarah H.'),
(79, 14, 'red', 1, 4646, 'tkIvJo', 1, 1, 'Sarah M.'),
(80, 14, 'red', 2, 2481, 'vGYNit', 1, 1, 'Anisha G.'),
(81, 14, 'red', 3, 4156, 'DoWG4r', 1, 1, 'Sarah H.'),
(82, 14, 'blue', 1, 4213, 'U09KLW', 1, 1, 'Ha T.'),
(83, 14, 'blue', 2, 4655, 'lVIuDL', 1, 1, 'Kyle G.'),
(84, 14, 'blue', 3, 2169, '9xEkNl', 1, 1, 'Maggie T.'),
(85, 15, 'red', 1, 4212, 'vGYNit', 1, 1, 'Anisha G.'),
(86, 15, 'red', 2, 3352, 'U09KLW', 1, 1, 'Ha T.'),
(87, 15, 'red', 3, 4314, 'lVIuDL', 1, 1, 'Kyle G.'),
(88, 15, 'blue', 1, 5847, '9xEkNl', 1, 1, 'Maggie T.'),
(89, 15, 'blue', 2, 1625, 'DoWG4r', 1, 1, 'Sarah H.'),
(90, 15, 'blue', 3, 1756, 'tkIvJo', 1, 1, 'Sarah M.'),
(91, 16, 'red', 1, 1094, 'vGYNit', 1, 1, 'Anisha G.'),
(92, 16, 'red', 2, 5822, 'Sxxni4', 1, 1, 'Maggie T.'),
(93, 16, 'red', 3, 2709, 'tkIvJo', 1, 1, 'Sarah M.'),
(94, 16, 'blue', 1, 1038, 'DoWG4r', 1, 1, 'Sarah H.'),
(95, 16, 'blue', 2, 4143, 'U09KLW', 1, 1, 'Ha T.'),
(96, 16, 'blue', 3, 111, 'lVIuDL', 1, 1, 'Kyle G.'),
(97, 17, 'red', 1, 2039, 'vGYNit', 1, 1, 'Anisha G.'),
(98, 17, 'red', 2, 2040, 'lVIuDL', 1, 1, 'Kyle G.'),
(99, 17, 'red', 3, 2220, 'U09KLW', 1, 1, 'Ha T.'),
(100, 17, 'blue', 1, 2358, 'Sxxni4', 1, 1, 'Maggie T.'),
(101, 17, 'blue', 2, 5541, 'tkIvJo', 1, 1, 'Sarah M.'),
(102, 17, 'blue', 3, 2081, 'DoWG4r', 1, 1, 'Sarah H.'),
(103, 18, 'red', 1, 876, 'DoWG4r', 1, 1, 'Sarah H.'),
(104, 18, 'red', 2, 4213, 'lVIuDL', 1, 1, 'Kyle G.'),
(105, 18, 'red', 3, 1732, 'Sxxni4', 1, 1, 'Maggie T.'),
(106, 18, 'blue', 1, 3528, 'U09KLW', 1, 1, 'Ha T.'),
(107, 18, 'blue', 2, 4787, 'lxHmaj', 1, 1, 'Sarah M.'),
(108, 18, 'blue', 3, 1781, 'vGYNit', 1, 1, 'Anisha G.'),
(109, 19, 'red', 1, 1091, 'DoWG4r', 1, 1, 'Sarah H.'),
(110, 19, 'red', 2, 1736, 'lVIuDL', 1, 1, 'Kyle G.'),
(111, 19, 'red', 3, 4096, 'vGYNit', 1, 1, 'Anisha G.'),
(112, 19, 'blue', 1, 81, 'U09KLW', 1, 1, 'Ha T.'),
(113, 19, 'blue', 2, 5442, 'Sxxni4', 1, 1, 'Maggie T.'),
(114, 19, 'blue', 3, 4646, 'lxHmaj', 1, 1, 'Jay S.'),
(115, 20, 'red', 1, 2022, 'lVIuDL', 1, 1, 'Kyle G.'),
(116, 20, 'red', 2, 4021, 'U09KLW', 1, 1, 'Ha T.'),
(117, 20, 'red', 3, 93, 'vGYNit', 1, 1, 'Anisha G.'),
(118, 20, 'blue', 1, 4645, 'lxHmaj', 1, 1, 'Kavi N.'),
(119, 20, 'blue', 2, 2704, 'DoWG4r', 1, 1, 'Sarah H.'),
(120, 20, 'blue', 3, 4296, 'Sxxni4', 1, 1, 'Maggie T.'),
(121, 21, 'red', 1, 5847, 'lVIuDL', 1, 1, 'Kyle G.'),
(122, 21, 'red', 2, 2081, 'U09KLW', 1, 1, 'Ha T.'),
(123, 21, 'red', 3, 2040, 'vGYNit', 1, 1, 'Anisha G.'),
(124, 21, 'blue', 1, 1756, 'Sxxni4', 1, 1, 'Maggie T.'),
(125, 21, 'blue', 2, 876, 'lxHmaj', 1, 1, 'Kavi N.'),
(126, 21, 'blue', 3, 2220, 'DoWG4r', 1, 1, 'Sarah H.'),
(127, 22, 'red', 1, 1736, 'lxHmaj', 1, 1, 'Kavi N.'),
(128, 22, 'red', 2, 4143, 'Sxxni4', 1, 1, 'Maggie T.'),
(129, 22, 'red', 3, 2481, 'DoWG4r', 1, 1, 'Sarah H.'),
(130, 22, 'blue', 1, 5442, 'U09KLW', 1, 1, 'Ha T.'),
(131, 22, 'blue', 2, 4212, 'vGYNit', 1, 1, 'Anisha G.'),
(132, 22, 'blue', 3, 1732, 'lVIuDL', 1, 1, 'Kyle G.'),
(133, 23, 'red', 1, 1038, 'vGYNit', 1, 1, 'Kyle G.'),
(134, 23, 'red', 2, 2704, 'DoWG4r', 1, 1, 'Sarah H.'),
(135, 23, 'red', 3, 1091, '', 0, 0, ''),
(136, 23, 'blue', 1, 4787, '', 0, 0, ''),
(137, 23, 'blue', 2, 2022, 'tkIvJo', 1, 1, 'Rahi M.'),
(138, 23, 'blue', 3, 111, 'wusL24', 1, 1, 'Jay S.'),
(139, 24, 'red', 1, 4156, 'wusL24', 1, 1, 'Maggie T.'),
(140, 24, 'red', 2, 2039, 'tkIvJo', 1, 1, 'Rahi M.'),
(141, 24, 'red', 3, 5822, '', 0, 0, ''),
(142, 24, 'blue', 1, 4646, 'vGYNit', 1, 1, 'Kyle G.'),
(143, 24, 'blue', 2, 93, 'DoWG4r', 1, 1, 'Sarah H.'),
(144, 24, 'blue', 3, 4314, 'ZklxHm', 1, 1, 'Kavi N.'),
(145, 25, 'red', 1, 3528, 'vGYNit', 1, 1, 'Kyle G.'),
(146, 25, 'red', 2, 4645, 'tkIvJo', 1, 1, 'Rahi M.'),
(147, 25, 'red', 3, 4096, 'DoWG4r', 1, 1, 'Sarah H.'),
(148, 25, 'blue', 1, 2358, 'ZklxHm', 1, 1, 'Isandro M.'),
(149, 25, 'blue', 2, 3352, 'wusL24', 1, 1, 'Maggie T.'),
(150, 25, 'blue', 3, 2709, 'lxHmaj', 1, 1, 'Tori A.'),
(151, 26, 'red', 1, 81, 'lxHmaj', 1, 1, 'Omeed M.'),
(152, 26, 'red', 2, 1094, 'wusL24', 1, 1, 'Maggie T.'),
(153, 26, 'red', 3, 4655, 'vGYNit', 1, 1, 'Kyle G.'),
(154, 26, 'blue', 1, 4296, 'ZklxHm', 1, 1, 'Isandro M.'),
(155, 26, 'blue', 2, 1625, 'tkIvJo', 1, 1, 'Rahi M.'),
(156, 26, 'blue', 3, 2169, 'DoWG4r', 1, 1, 'Sarah H.'),
(157, 27, 'red', 1, 4021, 'tkIvJo', 1, 1, 'Rahi M.'),
(158, 27, 'red', 2, 1781, 'vGYNit', 1, 1, 'Kyle G.'),
(159, 27, 'red', 3, 4646, 'DoWG4r', 1, 1, 'Sarah H.'),
(160, 27, 'blue', 1, 5541, 'lxHmaj', 1, 1, 'Omeed M.'),
(161, 27, 'blue', 2, 4213, 'ZklxHm', 1, 1, 'Isandro M.'),
(162, 27, 'blue', 3, 2220, 'wusL24', 1, 1, 'Maggie T.'),
(163, 28, 'red', 1, 4645, 'DoWG4r', 1, 1, 'Sarah H.'),
(164, 28, 'red', 2, 4314, 'wusL24', 1, 1, 'Maggie T.'),
(165, 28, 'red', 3, 4143, '', 0, 0, ''),
(166, 28, 'blue', 1, 4212, 'tkIvJo', 1, 1, 'Anisha G.'),
(167, 28, 'blue', 2, 876, 'ZklxHm', 1, 1, 'Isandro M.'),
(168, 28, 'blue', 3, 2040, 'vGYNit', 1, 1, 'Kyle G.'),
(169, 29, 'red', 1, 2709, '', 0, 0, ''),
(170, 29, 'red', 2, 2039, 'vGYNit', 1, 1, 'Kyle G.'),
(171, 29, 'red', 3, 4296, 'tkIvJo', 1, 1, 'Anisha G.'),
(172, 29, 'blue', 1, 1094, 'ZklxHm', 1, 1, 'Isandro M.'),
(173, 29, 'blue', 2, 1732, 'lxHmaj', 1, 1, 'Rahi M.'),
(174, 29, 'blue', 3, 1091, 'wusL24', 1, 1, 'Maggie T.'),
(175, 30, 'red', 1, 111, 'wusL24', 1, 1, 'Maggie T.'),
(176, 30, 'red', 2, 2358, 'lxHmaj', 1, 1, 'Rahi M.'),
(177, 30, 'red', 3, 4213, 'Sxxni4', 1, 1, 'Sarah H.'),
(178, 30, 'blue', 1, 4021, 'vGYNit', 1, 1, 'Kyle G.'),
(179, 30, 'blue', 2, 1736, 'lVIuDL', 1, 1, 'Isandro M.'),
(180, 30, 'blue', 3, 1756, 'tkIvJo', 1, 1, 'Anisha G.'),
(181, 31, 'red', 1, 1625, 'Sxxni4', 1, 1, 'Alexandre G.'),
(182, 31, 'red', 2, 5822, 'wusL24', 1, 1, 'Maggie T.'),
(183, 31, 'red', 3, 2081, 'vGYNit', 1, 1, 'Kyle G.'),
(184, 31, 'blue', 1, 2169, 'lVIuDL', 1, 1, 'Isandro M.'),
(185, 31, 'blue', 2, 5442, 'lxHmaj', 1, 1, 'Rahi M.'),
(186, 31, 'blue', 3, 2022, 'tkIvJo', 1, 1, 'Anisha G.'),
(187, 32, 'red', 1, 4655, 'tkIvJo', 1, 1, 'Anisha G.'),
(188, 32, 'red', 2, 5847, 'vGYNit', 1, 1, 'Kyle G.'),
(189, 32, 'red', 3, 3528, 'Sxxni4', 1, 1, 'Alexandre G.'),
(190, 32, 'blue', 1, 4096, 'lxHmaj', 1, 1, 'Sarah H.'),
(191, 32, 'blue', 2, 5541, 'wusL24', 1, 1, 'Maggie T.'),
(192, 32, 'blue', 3, 4787, 'lVIuDL', 1, 1, 'Ha T.'),
(193, 33, 'red', 1, 4156, 'lVIuDL', 1, 1, 'Ha T.'),
(194, 33, 'red', 2, 93, 'Sxxni4', 1, 1, 'Kavi N.'),
(195, 33, 'red', 3, 2704, 'lxHmaj', 1, 1, 'Sarah H.'),
(196, 33, 'blue', 1, 1038, 'vGYNit', 1, 1, 'Kyle G.'),
(197, 33, 'blue', 2, 1781, 'tkIvJo', 1, 1, 'Anisha G.'),
(198, 33, 'blue', 3, 81, 'wusL24', 1, 1, 'Maggie T.'),
(199, 34, 'red', 1, 2481, 'tkIvJo', 1, 1, 'Anisha G.'),
(200, 34, 'red', 2, 1094, 'vGYNit', 1, 1, 'Kyle G.'),
(201, 34, 'red', 3, 2220, 'lVIuDL', 1, 1, 'Ha T.'),
(202, 34, 'blue', 1, 3352, 'Sxxni4', 1, 1, 'Kavi N.'),
(203, 34, 'blue', 2, 1091, 'wusL24', 1, 1, 'Maggie T.'),
(204, 34, 'blue', 3, 5822, 'lxHmaj', 1, 1, 'Sarah H.'),
(205, 35, 'red', 1, 4296, 'tkIvJo', 1, 1, 'Anisha G.'),
(206, 35, 'red', 2, 4213, 'Sxxni4', 1, 1, 'Kavi N.'),
(207, 35, 'red', 3, 3528, 'vGYNit', 1, 1, 'Kyle G.'),
(208, 35, 'blue', 1, 111, 'lVIuDL', 1, 1, 'Ha T.'),
(209, 35, 'blue', 2, 1625, 'lxHmaj', 1, 1, 'Sarah H.'),
(210, 35, 'blue', 3, 2039, 'wusL24', 1, 1, 'Maggie T.'),
(211, 36, 'red', 1, 4645, 'wusL24', 1, 1, 'Maggie T.'),
(212, 36, 'red', 2, 5541, 'Sxxni4', 1, 1, 'Kavi N.'),
(213, 36, 'red', 3, 2169, 'lVIuDL', 1, 1, 'Ha T.'),
(214, 36, 'blue', 1, 2704, 'vGYNit', 1, 1, 'Kyle G.'),
(215, 36, 'blue', 2, 4212, 'lxHmaj', 1, 1, 'Sarah H.'),
(216, 36, 'blue', 3, 2081, 'tkIvJo', 1, 1, 'Anisha G.'),
(217, 37, 'red', 1, 1781, 'wusL24', 1, 1, 'Maggie T.'),
(218, 37, 'red', 2, 876, 'lxHmaj', 1, 1, 'Sarah H.'),
(219, 37, 'red', 3, 4096, 'lVIuDL', 1, 1, 'Ha T.'),
(220, 37, 'blue', 1, 1756, 'tkIvJo', 1, 1, 'Tori A.'),
(221, 37, 'blue', 2, 2022, 'vGYNit', 1, 1, 'Kyle G.'),
(222, 37, 'blue', 3, 2481, 'Sxxni4', 1, 1, 'Rahi M.'),
(223, 38, 'red', 1, 4787, '', 0, 0, ''),
(224, 38, 'red', 2, 81, 'lxHmaj', 1, 1, 'Sarah H.'),
(225, 38, 'red', 3, 93, 'wusL24', 1, 1, 'Maggie T.'),
(226, 38, 'blue', 1, 4143, 'vGYNit', 1, 1, 'Kyle G.'),
(227, 38, 'blue', 2, 4646, 'Sxxni4', 1, 1, 'Rahi M.'),
(228, 38, 'blue', 3, 2358, 'lVIuDL', 1, 1, 'Ha T.'),
(229, 39, 'red', 1, 5442, 'lVIuDL', 1, 1, 'Ha T.'),
(230, 39, 'red', 2, 1736, 'lxHmaj', 1, 1, 'Sarah H.'),
(231, 39, 'red', 3, 5847, 'Sxxni4', 1, 1, 'Rahi M.'),
(232, 39, 'blue', 1, 4156, 'tkIvJo', 1, 1, 'Anisha G.'),
(233, 39, 'blue', 2, 2709, 'vGYNit', 1, 1, 'Kyle G.'),
(234, 39, 'blue', 3, 4314, 'wusL24', 1, 1, 'Maggie T.'),
(235, 40, 'red', 1, 2040, 'vGYNit', 1, 1, 'Kyle G.'),
(236, 40, 'red', 2, 4655, 'wusL24', 1, 1, 'Maggie T.'),
(237, 40, 'red', 3, 3352, 'Sxxni4', 1, 1, 'Rahi M.'),
(238, 40, 'blue', 1, 1038, 'tkIvJo', 1, 1, 'Anisha G.'),
(239, 40, 'blue', 2, 1732, 'lVIuDL', 1, 1, 'Ha T.'),
(240, 40, 'blue', 3, 4021, 'lxHmaj', 1, 1, 'Sarah H.'),
(241, 41, 'red', 1, 111, 'vGYNit', 1, 1, 'Kyle G.'),
(242, 41, 'red', 2, 1091, 'Sxxni4', 1, 1, 'Rahi M.'),
(243, 41, 'red', 3, 4646, 'wusL24', 1, 1, 'Maggie T.'),
(244, 41, 'blue', 1, 876, 'lVIuDL', 1, 1, 'Ha T.'),
(245, 41, 'blue', 2, 2081, 'tkIvJo', 1, 1, 'Anisha G.'),
(246, 41, 'blue', 3, 2481, 'lxHmaj', 1, 1, 'Sarah H.'),
(247, 42, 'red', 1, 4212, 'tkIvJo', 1, 1, 'Anisha G.'),
(248, 42, 'red', 2, 81, 'lVIuDL', 1, 1, 'Ha T.'),
(249, 42, 'red', 3, 4156, 'vGYNit', 1, 1, 'Kyle G.'),
(250, 42, 'blue', 1, 2022, 'wusL24', 1, 1, 'Maggie T.'),
(251, 42, 'blue', 2, 1094, 'lxHmaj', 1, 1, 'Sarah H.'),
(252, 42, 'blue', 3, 2358, 'Sxxni4', 1, 1, 'Rahi M.'),
(253, 43, 'red', 1, 4655, 'Sxxni4', 1, 1, 'Rahi M.'),
(254, 43, 'red', 2, 4787, 'vGYNit', 1, 1, 'Jay S.'),
(255, 43, 'red', 3, 2709, 'tkIvJo', 1, 1, 'Anisha G.'),
(256, 43, 'blue', 1, 2040, 'lxHmaj', 1, 1, 'Sarah H.'),
(257, 43, 'blue', 2, 5822, 'lVIuDL', 1, 1, 'Ha T.'),
(258, 43, 'blue', 3, 2704, 'wusL24', 1, 1, 'Maggie T.'),
(259, 44, 'red', 1, 4296, 'vGYNit', 1, 1, 'Kyle G.'),
(260, 44, 'red', 2, 4143, '9xEkNl', 1, 1, 'Sarah M.'),
(261, 44, 'red', 3, 5847, 'lVIuDL', 1, 1, 'Ha T.'),
(262, 44, 'blue', 1, 1736, 'wusL24', 1, 1, 'Maggie T.'),
(263, 44, 'blue', 2, 3352, 'Sxxni4', 1, 1, 'Isandro M.'),
(264, 44, 'blue', 3, 1781, 'tkIvJo', 1, 1, 'Anisha G.'),
(265, 45, 'red', 1, 4213, 'lVIuDL', 1, 1, 'Ha T.'),
(266, 45, 'red', 2, 2039, 'vGYNit', 1, 1, 'Kyle G.'),
(267, 45, 'red', 3, 1756, '9xEkNl', 1, 1, 'Sarah M.'),
(268, 45, 'blue', 1, 4645, 'tkIvJo', 1, 1, 'Anisha G.'),
(269, 45, 'blue', 2, 1038, 'wusL24', 1, 1, 'Maggie T.'),
(270, 45, 'blue', 3, 5442, 'Sxxni4', 1, 1, 'Isandro M.'),
(271, 46, 'red', 1, 1732, '', 0, 0, ''),
(272, 46, 'red', 2, 4314, 'vGYNit', 1, 1, 'Kyle G.'),
(273, 46, 'red', 3, 5541, '9xEkNl', 1, 1, 'Sarah M.'),
(274, 46, 'blue', 1, 4096, 'lVIuDL', 1, 1, 'Ha T.'),
(275, 46, 'blue', 2, 4021, 'wusL24', 1, 1, 'Maggie T.'),
(276, 46, 'blue', 3, 2169, 'Sxxni4', 1, 1, 'Isandro M.'),
(277, 47, 'red', 1, 93, 'tkIvJo', 1, 1, 'Rima R.'),
(278, 47, 'red', 2, 2220, 'vGYNit', 1, 1, 'Kyle G.'),
(279, 47, 'red', 3, 1781, 'lVIuDL', 1, 1, 'Ha T.'),
(280, 47, 'blue', 1, 1625, 'Sxxni4', 1, 1, 'Isandro M.'),
(281, 47, 'blue', 2, 3528, 'wusL24', 1, 1, 'Maggie T.'),
(282, 47, 'blue', 3, 2709, '', 0, 0, ''),
(283, 48, 'red', 1, 2040, 'tkIvJo', 1, 1, 'Jay S.'),
(284, 48, 'red', 2, 4296, 'vGYNit', 1, 1, 'Kyle G.'),
(285, 48, 'red', 3, 4156, 'wusL24', 1, 1, 'Rima R.'),
(286, 48, 'blue', 1, 4213, '9xEkNl', 1, 1, 'Sarah M.'),
(287, 48, 'blue', 2, 3352, 'Sxxni4', 1, 1, 'Isandro M.'),
(288, 48, 'blue', 3, 2481, 'lVIuDL', 1, 1, 'Ha T.'),
(289, 49, 'red', 1, 81, 'tkIvJo', 1, 1, 'Jay S.'),
(290, 49, 'red', 2, 2081, 'wusL24', 1, 1, 'Maggie T.'),
(291, 49, 'red', 3, 4021, 'vGYNit', 1, 1, 'Kyle G.'),
(292, 49, 'blue', 1, 4787, 'lVIuDL', 1, 1, 'Ha T.'),
(293, 49, 'blue', 2, 5847, '9xEkNl', 1, 1, 'Sarah M.'),
(294, 49, 'blue', 3, 5822, 'Sxxni4', 1, 1, 'Isandro M.'),
(295, 50, 'red', 1, 2220, 'Sxxni4', 1, 1, 'Omeed M.'),
(296, 50, 'red', 2, 1038, 'tkIvJo', 1, 1, 'Jay S.'),
(297, 50, 'red', 3, 2022, 'vGYNit', 1, 1, 'Kyle G.'),
(298, 50, 'blue', 1, 1736, '9xEkNl', 1, 1, 'Sarah M.'),
(299, 50, 'blue', 2, 4314, 'wusL24', 1, 1, 'Maggie T.'),
(300, 50, 'blue', 3, 2169, 'lVIuDL', 1, 1, 'Ha T.'),
(301, 51, 'red', 1, 4212, 'Sxxni4', 1, 1, 'Omeed M.'),
(302, 51, 'red', 2, 1756, '9xEkNl', 1, 1, 'Kavi N.'),
(303, 51, 'red', 3, 4655, 'd8UxOU', 1, 1, 'Maggie T.'),
(304, 51, 'blue', 1, 93, 'lxHmaj', 1, 1, 'Ha T.'),
(305, 51, 'blue', 2, 2039, 'lVIuDL', 1, 1, 'Anisha G.'),
(306, 51, 'blue', 3, 3528, 'tkIvJo', 1, 1, 'Sarah M.'),
(307, 52, 'red', 1, 2358, 'Sxxni4', 1, 1, 'Omeed M.'),
(308, 52, 'red', 2, 876, 'tkIvJo', 1, 1, 'Sarah M.'),
(309, 52, 'red', 3, 2704, 'd8UxOU', 1, 1, 'Maggie T.'),
(310, 52, 'blue', 1, 1732, 'lxHmaj', 1, 1, 'Ha T.'),
(311, 52, 'blue', 2, 4646, 'lVIuDL', 1, 1, 'Anisha G.'),
(312, 52, 'blue', 3, 1625, '9xEkNl', 1, 1, 'Kavi N.'),
(313, 53, 'red', 1, 4143, '9xEkNl', 1, 1, 'Kavi N.'),
(314, 53, 'red', 2, 5442, 'd8UxOU', 1, 1, 'Maggie T.'),
(315, 53, 'red', 3, 5541, 'Sxxni4', 1, 1, 'Omeed M.'),
(316, 53, 'blue', 1, 1094, 'tkIvJo', 1, 1, 'Sarah M.'),
(317, 53, 'blue', 2, 4645, 'lxHmaj', 1, 1, 'Ha T.'),
(318, 53, 'blue', 3, 111, 'lVIuDL', 1, 1, 'Anisha G.'),
(319, 54, 'red', 1, 4096, '9xEkNl', 1, 1, 'Kavi N.'),
(320, 54, 'red', 2, 5847, 'Sxxni4', 1, 1, 'Omeed M.'),
(321, 54, 'red', 3, 3352, 'lxHmaj', 1, 1, 'Ha T.'),
(322, 54, 'blue', 1, 1091, 'VyIXgW', 1, 1, 'Sarah M.'),
(323, 54, 'blue', 2, 93, 'lVIuDL', 1, 1, 'Anisha G.'),
(324, 54, 'blue', 3, 2040, 'tkIvJo', 1, 1, 'Maggie T.'),
(325, 55, 'red', 1, 1736, 'Sxxni4', 1, 1, 'Omeed M.'),
(326, 55, 'red', 2, 4787, 'lVIuDL', 1, 1, 'Anisha G.'),
(327, 55, 'red', 3, 2081, 'VyIXgW', 1, 1, 'Sarah M.'),
(328, 55, 'blue', 1, 2481, 'tkIvJo', 1, 1, 'Maggie T.'),
(329, 55, 'blue', 2, 1625, '9xEkNl', 1, 1, 'Kavi N.'),
(330, 55, 'blue', 3, 1781, 'lxHmaj', 1, 1, 'Ha T.'),
(331, 56, 'red', 1, 2220, 'tkIvJo', 1, 1, 'Maggie T.'),
(332, 56, 'red', 2, 5442, 'VyIXgW', 1, 1, 'Sarah M.'),
(333, 56, 'red', 3, 111, '9xEkNl', 1, 1, 'Kavi N.'),
(334, 56, 'blue', 1, 1732, 'Sxxni4', 1, 1, 'Omeed M.'),
(335, 56, 'blue', 2, 4645, 'lVIuDL', 1, 1, 'Anisha G.'),
(336, 56, 'blue', 3, 4655, 'lxHmaj', 1, 1, 'Ha T.'),
(337, 57, 'red', 1, 4212, '9xEkNl', 1, 1, 'Maggie T.'),
(338, 57, 'red', 2, 2358, 'lVIuDL', 1, 1, 'Rima R.'),
(339, 57, 'red', 3, 1038, 'tkIvJo', 1, 1, 'Tori A.'),
(340, 57, 'blue', 1, 4296, 'VyIXgW', 1, 1, 'Sarah M.'),
(341, 57, 'blue', 2, 4096, 'lxHmaj', 1, 1, 'Ha T.'),
(342, 57, 'blue', 3, 5822, 'Sxxni4', 1, 1, 'Elizabeth S.'),
(343, 58, 'red', 1, 81, 'lVIuDL', 1, 1, 'Rima R.'),
(344, 58, 'red', 2, 1091, 'Sxxni4', 1, 1, 'Elizabeth S.'),
(345, 58, 'red', 3, 2709, 'VyIXgW', 1, 1, 'Sarah M.'),
(346, 58, 'blue', 1, 4314, 'tkIvJo', 1, 1, 'Maia V.'),
(347, 58, 'blue', 2, 4021, 'lxHmaj', 1, 1, 'Ha T.'),
(348, 58, 'blue', 3, 4213, '9xEkNl', 1, 1, 'Maggie T.'),
(349, 59, 'red', 1, 1094, 'lxHmaj', 1, 1, 'Ha T.'),
(350, 59, 'red', 2, 2039, 'lVIuDL', 1, 1, 'Rima R.'),
(351, 59, 'red', 3, 5541, 'Sxxni4', 1, 1, 'Elizabeth S.'),
(352, 59, 'blue', 1, 4156, 'VyIXgW', 1, 1, 'Anisha G.'),
(353, 59, 'blue', 2, 2022, '9xEkNl', 1, 1, 'Maggie T.'),
(354, 59, 'blue', 3, 876, 'tkIvJo', 1, 1, 'Maia V.'),
(355, 60, 'red', 1, 4646, '', 0, 0, ''),
(356, 60, 'red', 2, 2704, 'lVIuDL', 1, 1, 'Sarah M.'),
(357, 60, 'red', 3, 2169, 'lxHmaj', 1, 1, 'Ha T.'),
(358, 60, 'blue', 1, 4143, '9xEkNl', 1, 1, 'Maggie T.'),
(359, 60, 'blue', 2, 3528, 'tkIvJo', 1, 1, 'Tori A.'),
(360, 60, 'blue', 3, 1756, 'VyIXgW', 1, 1, 'Anisha G.'),
(361, 61, 'red', 1, 4212, '', 0, 0, ''),
(362, 61, 'red', 2, 5822, '', 0, 0, ''),
(363, 61, 'red', 3, 111, '', 0, 0, ''),
(364, 61, 'blue', 1, 2040, '', 0, 0, ''),
(365, 61, 'blue', 2, 4096, '', 0, 0, ''),
(366, 61, 'blue', 3, 4213, '', 0, 0, ''),
(367, 62, 'red', 1, 876, '', 0, 0, ''),
(368, 62, 'red', 2, 4645, '', 0, 0, ''),
(369, 62, 'red', 3, 5847, '', 0, 0, ''),
(370, 62, 'blue', 1, 1736, '', 0, 0, ''),
(371, 62, 'blue', 2, 4655, '', 0, 0, ''),
(372, 62, 'blue', 3, 1038, '', 0, 0, ''),
(373, 63, 'red', 1, 1094, '', 0, 0, ''),
(374, 63, 'red', 2, 4296, '', 0, 0, ''),
(375, 63, 'red', 3, 1756, '', 0, 0, ''),
(376, 63, 'blue', 1, 2220, '', 0, 0, ''),
(377, 63, 'blue', 2, 4787, '', 0, 0, ''),
(378, 63, 'blue', 3, 4156, '', 0, 0, ''),
(379, 64, 'red', 1, 4021, '', 0, 0, ''),
(380, 64, 'red', 2, 3528, '', 0, 0, ''),
(381, 64, 'red', 3, 5541, '', 0, 0, ''),
(382, 64, 'blue', 1, 5442, '', 0, 0, ''),
(383, 64, 'blue', 2, 93, '', 0, 0, ''),
(384, 64, 'blue', 3, 2481, '', 0, 0, ''),
(385, 65, 'red', 1, 4143, '', 0, 0, ''),
(386, 65, 'red', 2, 1781, '', 0, 0, ''),
(387, 65, 'red', 3, 2169, '', 0, 0, ''),
(388, 65, 'blue', 1, 1091, '', 0, 0, ''),
(389, 65, 'blue', 2, 4314, '', 0, 0, ''),
(390, 65, 'blue', 3, 2358, '', 0, 0, ''),
(391, 66, 'red', 1, 1732, '', 0, 0, ''),
(392, 66, 'red', 2, 2081, '', 0, 0, ''),
(393, 66, 'red', 3, 2039, '', 0, 0, ''),
(394, 66, 'blue', 1, 81, '', 0, 0, ''),
(395, 66, 'blue', 2, 2704, '', 0, 0, ''),
(396, 66, 'blue', 3, 3352, '', 0, 0, ''),
(397, 67, 'red', 1, 1625, '', 0, 0, ''),
(398, 67, 'red', 2, 2022, '', 0, 0, ''),
(399, 67, 'red', 3, 4212, '', 0, 0, ''),
(400, 67, 'blue', 1, 2709, '', 0, 0, ''),
(401, 67, 'blue', 2, 4646, '', 0, 0, ''),
(402, 67, 'blue', 3, 5847, '', 0, 0, ''),
(403, 68, 'red', 1, 1739, 'tkIvJo', 1, 1, 'Sarah M.'),
(404, 69, 'red', 1, 4191, 'vGYNit', 1, 1, 'Kyle G.'),
(405, 70, 'red', 1, 3110, 'Sxxni4', 1, 1, 'Kate F.'),
(406, 71, 'red', 1, 3390, 'ZklxHm', 1, 1, 'Ha T.'),
(407, 72, 'red', 1, 291, 'ZklxHm', 1, 1, 'Ha T.'),
(408, 73, 'red', 1, 111, 'tkIvJo', 1, 1, 'Sarah M.'),
(409, 74, 'red', 1, 4655, 'ZklxHm', 1, 1, 'Ha T.'),
(410, 75, 'red', 1, 5847, 'vGYNit', 1, 1, 'Kyle G.'),
(411, 76, 'red', 1, 4329, 'ZklxHm', 1, 1, 'Ha T.'),
(412, 77, 'red', 1, 1756, 'vGYNit', 1, 1, 'Kyle G.'),
(413, 78, 'red', 1, 2709, 'vGYNit', 1, 1, 'Kyle G.'),
(414, 79, 'red', 1, 5350, 'vGYNit', 1, 1, 'Kyle G.'),
(415, 80, 'red', 1, 2781, 'vGYNit', 1, 1, 'Kyle G.'),
(416, 81, 'red', 1, 111, 'j8JFUM', 1, 1, 'Sarah H.'),
(417, 82, 'red', 1, 2151, 'tkIvJo', 1, 1, 'Neha A.'),
(418, 83, 'red', 1, 4096, 'lVIuDL', 1, 1, 'Sarah M.'),
(419, 84, 'red', 1, 6237, 'ZklxHm', 1, 1, 'Ha T.'),
(420, 85, 'red', 1, 2451, 'ZklxHm', 1, 1, 'Ha T.'),
(421, 86, 'red', 1, 1739, 'vGYNit', 1, 1, 'Kyle G.'),
(422, 87, 'red', 1, 2781, 'vGYNit', 1, 1, 'Kyle G.'),
(423, 88, 'red', 1, 5125, 'vGYNit', 1, 1, 'Kyle G.'),
(424, 89, 'red', 1, 111, 'vGYNit', 1, 1, 'Kyle G.'),
(425, 90, 'red', 1, 3488, 'ZklxHm', 1, 1, 'Anna O.'),
(426, 91, 'red', 1, 4979, 'vGYNit', 1, 1, 'Kyle G.'),
(427, 92, 'red', 1, 2725, 'vGYNit', 1, 1, 'Kyle G.'),
(428, 93, 'red', 1, 379, 'vGYNit', 1, 1, 'Kyle G.'),
(429, 94, 'red', 1, 111, 'vGYNit', 1, 1, 'Kyle G.'),
(430, 95, 'red', 1, 4329, 'vGYNit', 1, 1, 'Kyle G.'),
(431, 96, 'red', 1, 931, 'lVIuDL', 1, 1, 'Nishant S.'),
(432, 97, 'red', 1, 1739, 'd8UxOU', 1, 1, 'Jay S.'),
(433, 98, 'red', 1, 4191, 'vGYNit', 1, 1, 'Kyle G.'),
(434, 99, 'red', 1, 4096, 'ZklxHm', 1, 1, 'Sadie K.'),
(435, 100, 'red', 1, 3067, 'vGYNit', 1, 1, 'Kyle G.'),
(436, 101, 'red', 1, 5125, 'j8JFUM', 1, 1, 'Neha A.'),
(437, 102, 'red', 1, 2136, 'vGYNit', 1, 1, 'Kyle G.'),
(438, 103, 'red', 1, 4702, 'vGYNit', 1, 1, 'Kyle G.'),
(439, 104, 'red', 1, 2338, 'vGYNit', 1, 1, 'Kyle G.'),
(440, 105, 'red', 1, 4241, 'vGYNit', 1, 1, 'Kyle G.'),
(441, 106, 'red', 1, 4191, 'vGYNit', 1, 1, 'Kyle G.'),
(442, 107, 'red', 1, 2022, 'vGYNit', 1, 1, 'Kyle G.'),
(443, 108, 'red', 1, 5125, 'vGYNit', 1, 1, 'Kyle G.'),
(444, 109, 'red', 1, 2709, 'vGYNit', 1, 1, 'Kyle G.'),
(445, 110, 'red', 1, 1781, 'd8UxOU', 1, 1, 'Anna O.'),
(446, 111, 'red', 1, 1850, 'vGYNit', 1, 1, 'Jay S.'),
(447, 112, 'red', 1, 3110, 'q8Epk3', 1, 1, 'Sarah M.'),
(448, 113, 'red', 1, 379, 'lVIuDL', 1, 1, 'Roman M.'),
(449, 114, 'red', 1, 1736, 'vGYNit', 1, 1, 'Kyle G.'),
(450, 115, 'red', 1, 6237, 'vGYNit', 1, 1, 'Kyle G.'),
(451, 116, 'red', 1, 4241, 'vGYNit', 1, 1, 'Kyle G.'),
(452, 117, 'red', 1, 1739, 'vGYNit', 1, 1, 'Kyle G.'),
(453, 118, 'red', 1, 4247, 'vGYNit', 1, 1, 'Kyle G.'),
(454, 119, 'red', 1, 5934, 'vGYNit', 1, 1, 'Kyle G.'),
(455, 120, 'red', 1, 3695, 'vGYNit', 1, 1, 'Kyle G.'),
(456, 121, 'red', 1, 1756, 'vGYNit', 1, 1, 'Kyle G.'),
(457, 122, 'red', 1, 2338, 'vGYNit', 1, 1, 'Kyle G.'),
(458, 123, 'red', 1, 4676, '', 0, 0, ''),
(459, 124, 'red', 1, 2062, '', 0, 0, ''),
(460, 125, 'red', 1, 4241, 'vGYNit', 1, 1, 'Kyle G.'),
(461, 126, 'red', 1, 1736, 'vGYNit', 1, 1, 'Kyle G.'),
(462, 127, 'red', 1, 4296, 'vGYNit', 1, 1, 'Kyle G.'),
(463, 128, 'red', 1, 101, 'j8JFUM', 1, 1, 'Sarah H.'),
(464, 129, 'red', 1, 5934, 'tkIvJo', 1, 1, 'Nishant S.'),
(465, 130, 'red', 1, 4096, 'VyIXgW', 1, 1, 'Kashyap J.'),
(466, 131, 'red', 1, 1736, 'Ezv2E5', 1, 1, 'Roman M.'),
(467, 132, 'red', 1, 4292, 'Gsenvh', 1, 1, 'Anisha G.'),
(468, 133, 'red', 1, 1781, 'tkIvJo', 1, 1, 'Nishant S.'),
(469, 134, 'red', 1, 3695, 'Ezv2E5', 1, 1, 'Roman M.'),
(470, 135, 'red', 1, 1739, '', 0, 0, ''),
(471, 136, 'red', 1, 111, 'j8JFUM', 1, 1, 'Sarah H.'),
(472, 137, 'red', 1, 3135, 'd8UxOU', 1, 1, 'Jay S.'),
(473, 138, 'red', 1, 171, 'VyIXgW', 1, 1, 'Kashyap J.'),
(474, 139, 'red', 1, 101, 'VyIXgW', 1, 1, 'Kashyap J.'),
(475, 140, 'red', 1, 4655, 'q8Epk3', 1, 1, 'Sarah H.'),
(476, 141, 'red', 1, 2781, 'VyIXgW', 1, 1, 'Kashyap J.'),
(477, 142, 'red', 1, 4292, 'tkIvJo', 1, 1, 'Nishant S.'),
(478, 143, 'red', 1, 6237, 'tkIvJo', 1, 1, 'Nishant S.'),
(479, 144, 'red', 1, 4247, 'q8Epk3', 1, 1, 'Sarah H.'),
(480, 145, 'red', 1, 4676, '', 0, 0, ''),
(481, 146, 'red', 1, 3390, '', 0, 0, ''),
(482, 147, 'red', 1, 2725, '', 0, 0, ''),
(483, 148, 'red', 1, 4787, '', 0, 0, ''),
(484, 149, 'red', 1, 3067, '', 0, 0, ''),
(485, 150, 'red', 1, 2039, '', 0, 0, ''),
(486, 151, 'red', 1, 101, '', 0, 0, ''),
(487, 152, 'red', 1, 291, '', 0, 0, ''),
(488, 153, 'red', 1, 3135, '', 0, 0, ''),
(489, 154, 'red', 1, 379, '', 0, 0, ''),
(490, 68, 'red', 2, 4143, 'vGYNit', 1, 1, 'Kyle G.'),
(491, 69, 'red', 2, 2781, 'tkIvJo', 1, 1, 'Sarah M.'),
(492, 70, 'red', 2, 1756, 'vGYNit', 1, 1, 'Kyle G.'),
(493, 71, 'red', 2, 3135, 'vGYNit', 1, 1, 'Kyle G.'),
(494, 72, 'red', 2, 5350, '', 0, 0, ''),
(495, 73, 'red', 2, 375, 'vGYNit', 1, 1, 'Kyle G.'),
(496, 74, 'red', 2, 3695, 'Sxxni4', 1, 1, 'Kate F.'),
(497, 75, 'red', 2, 3067, 'ZklxHm', 1, 1, 'Ha T.'),
(498, 76, 'red', 2, 2704, 'vGYNit', 1, 1, 'Kyle G.'),
(499, 77, 'red', 2, 4143, 'Sxxni4', 1, 1, 'Anna O.'),
(500, 78, 'red', 2, 1736, 'Sxxni4', 1, 1, 'Anna O.'),
(501, 79, 'red', 2, 171, 'tkIvJo', 1, 1, 'Neha A.'),
(502, 80, 'red', 2, 4979, 'ZklxHm', 1, 1, 'Ha T.'),
(503, 81, 'red', 2, 101, 'Sxxni4', 1, 1, 'Anna O.'),
(504, 82, 'red', 2, 4702, 'vGYNit', 1, 1, 'Kyle G.'),
(505, 83, 'red', 2, 2704, 'tkIvJo', 1, 1, 'Neha A.'),
(506, 84, 'red', 2, 2136, 'j8JFUM', 1, 1, 'Sarah H.'),
(507, 85, 'red', 2, 4143, 'vGYNit', 1, 1, 'Kyle G.'),
(508, 86, 'red', 2, 2338, 'tkIvJo', 1, 1, 'Anisha G.'),
(509, 87, 'red', 2, 4655, '9xEkNl', 1, 1, 'Anisha G.'),
(510, 88, 'red', 2, 3695, 'lVIuDL', 1, 1, 'Kashyap J.'),
(511, 89, 'red', 2, 2039, '9xEkNl', 1, 1, 'Anisha G.'),
(512, 90, 'red', 2, 5822, 'vGYNit', 1, 1, 'Kyle G.'),
(513, 91, 'red', 2, 2062, 'lVIuDL', 1, 1, 'Kate F.'),
(514, 92, 'red', 2, 4787, 'j8JFUM', 1, 1, 'Sarah M.'),
(515, 93, 'red', 2, 2136, 'lVIuDL', 1, 1, 'Ha T.'),
(516, 94, 'red', 2, 1625, 'ZklxHm', 1, 1, 'Anna O.'),
(517, 95, 'red', 2, 2709, 'j8JFUM', 1, 1, 'Sarah M.'),
(518, 96, 'red', 2, 4787, 'vGYNit', 1, 1, 'Kyle G.'),
(519, 97, 'red', 2, 2725, 'vGYNit', 1, 1, 'Kyle G.'),
(520, 98, 'red', 2, 4702, 'd8UxOU', 1, 1, 'Jay S.'),
(521, 99, 'red', 2, 6237, 'vGYNit', 1, 1, 'Kyle G.'),
(522, 100, 'red', 2, 4645, 'Ezv2E5', 1, 1, 'Anisha G.'),
(523, 101, 'red', 2, 3110, 'lVIuDL', 1, 1, 'Tori A.'),
(524, 102, 'red', 2, 291, 'lVIuDL', 1, 1, 'Roman M.'),
(525, 103, 'red', 2, 375, 'lVIuDL', 1, 1, 'Roman M.'),
(526, 104, 'red', 2, 3061, 'ZklxHm', 1, 1, 'Sadie K.'),
(527, 105, 'red', 2, 5847, 'd8UxOU', 1, 1, 'Anna O.'),
(528, 106, 'red', 2, 5822, 'ZklxHm', 1, 1, 'Sadie K.'),
(529, 107, 'red', 2, 3390, 'Ezv2E5', 1, 1, 'Anisha G.'),
(530, 108, 'red', 2, 2451, 'ZklxHm', 1, 1, 'Sadie K.'),
(531, 109, 'red', 2, 4292, 'd8UxOU', 1, 1, 'Anna O.'),
(532, 110, 'red', 2, 3352, 'vGYNit', 1, 1, 'Kyle G.'),
(533, 111, 'red', 2, 4655, 'Gsenvh', 1, 1, 'Anisha G.'),
(534, 112, 'red', 2, 3067, 'vGYNit', 1, 1, 'Jay S.'),
(535, 113, 'red', 2, 4296, 'vGYNit', 1, 1, 'Kyle G.'),
(536, 114, 'red', 2, 5822, 'Ml1Q6e', 1, 1, 'Sadie K.'),
(537, 115, 'red', 2, 1781, 'Ml1Q6e', 1, 1, 'Sadie K.'),
(538, 116, 'red', 2, 4787, 'Gsenvh', 1, 1, 'Anisha G.'),
(539, 117, 'red', 2, 1850, 'lVIuDL', 1, 1, 'Kashyap J.'),
(540, 118, 'red', 2, 5125, '', 0, 0, ''),
(541, 119, 'red', 2, 931, 'Ml1Q6e', 1, 1, 'Sadie K.'),
(542, 120, 'red', 2, 3061, 'd8UxOU', 1, 1, 'Anna O.'),
(543, 121, 'red', 2, 1739, 'Gsenvh', 1, 1, 'Anisha G.'),
(544, 122, 'red', 2, 291, 'd8UxOU', 1, 1, 'Anna O.'),
(545, 123, 'red', 2, 4655, 'd8UxOU', 1, 1, 'Anna O.'),
(546, 124, 'red', 2, 1781, '', 0, 0, ''),
(547, 125, 'red', 2, 4096, 'Gsenvh', 1, 1, 'Anisha G.'),
(548, 126, 'red', 2, 2704, 'Ml1Q6e', 1, 1, 'Kate F.'),
(549, 127, 'red', 2, 5350, 'tkIvJo', 1, 1, 'Tiye B.'),
(550, 128, 'red', 2, 931, 'Ezv2E5', 1, 1, 'Roman M.'),
(551, 129, 'red', 2, 2062, 'VyIXgW', 1, 1, 'Kashyap J.'),
(552, 130, 'red', 2, 3067, 'd8UxOU', 1, 1, 'Jay S.'),
(553, 131, 'red', 2, 3061, 'Gsenvh', 1, 1, 'Anna O.'),
(554, 132, 'red', 2, 2338, 'Ezv2E5', 1, 1, 'Roman M.'),
(555, 133, 'red', 2, 5847, 'Ezv2E5', 1, 1, 'Roman M.'),
(556, 134, 'red', 2, 4645, 'Gsenvh', 1, 1, 'Anisha G.'),
(557, 135, 'red', 2, 4143, '', 0, 0, ''),
(558, 136, 'red', 2, 2709, 'd8UxOU', 1, 1, 'Jay S.'),
(559, 137, 'red', 2, 4329, 'Gsenvh', 1, 1, 'Anisha G.'),
(560, 138, 'red', 2, 4241, 'tkIvJo', 1, 1, 'Nishant S.'),
(561, 139, 'red', 2, 3390, 'lVIuDL', 1, 1, 'Roman M.'),
(562, 140, 'red', 2, 2022, 'Gsenvh', 1, 1, 'Anisha G.'),
(563, 141, 'red', 2, 1625, 'd8UxOU', 1, 1, 'Sadie K.'),
(564, 142, 'red', 2, 3135, 'lVIuDL', 1, 1, 'Jay S.'),
(565, 143, 'red', 2, 5822, 'd8UxOU', 1, 1, 'Sadie K.'),
(566, 144, 'red', 2, 375, 'Gsenvh', 1, 1, 'Anna O.'),
(567, 145, 'red', 2, 2136, '', 0, 0, ''),
(568, 146, 'red', 2, 5847, '', 0, 0, ''),
(569, 147, 'red', 2, 171, '', 0, 0, ''),
(570, 148, 'red', 2, 4979, '', 0, 0, ''),
(571, 149, 'red', 2, 5125, '', 0, 0, ''),
(572, 150, 'red', 2, 4645, '', 0, 0, ''),
(573, 151, 'red', 2, 6237, '', 0, 0, ''),
(574, 152, 'red', 2, 4296, '', 0, 0, ''),
(575, 153, 'red', 2, 2338, '', 0, 0, ''),
(576, 154, 'red', 2, 4676, '', 0, 0, ''),
(577, 68, 'red', 3, 2022, 'ZklxHm', 1, 1, 'Ha T.'),
(578, 69, 'red', 3, 4241, 'Y0BAgc', 1, 1, 'Anisha G.'),
(579, 70, 'red', 3, 101, 'Y0BAgc', 1, 1, 'Anisha G.'),
(580, 71, 'red', 3, 3352, 'Sxxni4', 1, 1, 'Kate F.'),
(581, 72, 'red', 3, 3488, 'Sxxni4', 1, 1, 'Kate F.'),
(582, 73, 'red', 3, 2151, 'Sxxni4', 1, 1, 'Kate F.'),
(583, 74, 'red', 3, 171, 'vGYNit', 1, 1, 'Kyle G.'),
(584, 75, 'red', 3, 2062, 'j8JFUM', 1, 1, 'Sarah H.'),
(585, 76, 'red', 3, 3352, 'j8JFUM', 1, 1, 'Sarah H.'),
(586, 77, 'red', 3, 1625, 'lVIuDL', 1, 1, 'Anisha G.'),
(587, 78, 'red', 3, 3695, 'tkIvJo', 1, 1, 'Neha A.'),
(588, 79, 'red', 3, 4191, 'Sxxni4', 1, 1, 'Anna O.'),
(589, 80, 'red', 3, 931, 'j8JFUM', 1, 1, 'Sarah H.'),
(590, 81, 'red', 3, 4247, 'vGYNit', 1, 1, 'Kyle G.'),
(591, 82, 'red', 3, 4655, 'lVIuDL', 1, 1, 'Sarah M.'),
(592, 83, 'red', 3, 4676, 'vGYNit', 1, 1, 'Kyle G.'),
(593, 84, 'red', 3, 2725, 'vGYNit', 1, 1, 'Kyle G.'),
(594, 85, 'red', 3, 3061, 'lVIuDL', 1, 1, 'Neha A.'),
(595, 86, 'red', 3, 4296, 'lVIuDL', 1, 1, 'Neha A.'),
(596, 87, 'red', 3, 2704, 'Sxxni4', 1, 1, 'Anna O.'),
(597, 88, 'red', 3, 375, 'ZklxHm', 1, 1, 'Ha T.'),
(598, 89, 'red', 3, 2022, 'lVIuDL', 1, 1, 'Kashyap J.'),
(599, 90, 'red', 3, 2151, 'lVIuDL', 1, 1, 'Neha A.'),
(600, 91, 'red', 3, 4191, 'Ezv2E5', 1, 1, 'Ha T.'),
(601, 92, 'red', 3, 3352, 'd8UxOU', 1, 1, 'Jay S.'),
(602, 93, 'red', 3, 2451, 'd8UxOU', 1, 1, 'Sarah H.'),
(603, 94, 'red', 3, 4296, 'd8UxOU', 1, 1, 'Sarah H.'),
(604, 95, 'red', 3, 5822, 'd8UxOU', 1, 1, 'Jay S.'),
(605, 96, 'red', 3, 1850, 'ZklxHm', 1, 1, 'Anna O.'),
(606, 97, 'red', 3, 2451, 'ZklxHm', 1, 1, 'Anna O.'),
(607, 98, 'red', 3, 5934, 'lVIuDL', 1, 1, 'Nishant S.'),
(608, 99, 'red', 3, 379, 'lVIuDL', 1, 1, 'Nishant S.'),
(609, 100, 'red', 3, 4292, 'ZklxHm', 1, 1, 'Sadie K.'),
(610, 101, 'red', 3, 2039, 'vGYNit', 1, 1, 'Kyle G.'),
(611, 102, 'red', 3, 5934, 'd8UxOU', 1, 1, 'Jay S.'),
(612, 103, 'red', 3, 1756, 'Ezv2E5', 1, 1, 'Sarah M.'),
(613, 104, 'red', 3, 2725, 'lVIuDL', 1, 1, 'Tori A.'),
(614, 105, 'red', 3, 3110, '', 0, 0, ''),
(615, 106, 'red', 3, 3695, 'lVIuDL', 1, 1, 'Roman M.'),
(616, 107, 'red', 3, 2781, 'ZklxHm', 1, 1, 'Sadie K.'),
(617, 108, 'red', 3, 4979, 'lVIuDL', 1, 1, 'Roman M.'),
(618, 109, 'red', 3, 1625, 'ZklxHm', 1, 1, 'Sadie K.'),
(619, 110, 'red', 3, 4645, 'q8Epk3', 1, 1, 'Sarah H.'),
(620, 111, 'red', 3, 291, 'ZklxHm', 1, 1, 'Sadie K.'),
(621, 112, 'red', 3, 375, 'ZklxHm', 1, 1, 'Sadie K.'),
(622, 113, 'red', 3, 4979, 'd8UxOU', 1, 1, 'Anna O.'),
(623, 114, 'red', 3, 4676, 'd8UxOU', 1, 1, 'Anna O.'),
(624, 115, 'red', 3, 2151, 'd8UxOU', 1, 1, 'Anna O.'),
(625, 116, 'red', 3, 5350, 'd8UxOU', 1, 1, 'Anna O.'),
(626, 117, 'red', 3, 2039, 'Gsenvh', 1, 1, 'Anisha G.'),
(627, 118, 'red', 3, 4702, 'd8UxOU', 1, 1, 'Anna O.'),
(628, 119, 'red', 3, 4143, 'd8UxOU', 1, 1, 'Anna O.'),
(629, 120, 'red', 3, 1625, 'Ml1Q6e', 1, 1, 'Sadie K.'),
(630, 121, 'red', 3, 2709, 'lVIuDL', 1, 1, 'Kashyap J.'),
(631, 122, 'red', 3, 4247, 'Gsenvh', 1, 1, 'Anisha G.'),
(632, 123, 'red', 3, 6237, 'Ml1Q6e', 1, 1, 'Kate F.'),
(633, 124, 'red', 3, 3488, '', 0, 0, ''),
(634, 125, 'red', 3, 2022, 'lVIuDL', 1, 1, 'Kashyap J.'),
(635, 126, 'red', 3, 3135, 'Gsenvh', 1, 1, 'Neha A.'),
(636, 127, 'red', 3, 5847, 'Ml1Q6e', 1, 1, 'Kate F.'),
(637, 128, 'red', 3, 1739, 'Gsenvh', 1, 1, 'Anisha G.'),
(638, 129, 'red', 3, 2039, 'Ezv2E5', 1, 1, 'Roman M.'),
(639, 130, 'red', 3, 4979, 'Gsenvh', 1, 1, 'Anna O.'),
(640, 131, 'red', 3, 3488, 'VyIXgW', 1, 1, 'Kashyap J.'),
(641, 132, 'red', 3, 4329, 'j8JFUM', 1, 1, 'Sarah H.'),
(642, 133, 'red', 3, 2704, 'j8JFUM', 1, 1, 'Sarah H.'),
(643, 134, 'red', 3, 4676, 'tkIvJo', 1, 1, 'Nishant S.'),
(644, 135, 'red', 3, 2022, '', 0, 0, ''),
(645, 136, 'red', 3, 379, 'Ezv2E5', 1, 1, 'Roman M.'),
(646, 137, 'red', 3, 291, 'VyIXgW', 1, 1, 'Kashyap J.'),
(647, 138, 'red', 3, 2039, 'd8UxOU', 1, 1, 'Sadie K.'),
(648, 139, 'red', 3, 2062, 'q8Epk3', 1, 1, 'Sarah H.'),
(649, 140, 'red', 3, 2725, 'tkIvJo', 1, 1, 'Nishant S.'),
(650, 141, 'red', 3, 379, 'q8Epk3', 1, 1, 'Neha A.'),
(651, 142, 'red', 3, 4787, 'Gsenvh', 1, 1, 'Anna O.'),
(652, 143, 'red', 3, 1850, 'VyIXgW', 1, 1, 'Kashyap J.'),
(653, 144, 'red', 3, 4296, 'tkIvJo', 1, 1, 'Nishant S.'),
(654, 145, 'red', 3, 4143, 'Gsenvh', 0, 0, 'Anna O.'),
(655, 146, 'red', 3, 931, '', 0, 0, ''),
(656, 147, 'red', 3, 1756, '', 0, 0, ''),
(657, 148, 'red', 3, 1781, '', 0, 0, ''),
(658, 149, 'red', 3, 2136, '', 0, 0, ''),
(659, 150, 'red', 3, 4247, '', 0, 0, ''),
(660, 151, 'red', 3, 3061, '', 0, 0, ''),
(661, 152, 'red', 3, 1736, '', 0, 0, ''),
(662, 153, 'red', 3, 3488, '', 0, 0, ''),
(663, 154, 'red', 3, 4329, '', 0, 0, ''),
(664, 68, 'blue', 1, 5822, 'Y0BAgc', 1, 1, 'Anisha G.'),
(665, 69, 'blue', 1, 1850, 'ZklxHm', 1, 1, 'Ha T.'),
(666, 70, 'blue', 1, 4096, 'ZklxHm', 1, 1, 'Ha T.'),
(667, 71, 'blue', 1, 4676, 'Y0BAgc', 1, 1, 'Anisha G.'),
(668, 72, 'blue', 1, 1625, 'tkIvJo', 1, 1, 'Sarah M.'),
(669, 73, 'blue', 1, 3061, 'j8JFUM', 1, 1, 'Sarah H.'),
(670, 74, 'blue', 1, 1736, 'lVIuDL', 1, 1, 'Anisha G.'),
(671, 75, 'blue', 1, 5125, 'tkIvJo', 1, 1, 'Neha A.'),
(672, 76, 'blue', 1, 4787, '', 0, 0, ''),
(673, 77, 'blue', 1, 375, 'j8JFUM', 1, 1, 'Sarah H.'),
(674, 78, 'blue', 1, 1850, 'j8JFUM', 1, 1, 'Sarah H.'),
(675, 79, 'blue', 1, 3390, 'lVIuDL', 1, 1, 'Anisha G.'),
(676, 80, 'blue', 1, 3061, 'Sxxni4', 1, 1, 'Anna O.'),
(677, 81, 'blue', 1, 3067, 'lVIuDL', 1, 1, 'Sarah M.'),
(678, 82, 'blue', 1, 4329, 'Sxxni4', 1, 1, 'Anna O.'),
(679, 83, 'blue', 1, 4292, 'j8JFUM', 1, 1, 'Sarah H.'),
(680, 84, 'blue', 1, 379, 'Sxxni4', 1, 1, 'Anna O.'),
(681, 85, 'blue', 1, 1781, 'tkIvJo', 1, 1, 'Anisha G.'),
(682, 86, 'blue', 1, 4329, 'j8JFUM', 1, 1, 'Sadie K.'),
(683, 87, 'blue', 1, 3135, 'lVIuDL', 1, 1, 'Kashyap J.'),
(684, 88, 'blue', 1, 291, '', 0, 0, ''),
(685, 89, 'blue', 1, 4676, 'Sxxni4', 1, 1, 'Nishant S.'),
(686, 90, 'blue', 1, 2709, '', 0, 0, ''),
(687, 91, 'blue', 1, 6237, 'j8JFUM', 1, 1, 'Sarah M.'),
(688, 92, 'blue', 1, 171, 'ZklxHm', 1, 1, 'Anna O.'),
(689, 93, 'blue', 1, 4645, 'Ezv2E5', 1, 1, 'Neha A.'),
(690, 94, 'blue', 1, 3390, 'j8JFUM', 1, 1, 'Sarah M.'),
(691, 95, 'blue', 1, 2781, 'lVIuDL', 1, 1, 'Neha A.'),
(692, 96, 'blue', 1, 5847, 'Ezv2E5', 1, 1, 'Anisha G.'),
(693, 97, 'blue', 1, 2151, 'lVIuDL', 1, 1, 'Nishant S.'),
(694, 98, 'blue', 1, 1756, 'Ezv2E5', 1, 1, 'Anisha G.'),
(695, 99, 'blue', 1, 3488, 'd8UxOU', 1, 1, 'Jay S.'),
(696, 100, 'blue', 1, 2022, 'lVIuDL', 1, 1, 'Tori A.'),
(697, 101, 'blue', 1, 4241, 'd8UxOU', 1, 1, 'Sarah H.'),
(698, 102, 'blue', 1, 4676, '', 0, 0, ''),
(699, 103, 'blue', 1, 111, 'ZklxHm', 1, 1, 'Sadie K.'),
(700, 104, 'blue', 1, 5350, 'Ezv2E5', 1, 1, 'Sarah M.'),
(701, 105, 'blue', 1, 4143, 'j8JFUM', 1, 1, 'Sarah H.'),
(702, 106, 'blue', 1, 4655, 'Ezv2E5', 1, 1, 'Ha T.'),
(703, 107, 'blue', 1, 4787, 'd8UxOU', 1, 1, 'Anna O.'),
(704, 108, 'blue', 1, 3488, 'd8UxOU', 1, 1, 'Anna O.'),
(705, 109, 'blue', 1, 171, 'q8Epk3', 1, 1, 'Sarah H.'),
(706, 110, 'blue', 1, 2039, 'lVIuDL', 1, 1, 'Roman M.'),
(707, 111, 'blue', 1, 2151, 'lVIuDL', 1, 1, 'Roman M.'),
(708, 112, 'blue', 1, 2451, 'lVIuDL', 1, 1, 'Roman M.'),
(709, 113, 'blue', 1, 4292, 'q8Epk3', 1, 1, 'Ha T.'),
(710, 114, 'blue', 1, 101, 'Gsenvh', 1, 1, 'Anisha G.'),
(711, 115, 'blue', 1, 3135, 'Gsenvh', 1, 1, 'Anisha G.'),
(712, 116, 'blue', 1, 3352, 'lVIuDL', 1, 1, 'Kashyap J.'),
(713, 117, 'blue', 1, 111, 'd8UxOU', 1, 1, 'Anna O.'),
(714, 118, 'blue', 1, 2338, 'lVIuDL', 1, 1, 'Kashyap J.'),
(715, 119, 'blue', 1, 2725, 'Gsenvh', 1, 1, 'Neha A.'),
(716, 120, 'blue', 1, 4787, 'Gsenvh', 1, 1, 'Anisha G.'),
(717, 121, 'blue', 1, 4292, 'tkIvJo', 1, 1, 'Sarah H.'),
(718, 122, 'blue', 1, 5822, 'Ml1Q6e', 1, 1, 'Sadie K.'),
(719, 123, 'blue', 1, 3067, 'lVIuDL', 1, 1, 'Kashyap J.'),
(720, 124, 'blue', 1, 4329, '', 0, 0, ''),
(721, 125, 'blue', 1, 2151, 'Ml1Q6e', 1, 1, 'Kate F.'),
(722, 126, 'blue', 1, 4702, 'tkIvJo', 1, 1, 'Tiye B.'),
(723, 127, 'blue', 1, 375, 'd8UxOU', 1, 1, 'Anna O.'),
(724, 128, 'blue', 1, 171, 'Sxxni4', 1, 1, 'Kashyap J.'),
(725, 129, 'blue', 1, 3390, 'j8JFUM', 1, 1, 'Sarah H.'),
(726, 130, 'blue', 1, 1625, 'Ezv2E5', 1, 1, 'Roman M.'),
(727, 131, 'blue', 1, 3352, 'd8UxOU', 1, 1, 'Jay S.'),
(728, 132, 'blue', 1, 101, 'VyIXgW', 1, 1, 'Kashyap J.'),
(729, 133, 'blue', 1, 291, 'VyIXgW', 1, 1, 'Kashyap J.'),
(730, 134, 'blue', 1, 2725, 'j8JFUM', 1, 1, 'Sarah H.'),
(731, 135, 'blue', 1, 5822, '', 0, 0, ''),
(732, 136, 'blue', 1, 5125, 'tkIvJo', 1, 1, 'Nishant S.'),
(733, 137, 'blue', 1, 4296, 'q8Epk3', 1, 1, 'Sarah H.'),
(734, 138, 'blue', 1, 4702, 'Gsenvh', 1, 1, 'Anisha G.'),
(735, 139, 'blue', 1, 4979, 'Gsenvh', 1, 1, 'Anisha G.'),
(736, 140, 'blue', 1, 5125, 'd8UxOU', 1, 1, 'Sadie K.'),
(737, 141, 'blue', 1, 2151, 'Gsenvh', 1, 1, 'Anna O.'),
(738, 142, 'blue', 1, 2451, 'q8Epk3', 1, 1, 'Sarah H.'),
(739, 143, 'blue', 1, 3110, 'q8Epk3', 1, 1, 'Sarah H.'),
(740, 144, 'blue', 1, 1781, 'd8UxOU', 1, 1, 'Sadie K.'),
(741, 145, 'blue', 1, 2338, '', 0, 0, ''),
(742, 146, 'blue', 1, 4292, '', 0, 0, ''),
(743, 147, 'blue', 1, 111, '', 0, 0, ''),
(744, 148, 'blue', 1, 4241, '', 0, 0, ''),
(745, 149, 'blue', 1, 2704, '', 0, 0, ''),
(746, 150, 'blue', 1, 2151, '', 0, 0, ''),
(747, 151, 'blue', 1, 1625, '', 0, 0, ''),
(748, 152, 'blue', 1, 4096, '', 0, 0, ''),
(749, 153, 'blue', 1, 375, '', 0, 0, ''),
(750, 154, 'blue', 1, 3695, '', 0, 0, ''),
(751, 68, 'blue', 2, 2136, 'Sxxni4', 1, 1, 'Elizabeth S.'),
(752, 69, 'blue', 2, 4292, 'Sxxni4', 1, 1, 'Kate F.'),
(753, 70, 'blue', 2, 4247, 'tkIvJo', 1, 1, 'Sarah M.'),
(754, 71, 'blue', 2, 2709, 'tkIvJo', 1, 1, 'Sarah M.'),
(755, 72, 'blue', 2, 2039, 'Y0BAgc', 1, 1, 'Anisha G.'),
(756, 73, 'blue', 2, 4979, 'Y0BAgc', 1, 1, 'Anisha G.'),
(757, 74, 'blue', 2, 4645, 'tkIvJo', 1, 1, 'Sarah M.'),
(758, 75, 'blue', 2, 1781, 'Sxxni4', 1, 1, 'Kate F.'),
(759, 76, 'blue', 2, 6237, 'tkIvJo', 1, 1, 'Neha A.'),
(760, 77, 'blue', 2, 3135, 'ZklxHm', 1, 1, 'Ha T.'),
(761, 78, 'blue', 2, 2338, 'lVIuDL', 1, 1, 'Anisha G.'),
(762, 79, 'blue', 2, 5125, 'ZklxHm', 1, 1, 'Ha T.'),
(763, 80, 'blue', 2, 2062, 'tkIvJo', 1, 1, 'Neha A.'),
(764, 81, 'blue', 2, 4241, 'ZklxHm', 1, 1, 'Ha T.'),
(765, 82, 'blue', 2, 3110, 'j8JFUM', 1, 1, 'Sarah H.'),
(766, 83, 'blue', 2, 5822, 'ZklxHm', 1, 1, 'Ha T.'),
(767, 84, 'blue', 2, 4787, 'lVIuDL', 1, 1, 'Neha A.'),
(768, 85, 'blue', 2, 4247, 'Sxxni4', 1, 1, 'Anna O.'),
(769, 86, 'blue', 2, 1756, 'ZklxHm', 1, 1, 'Ha T.'),
(770, 87, 'blue', 2, 101, 'ZklxHm', 1, 1, 'Ha T.'),
(771, 88, 'blue', 2, 4096, 'Sxxni4', 1, 1, 'Neha A.'),
(772, 89, 'blue', 2, 1625, 'j8JFUM', 1, 1, 'Sadie K.'),
(773, 90, 'blue', 2, 4702, 'd8UxOU', 1, 1, 'Jay S.'),
(774, 91, 'blue', 2, 1736, 'ZklxHm', 1, 1, 'Anna O.'),
(775, 92, 'blue', 2, 1781, 'lVIuDL', 1, 1, 'Sarah H.'),
(776, 93, 'blue', 2, 4241, 'ZklxHm', 1, 1, 'Anna O.'),
(777, 94, 'blue', 2, 3695, 'Ezv2E5', 1, 1, 'Ha T.'),
(778, 95, 'blue', 2, 375, 'ZklxHm', 1, 1, 'Anna O.'),
(779, 96, 'blue', 2, 101, 'j8JFUM', 1, 1, 'Sarah H.'),
(780, 97, 'blue', 2, 2338, 'Ezv2E5', 1, 1, 'Anisha G.'),
(781, 98, 'blue', 2, 5350, 'ZklxHm', 1, 1, 'Sadie K.'),
(782, 99, 'blue', 2, 4247, 'j8JFUM', 1, 1, 'Sarah H.'),
(783, 100, 'blue', 2, 3352, 'd8UxOU', 1, 1, 'Jay S.'),
(784, 101, 'blue', 2, 3135, 'Ezv2E5', 1, 1, 'Anisha G.'),
(785, 102, 'blue', 2, 171, 'ZklxHm', 1, 1, 'Sadie K.'),
(786, 103, 'blue', 2, 2704, 'j8JFUM', 1, 1, 'Anna O.'),
(787, 104, 'blue', 2, 3067, 'j8JFUM', 1, 1, 'Sarah H.'),
(788, 105, 'blue', 2, 4329, 'lVIuDL', 1, 1, 'Roman M.'),
(789, 106, 'blue', 2, 931, 'j8JFUM', 1, 1, 'Sarah H.'),
(790, 107, 'blue', 2, 291, 'j8JFUM', 1, 1, 'Sarah H.'),
(791, 108, 'blue', 2, 4676, '', 0, 0, ''),
(792, 109, 'blue', 2, 2136, 'lVIuDL', 1, 1, 'Roman M.'),
(793, 110, 'blue', 2, 101, 'ZklxHm', 1, 1, 'Sadie K.'),
(794, 111, 'blue', 2, 1756, 'd8UxOU', 1, 1, 'Anna O.'),
(795, 112, 'blue', 2, 3390, 'd8UxOU', 1, 1, 'Anna O.'),
(796, 113, 'blue', 2, 171, 'ZklxHm', 1, 1, 'Sadie K.'),
(797, 114, 'blue', 2, 4329, 'lVIuDL', 1, 1, 'Kashyap J.'),
(798, 115, 'blue', 2, 3695, 'q8Epk3', 1, 1, 'Tori A.'),
(799, 116, 'blue', 2, 2062, 'q8Epk3', 1, 1, 'Sarah H.'),
(800, 117, 'blue', 2, 4096, 'Ml1Q6e', 1, 1, 'Sadie K.'),
(801, 118, 'blue', 2, 2781, 'Ml1Q6e', 1, 1, 'Sadie K.'),
(802, 119, 'blue', 2, 3488, 'lVIuDL', 1, 1, 'Kashyap J.'),
(803, 120, 'blue', 2, 4191, 'lVIuDL', 1, 1, 'Kashyap J.'),
(804, 121, 'blue', 2, 2039, 'Ml1Q6e', 1, 1, 'Sadie K.'),
(805, 122, 'blue', 2, 3352, 'tkIvJo', 1, 1, 'Sarah H.'),
(806, 123, 'blue', 2, 4143, 'Gsenvh', 1, 1, 'Anisha G.'),
(807, 124, 'blue', 2, 1850, '', 0, 0, ''),
(808, 125, 'blue', 2, 5934, 'd8UxOU', 1, 1, 'Anna O.'),
(809, 126, 'blue', 2, 379, 'd8UxOU', 1, 1, 'Anna O.'),
(810, 127, 'blue', 2, 2136, 'lVIuDL', 1, 1, 'Kashyap J.'),
(811, 128, 'blue', 2, 5125, 'tkIvJo', 1, 1, 'Nishant S.'),
(812, 129, 'blue', 2, 5822, 'd8UxOU', 1, 1, 'Jay S.'),
(813, 130, 'blue', 2, 4787, 'j8JFUM', 1, 1, 'Sarah H.'),
(814, 131, 'blue', 2, 1756, 'j8JFUM', 1, 1, 'Sarah H.'),
(815, 132, 'blue', 2, 171, 'd8UxOU', 1, 1, 'Jay S.'),
(816, 133, 'blue', 2, 2781, 'Gsenvh', 1, 1, 'Anisha G.'),
(817, 134, 'blue', 2, 4241, 'VyIXgW', 1, 1, 'Kashyap J.'),
(818, 135, 'blue', 2, 2136, '', 0, 0, ''),
(819, 136, 'blue', 2, 4191, 'VyIXgW', 1, 1, 'Kashyap J.'),
(820, 137, 'blue', 2, 5934, 'tkIvJo', 1, 1, 'Nishant S.'),
(821, 138, 'blue', 2, 2704, '', 0, 0, ''),
(822, 139, 'blue', 2, 1756, 'd8UxOU', 1, 1, 'Sadie K.'),
(823, 140, 'blue', 2, 5847, 'lVIuDL', 1, 1, 'Roman M.'),
(824, 141, 'blue', 2, 931, 'lVIuDL', 1, 1, 'Roman M.'),
(825, 142, 'blue', 2, 3488, 'VyIXgW', 1, 1, 'Kashyap J.'),
(826, 143, 'blue', 2, 4645, 'lVIuDL', 1, 1, 'Roman M.'),
(827, 144, 'blue', 2, 1736, 'VyIXgW', 1, 1, 'Kashyap J.'),
(828, 145, 'blue', 2, 4096, '', 0, 0, ''),
(829, 146, 'blue', 2, 4702, '', 0, 0, ''),
(830, 147, 'blue', 2, 5822, '', 0, 0, ''),
(831, 148, 'blue', 2, 1739, '', 0, 0, ''),
(832, 149, 'blue', 2, 3110, '', 0, 0, ''),
(833, 150, 'blue', 2, 4329, '', 0, 0, ''),
(834, 151, 'blue', 2, 5934, '', 0, 0, ''),
(835, 152, 'blue', 2, 2709, '', 0, 0, ''),
(836, 153, 'blue', 2, 2062, '', 0, 0, ''),
(837, 154, 'blue', 2, 5350, '', 0, 0, ''),
(838, 68, 'blue', 3, 4702, 'qoMTbl', 1, 0, 'Tori A.'),
(839, 69, 'blue', 3, 4296, 'j8JFUM', 1, 1, 'Sarah H.'),
(840, 70, 'blue', 3, 2725, 'j8JFUM', 1, 1, 'Sarah H.'),
(841, 71, 'blue', 3, 931, 'j8JFUM', 1, 1, 'Sarah H.'),
(842, 72, 'blue', 3, 2338, 'j8JFUM', 1, 1, 'Sarah H.'),
(843, 73, 'blue', 3, 5934, 'ZklxHm', 1, 1, 'Ha T.'),
(844, 74, 'blue', 3, 2451, 'j8JFUM', 1, 1, 'Sarah H.'),
(845, 75, 'blue', 3, 379, 'lVIuDL', 1, 1, 'Anisha G.'),
(846, 76, 'blue', 3, 2022, 'lVIuDL', 1, 1, 'Anisha G.'),
(847, 77, 'blue', 3, 1739, 'tkIvJo', 1, 1, 'Neha A.'),
(848, 78, 'blue', 3, 5934, 'ZklxHm', 1, 1, 'Ha T.'),
(849, 79, 'blue', 3, 3488, 'j8JFUM', 1, 1, 'Sarah H.'),
(850, 80, 'blue', 3, 4645, 'lVIuDL', 1, 1, 'Sarah M.'),
(851, 81, 'blue', 3, 291, 'tkIvJo', 1, 1, 'Neha A.'),
(852, 82, 'blue', 3, 4296, 'ZklxHm', 1, 1, 'Ha T.'),
(853, 83, 'blue', 3, 5847, 'Sxxni4', 1, 1, 'Anna O.'),
(854, 84, 'blue', 3, 2039, 'tkIvJo', 1, 1, 'Anisha G.'),
(855, 85, 'blue', 3, 3390, 'j8JFUM', 1, 1, 'Sadie K.'),
(856, 86, 'blue', 3, 931, 'Sxxni4', 1, 1, 'Anna O.'),
(857, 87, 'blue', 3, 5350, 'j8JFUM', 1, 1, 'Sadie K.'),
(858, 88, 'blue', 3, 4292, '9xEkNl', 1, 1, 'Anna O.'),
(859, 89, 'blue', 3, 3110, '', 0, 0, 'Ha T.'),
(860, 90, 'blue', 3, 3067, 'j8JFUM', 1, 1, 'Sarah M.'),
(861, 91, 'blue', 3, 5847, 'd8UxOU', 1, 1, 'Jay S.'),
(862, 92, 'blue', 3, 1850, 'Ezv2E5', 1, 1, 'Neha A.'),
(863, 93, 'blue', 3, 5934, 'j8JFUM', 1, 1, 'Sarah M.'),
(864, 94, 'blue', 3, 2704, '', 0, 0, ''),
(865, 95, 'blue', 3, 3061, 'Ezv2E5', 1, 1, 'Anisha G.'),
(866, 96, 'blue', 3, 4143, 'd8UxOU', 1, 1, 'Jay S.'),
(867, 97, 'blue', 3, 2062, 'j8JFUM', 1, 1, 'Sarah H.'),
(868, 98, 'blue', 3, 1781, 'j8JFUM', 1, 1, 'Sarah H.'),
(869, 99, 'blue', 3, 4655, 'Ezv2E5', 1, 1, 'Anisha G.'),
(870, 100, 'blue', 3, 1736, 'j8JFUM', 1, 1, 'Neha A.'),
(871, 101, 'blue', 3, 4979, 'ZklxHm', 1, 1, 'Sadie K.'),
(872, 102, 'blue', 3, 2062, 'j8JFUM', 1, 1, 'Neha A.'),
(873, 103, 'blue', 3, 6237, 'd8UxOU', 1, 1, 'Sarah H.'),
(874, 104, 'blue', 3, 379, 'd8UxOU', 1, 1, 'Anna O.'),
(875, 105, 'blue', 3, 1736, 'ZklxHm', 1, 1, 'Sadie K.'),
(876, 106, 'blue', 3, 3135, 'd8UxOU', 1, 1, 'Anna O.'),
(877, 107, 'blue', 3, 1739, 'lVIuDL', 1, 1, 'Roman M.'),
(878, 108, 'blue', 3, 4296, 'q8Epk3', 1, 1, 'Sarah H.'),
(879, 109, 'blue', 3, 4247, '', 0, 0, ''),
(880, 110, 'blue', 3, 4096, 'Gsenvh', 1, 1, 'Anisha G.'),
(881, 111, 'blue', 3, 3061, 'q8Epk3', 1, 1, 'Sarah M.'),
(882, 112, 'blue', 3, 4191, 'Gsenvh', 1, 1, 'Anisha G.'),
(883, 113, 'blue', 3, 2022, 'Gsenvh', 1, 1, 'Neha A.'),
(884, 114, 'blue', 3, 1625, 'q8Epk3', 1, 1, 'Ha T.'),
(885, 115, 'blue', 3, 2136, 'lVIuDL', 1, 1, 'Kashyap J.'),
(886, 116, 'blue', 3, 2709, 'Ml1Q6e', 1, 1, 'Sadie K.'),
(887, 117, 'blue', 3, 5847, 'tkIvJo', 1, 1, 'Sarah H.'),
(888, 118, 'blue', 3, 4645, 'Gsenvh', 1, 1, 'Neha A.'),
(889, 119, 'blue', 3, 2704, 'tkIvJo', 1, 1, 'Sarah H.'),
(890, 120, 'blue', 3, 3110, 'tkIvJo', 1, 1, 'Sarah H.'),
(891, 121, 'blue', 3, 2451, 'd8UxOU', 1, 1, 'Anna O.'),
(892, 122, 'blue', 3, 4979, 'lVIuDL', 1, 1, 'Kashyap J.'),
(893, 123, 'blue', 3, 2781, 'tkIvJo', 1, 1, 'Sarah H.'),
(894, 124, 'blue', 3, 111, '', 0, 0, ''),
(895, 125, 'blue', 3, 3390, 'tkIvJo', 1, 1, 'Tiye B.'),
(896, 126, 'blue', 3, 2725, 'lVIuDL', 1, 1, 'Kashyap J.'),
(897, 127, 'blue', 3, 4645, 'Gsenvh', 1, 1, 'Jay S.'),
(898, 128, 'blue', 3, 6237, 'd8UxOU', 1, 1, 'Jay S.'),
(899, 129, 'blue', 3, 4655, 'Gsenvh', 1, 1, 'Anisha G.'),
(900, 130, 'blue', 3, 4702, 'tkIvJo', 1, 1, 'Nishant S.'),
(901, 131, 'blue', 3, 2136, 'tkIvJo', 1, 1, 'Nishant S.'),
(902, 132, 'blue', 3, 2151, 'tkIvJo', 1, 1, 'Nishant S.'),
(903, 133, 'blue', 3, 3110, 'd8UxOU', 1, 1, 'Jay S.'),
(904, 134, 'blue', 3, 375, 'd8UxOU', 1, 1, 'Jay S.'),
(905, 135, 'blue', 3, 4702, '', 0, 0, ''),
(906, 136, 'blue', 3, 4143, 'Gsenvh', 1, 1, 'Anisha G.'),
(907, 137, 'blue', 3, 3067, 'Ezv2E5', 1, 1, 'Roman M.'),
(908, 138, 'blue', 3, 3061, 'lVIuDL', 1, 1, 'Roman M.'),
(909, 139, 'blue', 3, 3695, 'tkIvJo', 1, 1, 'Nishant S.'),
(910, 140, 'blue', 3, 2709, 'VyIXgW', 1, 1, 'Kashyap J.'),
(911, 141, 'blue', 3, 3352, 'tkIvJo', 1, 1, 'Nishant S.'),
(912, 142, 'blue', 3, 111, 'd8UxOU', 1, 1, 'Sadie K.'),
(913, 143, 'blue', 3, 5350, 'Gsenvh', 1, 1, 'Anna O.'),
(914, 144, 'blue', 3, 1739, 'lVIuDL', 1, 1, 'Roman M.'),
(915, 145, 'blue', 3, 4191, '', 0, 0, ''),
(916, 146, 'blue', 3, 3352, '', 0, 0, ''),
(917, 147, 'blue', 3, 2781, '', 0, 0, ''),
(918, 148, 'blue', 3, 4655, '', 0, 0, ''),
(919, 149, 'blue', 3, 1850, '', 0, 0, ''),
(920, 150, 'blue', 3, 4191, '', 0, 0, ''),
(921, 151, 'blue', 3, 2451, '', 0, 0, ''),
(922, 152, 'blue', 3, 4143, '', 0, 0, ''),
(923, 153, 'blue', 3, 2022, '', 0, 0, ''),
(924, 154, 'blue', 3, 1739, '', 0, 0, '');

-- --------------------------------------------------------

--
-- Table structure for table `teams`
--

CREATE TABLE IF NOT EXISTS `teams` (
  `teamNumber` int(11) NOT NULL,
  `teamName` varchar(255) NOT NULL,
  PRIMARY KEY (`teamNumber`)
) ENGINE=InnoDB DEFAULT CHARSET=latin1;

--
-- Dumping data for table `teams`
--

INSERT INTO `teams` (`teamNumber`, `teamName`) VALUES
(81, 'MetalHeads'),
(93, 'NEW Apple Corps'),
(101, 'Striker'),
(111, 'WildStang'),
(171, 'Cheese Curd Herd'),
(291, 'CIA - Creativity In Action'),
(375, 'Robotic Plague'),
(379, 'RoboCats'),
(876, 'Thunder Robotics'),
(931, 'Perpetual Chaos'),
(1038, 'Thunderhawks'),
(1091, 'Oriole Assault'),
(1094, 'Channel Cats'),
(1625, 'Winnovation'),
(1732, 'Hilltoppers'),
(1736, 'Robot Casserole'),
(1739, 'Chicago Knights'),
(1756, 'Argos'),
(1781, 'Electric Eagles'),
(1850, 'Mechanicats'),
(2022, 'Titan Robotics'),
(2039, 'Rockford Robotics'),
(2040, 'DERT'),
(2062, 'C.O.R.E 2062'),
(2081, 'Icarus'),
(2115, 'Nightmares'),
(2136, 'Impossible Mission Force'),
(2151, 'Monty Pythons'),
(2169, 'KING TeC'),
(2220, 'Blue Twilight'),
(2338, 'Gear It Forward'),
(2358, 'Bearbotics'),
(2451, 'PWNAGE'),
(2481, 'Roboteers'),
(2704, 'Order 2 Chaos'),
(2709, 'Iron Wolves'),
(2725, 'Ice Princesses'),
(2781, 'RoboPRIDE'),
(3061, 'Huskie Robotics'),
(3067, 'Robovikes'),
(3110, 'SeaBots'),
(3135, 'Robotic Colonels'),
(3352, 'Flaming Monkeys'),
(3390, 'ANATOLIAN EAGLEBOTS'),
(3488, 'RoboEAGLES'),
(3528, 'Up Next'),
(3695, 'Foximus Prime'),
(4021, 'igKnightion'),
(4096, 'Ctrl-Z'),
(4143, 'MARS/ WARS'),
(4156, 'Ninjaneers'),
(4191, 'IMC'),
(4212, 'Techno Ferrets'),
(4213, 'MetalCow Robotics'),
(4241, 'Joliet Cyborgs'),
(4247, 'CougarBots'),
(4292, 'PorterBots'),
(4296, 'Trident Robotics'),
(4302, 'Robophins'),
(4314, 'SUL Abe-Ro-Bots'),
(4329, 'Lutheran Roboteers'),
(4645, 'X-Machina'),
(4646, 'Team ASAP'),
(4655, 'Stateline Robotics'),
(4676, 'Battery Chargers'),
(4702, 'CyberDoggz'),
(4721, 'Tiger Bots'),
(4787, 'Axiom'),
(4979, 'DevilStorm Robotics'),
(5125, 'Hawks on the Horizon'),
(5350, 'Hope Robotics'),
(5442, 'Mechanical Monarchy'),
(5541, 'Shakopee Robotics'),
(5822, 'WolfByte'),
(5847, 'Ironclad'),
(5934, 'Crowbotics'),
(6237, 'Martin Motion');

-- --------------------------------------------------------

--
-- Table structure for table `zones`
--

CREATE TABLE IF NOT EXISTS `zones` (
  `id` int(11) NOT NULL AUTO_INCREMENT,
  `name` varchar(50) NOT NULL,
  PRIMARY KEY (`id`)
) ENGINE=InnoDB  DEFAULT CHARSET=latin1 AUTO_INCREMENT=8 ;

--
-- Dumping data for table `zones`
--

INSERT INTO `zones` (`id`, `name`) VALUES
(1, 'Blue Home'),
(2, 'Blue Secret Passage'),
(3, 'Blue Drop Zone'),
(4, 'Red Home'),
(5, 'Red Secret Passage'),
(6, 'Red Drop Zone'),
(7, 'Neutral Territory');

--
-- Constraints for dumped tables
--

--
-- Constraints for table `matchbreaches`
--
ALTER TABLE `matchbreaches`
  ADD CONSTRAINT `matchbreaches_ibfk_1` FOREIGN KEY (`teamMatchID`) REFERENCES `teammatches` (`id`),
  ADD CONSTRAINT `matchbreaches_ibfk_2` FOREIGN KEY (`defenseID`) REFERENCES `defenses` (`id`),
  ADD CONSTRAINT `matchbreaches_ibfk_3` FOREIGN KEY (`startZone`) REFERENCES `zones` (`id`),
  ADD CONSTRAINT `matchbreaches_ibfk_4` FOREIGN KEY (`endZone`) REFERENCES `zones` (`id`);

--
-- Constraints for table `matchclimbs`
--
ALTER TABLE `matchclimbs`
  ADD CONSTRAINT `matchclimbs_ibfk_1` FOREIGN KEY (`teamMatchID`) REFERENCES `teammatches` (`id`);

--
-- Constraints for table `matchdefenses`
--
ALTER TABLE `matchdefenses`
  ADD CONSTRAINT `matchdefenses_ibfk_1` FOREIGN KEY (`matchID`) REFERENCES `matches` (`id`);

--
-- Constraints for table `matches`
--
ALTER TABLE `matches`
  ADD CONSTRAINT `fk_compID` FOREIGN KEY (`compID`) REFERENCES `competitions` (`id`);

--
-- Constraints for table `matchfeeds`
--
ALTER TABLE `matchfeeds`
  ADD CONSTRAINT `matchfeeds_ibfk_1` FOREIGN KEY (`teamMatchID`) REFERENCES `teammatches` (`id`),
  ADD CONSTRAINT `matchfeeds_ibfk_2` FOREIGN KEY (`zoneID`) REFERENCES `zones` (`id`);

--
-- Constraints for table `matchshoots`
--
ALTER TABLE `matchshoots`
  ADD CONSTRAINT `matchshoots_ibfk_1` FOREIGN KEY (`teamMatchID`) REFERENCES `teammatches` (`id`);

--
-- Constraints for table `teammatches`
--
ALTER TABLE `teammatches`
  ADD CONSTRAINT `teammatches_ibfk_1` FOREIGN KEY (`teamNumber`) REFERENCES `teams` (`teamNumber`),
  ADD CONSTRAINT `teammatches_ibfk_2` FOREIGN KEY (`matchID`) REFERENCES `matches` (`id`);

/*!40101 SET CHARACTER_SET_CLIENT=@OLD_CHARACTER_SET_CLIENT */;
/*!40101 SET CHARACTER_SET_RESULTS=@OLD_CHARACTER_SET_RESULTS */;
/*!40101 SET COLLATION_CONNECTION=@OLD_COLLATION_CONNECTION */;
